{
  "type": "FeatureCollection",
  "features": [
    {
      "type": "Feature",
      "properties": {
        "city": "taipei",
        "id": "SA100-0002",
        "name": "臺北市立螢橋國民中學",
        "address": "汀州路三段四號",
        "type": "避難所",
        "flood": "Y",
        "earthquake": "備用",
        "debris_flow": "N",
        "tsunami": "N",
        "relief_station": "Y",
        "accessible": "Y",
        "indoor": "Y",
        "outdoor": "N",
        "service_village": "板溪里、網溪里、螢圃里、林興里、河堤里、頂東里、文盛里、富水里、水源里",
        "capacity": "52",
        "area": "209"
      },
      "geometry": {
        "type": "Point",
        "coordinates": [
          121.526422966982,
          25.019077996267
        ]
      }
    },
    {
      "type": "Feature",
      "properties": {
        "city": "taipei",
        "id": "SA100-0003",
        "name": "臺北市立大學附設實驗國民小學",
        "address": "公園路29號",
        "type": "避難所",
        "flood": "Y",
        "earthquake": "Y",
        "debris_flow": "N",
        "tsunami": "N",
        "relief_station": "Y",
        "accessible": "Y",
        "indoor": "Y",
        "outdoor": "N",
        "service_village": "黎明里、建國里、新營里、龍福里",
        "capacity": "157",
        "area": "1062"
      },
      "geometry": {
        "type": "Point",
        "coordinates": [
          121.515273359378,
          25.036332604958
        ]
      }
    },
    {
      "type": "Feature",
      "properties": {
        "city": "taipei",
        "id": "SA100-0004",
        "name": "臺北市立弘道國民中學",
        "address": "公園路21號",
        "type": "避難所",
        "flood": "Y",
        "earthquake": "Y",
        "debris_flow": "N",
        "tsunami": "N",
        "relief_station": "Y",
        "accessible": "Y",
        "indoor": "Y",
        "outdoor": "N",
        "service_village": "光復里、建國里、黎明里、東門里、龍福里、幸福里、文北里",
        "capacity": "130",
        "area": "520"
      },
      "geometry": {
        "type": "Point",
        "coordinates": [
          121.515295990517,
          25.037543999514
        ]
      }
    },
    {
      "type": "Feature",
      "properties": {
        "city": "taipei",
        "id": "SA100-0005",
        "name": "二二八和平公園",
        "address": "凱達格蘭大道3號",
        "type": "避難所",
        "flood": "Y",
        "earthquake": "Y",
        "debris_flow": "N",
        "tsunami": "N",
        "relief_station": "N",
        "accessible": "Y",
        "indoor": "N",
        "outdoor": "Y",
        "service_village": "全區",
        "capacity": "5424",
        "area": "21696"
      },
      "geometry": {
        "type": "Point",
        "coordinates": [
          121.515615005752,
          25.040268998146
        ]
      }
    },
    {
      "type": "Feature",
      "properties": {
        "city": "taipei",
        "id": "SA100-0006",
        "name": "臺北市中正運動中心",
        "address": "信義路一段1號",
        "type": "避難所",
        "flood": "Y",
        "earthquake": "備用",
        "debris_flow": "N",
        "tsunami": "N",
        "relief_station": "Y",
        "accessible": "N",
        "indoor": "Y",
        "outdoor": "N",
        "service_village": "東門里、文祥里、三愛里、文北里",
        "capacity": "250",
        "area": "2457.96"
      },
      "geometry": {
        "type": "Point",
        "coordinates": [
          121.519248979874,
          25.038259017765
        ]
      }
    },
    {
      "type": "Feature",
      "properties": {
        "city": "taipei",
        "id": "SA100-0007",
        "name": "臺北市立中正國民中學",
        "address": "愛國東路158號",
        "type": "避難所",
        "flood": "Y",
        "earthquake": "備用",
        "debris_flow": "N",
        "tsunami": "N",
        "relief_station": "Y",
        "accessible": "Y",
        "indoor": "Y",
        "outdoor": "N",
        "service_village": "新營里、文祥里、文北里、南福里",
        "capacity": "300",
        "area": "1800"
      },
      "geometry": {
        "type": "Point",
        "coordinates": [
          121.522153979876,
          25.032286995571
        ]
      }
    },
    {
      "type": "Feature",
      "properties": {
        "city": "taipei",
        "id": "SA100-0008",
        "name": "臺北市立第一女子高級中學",
        "address": "重慶南路一段165號",
        "type": "避難所",
        "flood": "Y",
        "earthquake": "備用",
        "debris_flow": "N",
        "tsunami": "N",
        "relief_station": "Y",
        "accessible": "Y",
        "indoor": "Y",
        "outdoor": "N",
        "service_village": "光復里、黎明里、建國里",
        "capacity": "60",
        "area": "500"
      },
      "geometry": {
        "type": "Point",
        "coordinates": [
          121.513014939387,
          25.038606405742
        ]
      }
    },
    {
      "type": "Feature",
      "properties": {
        "city": "taipei",
        "id": "SA100-0009",
        "name": "臺北市立古亭國民中學",
        "address": "中華路二段465號",
        "type": "避難所",
        "flood": "Y",
        "earthquake": "備用",
        "debris_flow": "N",
        "tsunami": "N",
        "relief_station": "Y",
        "accessible": "Y",
        "indoor": "Y",
        "outdoor": "N",
        "service_village": "永昌里、螢雪里、永功里、忠勤里、龍興里",
        "capacity": "60",
        "area": "1200"
      },
      "geometry": {
        "type": "Point",
        "coordinates": [
          121.510659037861,
          25.024653009616
        ]
      }
    },
    {
      "type": "Feature",
      "properties": {
        "city": "taipei",
        "id": "SA100-0010",
        "name": "臺北市立成功高級中學",
        "address": "濟南路一段71號",
        "type": "避難所",
        "flood": "Y",
        "earthquake": "備用",
        "debris_flow": "N",
        "tsunami": "N",
        "relief_station": "Y",
        "accessible": "Y",
        "indoor": "Y",
        "outdoor": "N",
        "service_village": "幸福里、文北里",
        "capacity": "31",
        "area": "300"
      },
      "geometry": {
        "type": "Point",
        "coordinates": [
          121.523831031063,
          25.042410993503
        ]
      }
    },
    {
      "type": "Feature",
      "properties": {
        "city": "taipei",
        "id": "SA100-0011",
        "name": "臺北市中正區忠孝國民小學",
        "address": "忠孝東路二段101號",
        "type": "避難所",
        "flood": "N",
        "earthquake": "備用",
        "debris_flow": "N",
        "tsunami": "N",
        "relief_station": "Y",
        "accessible": "Y",
        "indoor": "Y",
        "outdoor": "N",
        "service_village": "幸福里、幸市里、梅花里",
        "capacity": "30",
        "area": "54"
      },
      "geometry": {
        "type": "Point",
        "coordinates": [
          121.531750169365,
          25.042838680112
        ]
      }
    },
    {
      "type": "Feature",
      "properties": {
        "city": "taipei",
        "id": "SA100-0012",
        "name": "臺北市中正區東門國民小學",
        "address": "仁愛路一段2-4號",
        "type": "避難所",
        "flood": "Y",
        "earthquake": "備用",
        "debris_flow": "N",
        "tsunami": "N",
        "relief_station": "Y",
        "accessible": "Y",
        "indoor": "Y",
        "outdoor": "N",
        "service_village": "東門里、文北里、文祥里、梅花里、新營里、幸福里、南福里、三愛里",
        "capacity": "100",
        "area": "400"
      },
      "geometry": {
        "type": "Point",
        "coordinates": [
          121.520887390487,
          25.038682387694
        ]
      }
    },
    {
      "type": "Feature",
      "properties": {
        "city": "taipei",
        "id": "SA100-0013",
        "name": "臺北市中正區河堤國民小學",
        "address": "汀州路二段180號",
        "type": "避難所",
        "flood": "Y",
        "earthquake": "備用",
        "debris_flow": "N",
        "tsunami": "N",
        "relief_station": "Y",
        "accessible": "Y",
        "indoor": "Y",
        "outdoor": "N",
        "service_village": "河堤里、頂東里、板溪里、網溪里、螢圃里",
        "capacity": "72",
        "area": "216"
      },
      "geometry": {
        "type": "Point",
        "coordinates": [
          121.522651026734,
          25.023240994207
        ]
      }
    },
    {
      "type": "Feature",
      "properties": {
        "city": "taipei",
        "id": "SA100-0014",
        "name": "臺北市中正區南門國民小學",
        "address": "廣州街6號",
        "type": "避難所",
        "flood": "Y",
        "earthquake": "備用",
        "debris_flow": "N",
        "tsunami": "N",
        "relief_station": "Y",
        "accessible": "Y",
        "indoor": "Y",
        "outdoor": "N",
        "service_village": "愛國里、南門里、廈安里",
        "capacity": "30",
        "area": "100"
      },
      "geometry": {
        "type": "Point",
        "coordinates": [
          121.509093717443,
          25.035229881776
        ]
      }
    },
    {
      "type": "Feature",
      "properties": {
        "city": "taipei",
        "id": "SA100-0015",
        "name": "臺北市立南門國民中學",
        "address": "廣州街6號",
        "type": "避難所",
        "flood": "Y",
        "earthquake": "備用",
        "debris_flow": "N",
        "tsunami": "N",
        "relief_station": "Y",
        "accessible": "Y",
        "indoor": "Y",
        "outdoor": "N",
        "service_village": "南門里、愛國里、龍光里、龍興里、南福里、永功里、廈安里、龍福里",
        "capacity": "151",
        "area": "1512"
      },
      "geometry": {
        "type": "Point",
        "coordinates": [
          121.509093717443,
          25.035229881776
        ]
      }
    },
    {
      "type": "Feature",
      "properties": {
        "city": "taipei",
        "id": "SA100-0016",
        "name": "臺北市立建國高級中學",
        "address": "南海路56號",
        "type": "避難所",
        "flood": "N",
        "earthquake": "備用",
        "debris_flow": "N",
        "tsunami": "N",
        "relief_station": "Y",
        "accessible": "Y",
        "indoor": "Y",
        "outdoor": "N",
        "service_village": "龍光里、龍興里、南福里",
        "capacity": "300",
        "area": "2609"
      },
      "geometry": {
        "type": "Point",
        "coordinates": [
          121.512177419622,
          25.031210004832
        ]
      }
    },
    {
      "type": "Feature",
      "properties": {
        "city": "taipei",
        "id": "SA100-0017",
        "name": "臺北市國語實驗國民小學",
        "address": "南海路58號",
        "type": "避難所",
        "flood": "N",
        "earthquake": "備用",
        "debris_flow": "N",
        "tsunami": "N",
        "relief_station": "Y",
        "accessible": "Y",
        "indoor": "Y",
        "outdoor": "N",
        "service_village": "龍光里、龍興里、廈安里、龍福里、永功里",
        "capacity": "49",
        "area": "1442.23"
      },
      "geometry": {
        "type": "Point",
        "coordinates": [
          121.511018034774,
          25.030890989597
        ]
      }
    },
    {
      "type": "Feature",
      "properties": {
        "city": "taipei",
        "id": "SA100-0018",
        "name": "臺北市中正區螢橋國民小學",
        "address": "詔安街29號",
        "type": "避難所",
        "flood": "Y",
        "earthquake": "備用",
        "debris_flow": "N",
        "tsunami": "N",
        "relief_station": "Y",
        "accessible": "Y",
        "indoor": "Y",
        "outdoor": "N",
        "service_village": "螢雪里、永功里、永昌里、南福里、螢圃里",
        "capacity": "303",
        "area": "500"
      },
      "geometry": {
        "type": "Point",
        "coordinates": [
          121.514496021678,
          25.024906981282
        ]
      }
    },
    {
      "type": "Feature",
      "properties": {
        "city": "taipei",
        "id": "SA100-0019",
        "name": "中正紀念堂站",
        "address": "臺北市中正區羅斯福路1段8之1號B1",
        "type": "避難所",
        "flood": "Y",
        "earthquake": "N",
        "debris_flow": "N",
        "tsunami": "N",
        "relief_station": "Y",
        "accessible": "Y",
        "indoor": "Y",
        "outdoor": "N",
        "service_village": "全區",
        "capacity": "1974",
        "area": "7897"
      },
      "geometry": {
        "type": "Point",
        "coordinates": [
          121.518199314139,
          25.03247407965
        ]
      }
    },
    {
      "type": "Feature",
      "properties": {
        "city": "taipei",
        "id": "SA100-0020",
        "name": "古亭站",
        "address": "臺北市中正區羅斯福路2段164之1號B1",
        "type": "避難所",
        "flood": "Y",
        "earthquake": "N",
        "debris_flow": "N",
        "tsunami": "N",
        "relief_station": "Y",
        "accessible": "Y",
        "indoor": "Y",
        "outdoor": "N",
        "service_village": "全區",
        "capacity": "1828",
        "area": "7315"
      },
      "geometry": {
        "type": "Point",
        "coordinates": [
          121.523216972837,
          25.025577994541
        ]
      }
    },
    {
      "type": "Feature",
      "properties": {
        "city": "taipei",
        "id": "SA100-0021",
        "name": "台大醫院站",
        "address": "臺北市中正區公園路52號B1",
        "type": "避難所",
        "flood": "Y",
        "earthquake": "N",
        "debris_flow": "N",
        "tsunami": "N",
        "relief_station": "Y",
        "accessible": "Y",
        "indoor": "Y",
        "outdoor": "N",
        "service_village": "全區",
        "capacity": "1044",
        "area": "4176"
      },
      "geometry": {
        "type": "Point",
        "coordinates": [
          121.515810269501,
          25.04080850457
        ]
      }
    },
    {
      "type": "Feature",
      "properties": {
        "city": "taipei",
        "id": "SA100-0022",
        "name": "臺北市市場處光華數位新天地商場地下停車場",
        "address": "臺北市中正區市民大道三段8號",
        "type": "避難所",
        "flood": "N",
        "earthquake": "N",
        "debris_flow": "N",
        "tsunami": "N",
        "relief_station": "Y",
        "accessible": "Y",
        "indoor": "Y",
        "outdoor": "N",
        "service_village": "全區",
        "capacity": "375",
        "area": "1500"
      },
      "geometry": {
        "type": "Point",
        "coordinates": [
          121.532082008911,
          25.04519701239
        ]
      }
    },
    {
      "type": "Feature",
      "properties": {
        "city": "taipei",
        "id": "SA100-0023",
        "name": "西門站",
        "address": "臺北市中正區寶慶路32之1號B1",
        "type": "避難所",
        "flood": "Y",
        "earthquake": "N",
        "debris_flow": "N",
        "tsunami": "N",
        "relief_station": "Y",
        "accessible": "Y",
        "indoor": "Y",
        "outdoor": "N",
        "service_village": "全區",
        "capacity": "2974",
        "area": "11898"
      },
      "geometry": {
        "type": "Point",
        "coordinates": [
          121.509101009699,
          25.041667015777
        ]
      }
    },
    {
      "type": "Feature",
      "properties": {
        "city": "taipei",
        "id": "SA100-0024",
        "name": "臺北市忠義實驗國民小學",
        "address": "臺北市中正區中華路二段307巷17號",
        "type": "避難所",
        "flood": "N",
        "earthquake": "備用",
        "debris_flow": "N",
        "tsunami": "N",
        "relief_station": "N",
        "accessible": "Y",
        "indoor": "Y",
        "outdoor": "N",
        "service_village": "忠勤里",
        "capacity": "50",
        "area": "200"
      },
      "geometry": {
        "type": "Point",
        "coordinates": [
          121.506205984161,
          25.029618993881
        ]
      }
    },
    {
      "type": "Feature",
      "properties": {
        "city": "taipei",
        "id": "SA100-0025",
        "name": "臺北市立圖書館王貫英紀念館",
        "address": "臺北市中正區汀州路二段265號",
        "type": "避難所",
        "flood": "N",
        "earthquake": "N",
        "debris_flow": "N",
        "tsunami": "N",
        "relief_station": "Y",
        "accessible": "Y",
        "indoor": "Y",
        "outdoor": "N",
        "service_village": "頂東里",
        "capacity": "256",
        "area": "1024"
      },
      "geometry": {
        "type": "Point",
        "coordinates": [
          121.523818961123,
          25.022636994264
        ]
      }
    },
    {
      "type": "Feature",
      "properties": {
        "city": "taipei",
        "id": "SA100-0026",
        "name": "臺北市立圖書館城中分館",
        "address": "臺北市中正區濟南路二段46號3樓",
        "type": "避難所",
        "flood": "Y",
        "earthquake": "N",
        "debris_flow": "N",
        "tsunami": "N",
        "relief_station": "Y",
        "accessible": "Y",
        "indoor": "Y",
        "outdoor": "N",
        "service_village": "全區",
        "capacity": "30",
        "area": "120"
      },
      "geometry": {
        "type": "Point",
        "coordinates": [
          121.530903010411,
          25.040315014795
        ]
      }
    },
    {
      "type": "Feature",
      "properties": {
        "city": "taipei",
        "id": "SA103-0001",
        "name": "臺北市大同區延平國小",
        "address": "昌吉街97號",
        "type": "避難所",
        "flood": "Y",
        "earthquake": "備用",
        "debris_flow": "N",
        "tsunami": "N",
        "relief_station": "Y",
        "accessible": "Y",
        "indoor": "Y",
        "outdoor": "N",
        "service_village": "國順里、鄰江里、國慶里、隆和里、隆和里",
        "capacity": "88",
        "area": "352"
      },
      "geometry": {
        "type": "Point",
        "coordinates": [
          121.512383027706,
          25.066055001256
        ]
      }
    },
    {
      "type": "Feature",
      "properties": {
        "city": "taipei",
        "id": "SA103-0002\r\n",
        "name": "臺北市立重慶國民中學",
        "address": "敦煌路19號",
        "type": "避難所",
        "flood": "Y",
        "earthquake": "備用",
        "debris_flow": "N",
        "tsunami": "N",
        "relief_station": "Y",
        "accessible": "Y",
        "indoor": "Y",
        "outdoor": "N",
        "service_village": "重慶里、保安里、老師里",
        "capacity": "50",
        "area": "189"
      },
      "geometry": {
        "type": "Point",
        "coordinates": [
          121.51790577989,
          25.075930517668
        ]
      }
    },
    {
      "type": "Feature",
      "properties": {
        "city": "taipei",
        "id": "SA103-0003",
        "name": "臺北市立忠孝國民中學",
        "address": "西寧北路32號",
        "type": "避難所",
        "flood": "N",
        "earthquake": "Y",
        "debris_flow": "N",
        "tsunami": "N",
        "relief_station": "Y",
        "accessible": "Y",
        "indoor": "Y",
        "outdoor": "N",
        "service_village": "延平里、永樂里、玉泉里、朝陽里、大有里",
        "capacity": "131",
        "area": "525"
      },
      "geometry": {
        "type": "Point",
        "coordinates": [
          121.508264998676,
          25.051224019868
        ]
      }
    },
    {
      "type": "Feature",
      "properties": {
        "city": "taipei",
        "id": "SA103-0004",
        "name": "臺北市立建成國民中學",
        "address": "長安西路37之1號",
        "type": "避難所",
        "flood": "Y",
        "earthquake": "Y",
        "debris_flow": "N",
        "tsunami": "N",
        "relief_station": "Y",
        "accessible": "Y",
        "indoor": "Y",
        "outdoor": "N",
        "service_village": "建功里、建明里、建泰里、星明里",
        "capacity": "119",
        "area": "476"
      },
      "geometry": {
        "type": "Point",
        "coordinates": [
          121.519668997042,
          25.050392996078
        ]
      }
    },
    {
      "type": "Feature",
      "properties": {
        "city": "taipei",
        "id": "SA103-0005",
        "name": "玉泉公園",
        "address": "西寜北路28號",
        "type": "避難所",
        "flood": "N",
        "earthquake": "Y",
        "debris_flow": "N",
        "tsunami": "N",
        "relief_station": "N",
        "accessible": "Y",
        "indoor": "N",
        "outdoor": "Y",
        "service_village": "全區",
        "capacity": "1993",
        "area": "7972"
      },
      "geometry": {
        "type": "Point",
        "coordinates": [
          121.5153661,
          25.0660564
        ]
      }
    },
    {
      "type": "Feature",
      "properties": {
        "city": "taipei",
        "id": "SA103-0006",
        "name": "臺北市大同運動中心",
        "address": "大龍街51號",
        "type": "避難所",
        "flood": "Y",
        "earthquake": "備用",
        "debris_flow": "N",
        "tsunami": "N",
        "relief_station": "Y",
        "accessible": "Y",
        "indoor": "Y",
        "outdoor": "N",
        "service_village": "蓬萊里、斯文里、揚雅里、隆和里、民權里",
        "capacity": "300",
        "area": "1601.69"
      },
      "geometry": {
        "type": "Point",
        "coordinates": [
          121.516103000155,
          25.064768001933
        ]
      }
    },
    {
      "type": "Feature",
      "properties": {
        "city": "taipei",
        "id": "SA103-0007",
        "name": "臺北市大同區大同國民小學",
        "address": "大龍街51號",
        "type": "避難所",
        "flood": "Y",
        "earthquake": "備用",
        "debris_flow": "N",
        "tsunami": "N",
        "relief_station": "Y",
        "accessible": "Y",
        "indoor": "Y",
        "outdoor": "N",
        "service_village": "蓬萊里、斯文里、揚雅里",
        "capacity": "40",
        "area": "189"
      },
      "geometry": {
        "type": "Point",
        "coordinates": [
          121.516103000155,
          25.064768001933
        ]
      }
    },
    {
      "type": "Feature",
      "properties": {
        "city": "taipei",
        "id": "SA103-0008",
        "name": "臺北市大同區大橋國民小學",
        "address": "重慶北路三段2號",
        "type": "避難所",
        "flood": "N",
        "earthquake": "備用",
        "debris_flow": "N",
        "tsunami": "N",
        "relief_station": "Y",
        "accessible": "Y",
        "indoor": "Y",
        "outdoor": "N",
        "service_village": "景星里、隆和里",
        "capacity": "196",
        "area": "782"
      },
      "geometry": {
        "type": "Point",
        "coordinates": [
          121.513365973492,
          25.064331011411
        ]
      }
    },
    {
      "type": "Feature",
      "properties": {
        "city": "taipei",
        "id": "SA103-0009",
        "name": "臺北市大同區大龍國民小學",
        "address": "哈密街47號",
        "type": "避難所",
        "flood": "Y",
        "earthquake": "備用",
        "debris_flow": "N",
        "tsunami": "N",
        "relief_station": "Y",
        "accessible": "Y",
        "indoor": "Y",
        "outdoor": "N",
        "service_village": "老師里、重慶里、保安里、至聖里",
        "capacity": "208",
        "area": "833"
      },
      "geometry": {
        "type": "Point",
        "coordinates": [
          121.516694008148,
          25.073392016382
        ]
      }
    },
    {
      "type": "Feature",
      "properties": {
        "city": "taipei",
        "id": "SA103-0010",
        "name": "臺北市大同區太平國民小學",
        "address": "延平北路二段239號",
        "type": "避難所",
        "flood": "N",
        "earthquake": "備用",
        "debris_flow": "N",
        "tsunami": "N",
        "relief_station": "Y",
        "accessible": "Y",
        "indoor": "Y",
        "outdoor": "N",
        "service_village": "延平里、朝陽里、南芳里、永樂里、玉泉里、建功里、建功里",
        "capacity": "123",
        "area": "728"
      },
      "geometry": {
        "type": "Point",
        "coordinates": [
          121.51146596368,
          25.061401997256
        ]
      }
    },
    {
      "type": "Feature",
      "properties": {
        "city": "taipei",
        "id": "SA103-0011",
        "name": "臺北市大同區日新國民小學",
        "address": "太原路151號",
        "type": "避難所",
        "flood": "Y",
        "earthquake": "備用",
        "debris_flow": "N",
        "tsunami": "N",
        "relief_station": "Y",
        "accessible": "Y",
        "indoor": "Y",
        "outdoor": "N",
        "service_village": "建泰里、建明里、光能里、星明里、建功里",
        "capacity": "137",
        "area": "23468.19"
      },
      "geometry": {
        "type": "Point",
        "coordinates": [
          121.516509019545,
          25.054429008185
        ]
      }
    },
    {
      "type": "Feature",
      "properties": {
        "city": "taipei",
        "id": "SA103-0012",
        "name": "臺北市立民權國民中學",
        "address": "重慶北路三段1號",
        "type": "避難所",
        "flood": "N",
        "earthquake": "備用",
        "debris_flow": "N",
        "tsunami": "N",
        "relief_station": "Y",
        "accessible": "Y",
        "indoor": "Y",
        "outdoor": "N",
        "service_village": "景星里、蓬萊里、隆和里、南芳里、大有里、民權里、國順里",
        "capacity": "30",
        "area": "288"
      },
      "geometry": {
        "type": "Point",
        "coordinates": [
          121.513904007857,
          25.063675001759
        ]
      }
    },
    {
      "type": "Feature",
      "properties": {
        "city": "taipei",
        "id": "SA103-0013",
        "name": "臺北市大同區永樂國民小學",
        "address": "延平北路二段266號",
        "type": "避難所",
        "flood": "N",
        "earthquake": "備用",
        "debris_flow": "N",
        "tsunami": "N",
        "relief_station": "Y",
        "accessible": "Y",
        "indoor": "Y",
        "outdoor": "N",
        "service_village": "大有里、永樂里、南芳里、玉泉里",
        "capacity": "304",
        "area": "530"
      },
      "geometry": {
        "type": "Point",
        "coordinates": [
          121.511133872676,
          25.061693687486
        ]
      }
    },
    {
      "type": "Feature",
      "properties": {
        "city": "taipei",
        "id": "SA103-0014",
        "name": "臺北市立成淵高級中學",
        "address": "承德路二段235號",
        "type": "避難所",
        "flood": "Y",
        "earthquake": "備用",
        "debris_flow": "N",
        "tsunami": "N",
        "relief_station": "Y",
        "accessible": "Y",
        "indoor": "Y",
        "outdoor": "N",
        "service_village": "光能里、雙連里、星明里、民權里",
        "capacity": "487",
        "area": "1946.45"
      },
      "geometry": {
        "type": "Point",
        "coordinates": [
          121.518527214191,
          25.061274885694
        ]
      }
    },
    {
      "type": "Feature",
      "properties": {
        "city": "taipei",
        "id": "SA103-0015",
        "name": "臺北市大同區明倫高級中學",
        "address": "承德路三段336號",
        "type": "避難所",
        "flood": "Y",
        "earthquake": "備用",
        "debris_flow": "N",
        "tsunami": "N",
        "relief_station": "Y",
        "accessible": "Y",
        "indoor": "Y",
        "outdoor": "N",
        "service_village": "重慶里、老師里",
        "capacity": "70",
        "area": "910"
      },
      "geometry": {
        "type": "Point",
        "coordinates": [
          121.519889524914,
          25.075532712543
        ]
      }
    },
    {
      "type": "Feature",
      "properties": {
        "city": "taipei",
        "id": "SA103-0016",
        "name": "臺北市大同區蓬萊國民小學",
        "address": "寧夏路35號",
        "type": "避難所",
        "flood": "Y",
        "earthquake": "備用",
        "debris_flow": "N",
        "tsunami": "N",
        "relief_station": "Y",
        "accessible": "Y",
        "indoor": "Y",
        "outdoor": "N",
        "service_village": "光能里、建功里、雙連里、星明里、朝陽里",
        "capacity": "104",
        "area": "1041.12"
      },
      "geometry": {
        "type": "Point",
        "coordinates": [
          121.51556496579,
          25.056458015487
        ]
      }
    },
    {
      "type": "Feature",
      "properties": {
        "city": "taipei",
        "id": "SA103-0017",
        "name": "臺北市大同區雙蓮國民小學",
        "address": "錦西街51號",
        "type": "避難所",
        "flood": "Y",
        "earthquake": "備用",
        "debris_flow": "N",
        "tsunami": "N",
        "relief_station": "Y",
        "accessible": "Y",
        "indoor": "Y",
        "outdoor": "N",
        "service_village": "雙連里、民權里",
        "capacity": "300",
        "area": "1133"
      },
      "geometry": {
        "type": "Point",
        "coordinates": [
          121.51667213138,
          25.060118392604
        ]
      }
    },
    {
      "type": "Feature",
      "properties": {
        "city": "taipei",
        "id": "SA103-0018",
        "name": "臺北市立蘭州國民中學",
        "address": "大龍街187巷1號",
        "type": "避難所",
        "flood": "N",
        "earthquake": "備用",
        "debris_flow": "N",
        "tsunami": "N",
        "relief_station": "Y",
        "accessible": "N",
        "indoor": "Y",
        "outdoor": "N",
        "service_village": "至聖里、國慶里、國順里、斯文里、揚雅里、鄰江里、老師里、保安里",
        "capacity": "34",
        "area": "12000"
      },
      "geometry": {
        "type": "Point",
        "coordinates": [
          121.516764583772,
          25.069321680381
        ]
      }
    },
    {
      "type": "Feature",
      "properties": {
        "city": "taipei",
        "id": "SA103-0019",
        "name": "大同251號綠地",
        "address": "環河北路與敦煌路口三角綠地",
        "type": "避難所",
        "flood": "N",
        "earthquake": "Y",
        "debris_flow": "N",
        "tsunami": "N",
        "relief_station": "N",
        "accessible": "N",
        "indoor": "N",
        "outdoor": "Y",
        "service_village": "重慶、保安、至聖、鄰江、斯文、揚雅、國慶、國順、老師、蓬萊、隆和、景星里",
        "capacity": "152",
        "area": "608"
      },
      "geometry": {
        "type": "Point",
        "coordinates": [
          121.520989984982,
          25.075118017884
        ]
      }
    },
    {
      "type": "Feature",
      "properties": {
        "city": "taipei",
        "id": "SA103-0020",
        "name": "建成公園",
        "address": "承德路二段35號旁",
        "type": "避難所",
        "flood": "Y",
        "earthquake": "Y",
        "debris_flow": "N",
        "tsunami": "N",
        "relief_station": "N",
        "accessible": "Y",
        "indoor": "N",
        "outdoor": "Y",
        "service_village": "南芳、民權、雙連、光能、星明、建明、建功、建泰、延平、朝陽、大有、永樂、玉泉里",
        "capacity": "923",
        "area": "10640"
      },
      "geometry": {
        "type": "Point",
        "coordinates": [
          121.518507013805,
          25.054791986502
        ]
      }
    },
    {
      "type": "Feature",
      "properties": {
        "city": "taipei",
        "id": "SA103-0021",
        "name": "臺北市市場處大龍市場地下停車場",
        "address": "臺北市大同區重慶北路三段347號",
        "type": "避難所",
        "flood": "Y",
        "earthquake": "N",
        "debris_flow": "N",
        "tsunami": "N",
        "relief_station": "Y",
        "accessible": "Y",
        "indoor": "Y",
        "outdoor": "N",
        "service_village": "全區",
        "capacity": "2356",
        "area": "1035"
      },
      "geometry": {
        "type": "Point",
        "coordinates": [
          121.51415999118,
          25.074934999028
        ]
      }
    },
    {
      "type": "Feature",
      "properties": {
        "city": "taipei",
        "id": "SA103-0022",
        "name": "國慶區活動中心",
        "address": "臺北市大同區重慶北路3段76號4樓",
        "type": "避難所",
        "flood": "Y",
        "earthquake": "N",
        "debris_flow": "N",
        "tsunami": "N",
        "relief_station": "Y",
        "accessible": "Y",
        "indoor": "Y",
        "outdoor": "N",
        "service_village": "國慶里",
        "capacity": "58",
        "area": "423"
      },
      "geometry": {
        "type": "Point",
        "coordinates": [
          121.513461024274,
          25.066124990148
        ]
      }
    },
    {
      "type": "Feature",
      "properties": {
        "city": "taipei",
        "id": "SA103-0023",
        "name": "臺北市立圖書館大同分館",
        "address": "臺北市大同區重慶北路三段318號",
        "type": "避難所",
        "flood": "Y",
        "earthquake": "N",
        "debris_flow": "N",
        "tsunami": "N",
        "relief_station": "Y",
        "accessible": "Y",
        "indoor": "Y",
        "outdoor": "N",
        "service_village": "全區",
        "capacity": "138",
        "area": "552"
      },
      "geometry": {
        "type": "Point",
        "coordinates": [
          121.513554985408,
          25.074303003528
        ]
      }
    },
    {
      "type": "Feature",
      "properties": {
        "city": "taipei",
        "id": "SA103-0024",
        "name": "臺北市立圖書館延平分館",
        "address": "臺北市大同區保安街47號",
        "type": "避難所",
        "flood": "Y",
        "earthquake": "N",
        "debris_flow": "N",
        "tsunami": "N",
        "relief_station": "Y",
        "accessible": "Y",
        "indoor": "Y",
        "outdoor": "N",
        "service_village": "全區",
        "capacity": "32",
        "area": "200"
      },
      "geometry": {
        "type": "Point",
        "coordinates": [
          121.512149424065,
          25.059256984414
        ]
      }
    },
    {
      "type": "Feature",
      "properties": {
        "city": "taipei",
        "id": "SA103-0025",
        "name": "臺北市立圖書館建成分館",
        "address": "臺北市大同區民生西路198-20號4樓",
        "type": "避難所",
        "flood": "Y",
        "earthquake": "N",
        "debris_flow": "N",
        "tsunami": "N",
        "relief_station": "Y",
        "accessible": "Y",
        "indoor": "Y",
        "outdoor": "N",
        "service_village": "全區",
        "capacity": "38",
        "area": "630"
      },
      "geometry": {
        "type": "Point",
        "coordinates": [
          121.516135019025,
          25.056912985191
        ]
      }
    },
    {
      "type": "Feature",
      "properties": {
        "city": "taipei",
        "id": "SA103-0026",
        "name": "臺北轉運站",
        "address": "臺北市大同區市民大道1段209號",
        "type": "避難所",
        "flood": "Y",
        "earthquake": "N",
        "debris_flow": "N",
        "tsunami": "N",
        "relief_station": "Y",
        "accessible": "Y",
        "indoor": "Y",
        "outdoor": "N",
        "service_village": "全區",
        "capacity": "1125",
        "area": "4500"
      },
      "geometry": {
        "type": "Point",
        "coordinates": [
          121.518350020758,
          25.048892719228
        ]
      }
    },
    {
      "type": "Feature",
      "properties": {
        "city": "taipei",
        "id": "SA104-0001",
        "name": "臺北市立新興國民中學",
        "address": "林森北路511號",
        "type": "避難所",
        "flood": "Y",
        "earthquake": "Y",
        "debris_flow": "N",
        "tsunami": "N",
        "relief_station": "Y",
        "accessible": "Y",
        "indoor": "Y",
        "outdoor": "N",
        "service_village": "集英里、恆安里、新生里、新庄里、新福里、聚盛里、聚葉里、中庄里、康樂里、中山里、中原里、新喜里、晴光里、劍潭里",
        "capacity": "156",
        "area": "624"
      },
      "geometry": {
        "type": "Point",
        "coordinates": [
          121.52579901811,
          25.061974020238
        ]
      }
    },
    {
      "type": "Feature",
      "properties": {
        "city": "taipei",
        "id": "SA104-0002",
        "name": "臺北市立五常國民中學",
        "address": "復興北路430巷1號",
        "type": "避難所",
        "flood": "Y",
        "earthquake": "Y",
        "debris_flow": "Y",
        "tsunami": "N",
        "relief_station": "Y",
        "accessible": "Y",
        "indoor": "Y",
        "outdoor": "N",
        "service_village": "下埤里、行政里、行孝里、行仁里",
        "capacity": "247",
        "area": "1023"
      },
      "geometry": {
        "type": "Point",
        "coordinates": [
          121.543062972623,
          25.063478990953
        ]
      }
    },
    {
      "type": "Feature",
      "properties": {
        "city": "taipei",
        "id": "SA104-0003",
        "name": "臺北市中山區中山國民小學",
        "address": "民權東路一段69號",
        "type": "避難所",
        "flood": "Y",
        "earthquake": "備用",
        "debris_flow": "N",
        "tsunami": "N",
        "relief_station": "Y",
        "accessible": "Y",
        "indoor": "Y",
        "outdoor": "N",
        "service_village": "聚葉里、聚盛里、恆安里、晴光里、新庄里、新生里、新喜里、圓山里、新福里、劍潭里",
        "capacity": "216",
        "area": "864"
      },
      "geometry": {
        "type": "Point",
        "coordinates": [
          121.526293969493,
          25.062935005437
        ]
      }
    },
    {
      "type": "Feature",
      "properties": {
        "city": "taipei",
        "id": "SA104-0004",
        "name": "榮星花園公園",
        "address": "民權東路三段1號",
        "type": "避難所",
        "flood": "Y",
        "earthquake": "Y",
        "debris_flow": "N",
        "tsunami": "N",
        "relief_station": "N",
        "accessible": "Y",
        "indoor": "N",
        "outdoor": "Y",
        "service_village": "全區",
        "capacity": "3464",
        "area": "65192"
      },
      "geometry": {
        "type": "Point",
        "coordinates": [
          121.541012004735,
          25.06259801102
        ]
      }
    },
    {
      "type": "Feature",
      "properties": {
        "city": "taipei",
        "id": "SA104-0005",
        "name": "臺北市中山區行政中心大禮堂",
        "address": "松江路367號10樓",
        "type": "避難所",
        "flood": "Y",
        "earthquake": "備用",
        "debris_flow": "N",
        "tsunami": "N",
        "relief_station": "N",
        "accessible": "Y",
        "indoor": "Y",
        "outdoor": "N",
        "service_village": "大佳里、行政里、行仁里、行孝里",
        "capacity": "84",
        "area": "823.9"
      },
      "geometry": {
        "type": "Point",
        "coordinates": [
          121.533501400395,
          25.064394797694
        ]
      }
    },
    {
      "type": "Feature",
      "properties": {
        "city": "taipei",
        "id": "SA104-0006",
        "name": "臺北市中山運動中心",
        "address": "中山北路二段44巷2號",
        "type": "避難所",
        "flood": "N",
        "earthquake": "備用",
        "debris_flow": "N",
        "tsunami": "N",
        "relief_station": "Y",
        "accessible": "N",
        "indoor": "Y",
        "outdoor": "N",
        "service_village": "集英里、聚葉里、聚盛里、圓山里",
        "capacity": "184",
        "area": "1257.21"
      },
      "geometry": {
        "type": "Point",
        "coordinates": [
          121.521562636607,
          25.054842906564
        ]
      }
    },
    {
      "type": "Feature",
      "properties": {
        "city": "taipei",
        "id": "SA104-0007",
        "name": "新生公園棒球場",
        "address": "新生北路三段105號",
        "type": "避難所",
        "flood": "N",
        "earthquake": "備用",
        "debris_flow": "N",
        "tsunami": "N",
        "relief_station": "Y",
        "accessible": "N",
        "indoor": "N",
        "outdoor": "Y",
        "service_village": "恆安里、晴光里、圓山里、新庄里、新喜里、新福里、大佳里",
        "capacity": "60",
        "area": "388.41"
      },
      "geometry": {
        "type": "Point",
        "coordinates": [
          121.528777611222,
          25.070224998086
        ]
      }
    },
    {
      "type": "Feature",
      "properties": {
        "city": "taipei",
        "id": "SA104-0008",
        "name": "臺北市立大同高級中學",
        "address": "長春路167號",
        "type": "避難所",
        "flood": "N",
        "earthquake": "備用",
        "debris_flow": "N",
        "tsunami": "N",
        "relief_station": "Y",
        "accessible": "Y",
        "indoor": "Y",
        "outdoor": "N",
        "service_village": "中吉里、中央里、朱馥里、松江里、復華里",
        "capacity": "300",
        "area": "1905"
      },
      "geometry": {
        "type": "Point",
        "coordinates": [
          121.535108965605,
          25.05498699148
        ]
      }
    },
    {
      "type": "Feature",
      "properties": {
        "city": "taipei",
        "id": "SA104-0009",
        "name": "臺北市中山區大佳國民小學",
        "address": "濱江街107號",
        "type": "避難所",
        "flood": "Y",
        "earthquake": "備用",
        "debris_flow": "N",
        "tsunami": "N",
        "relief_station": "Y",
        "accessible": "Y",
        "indoor": "Y",
        "outdoor": "N",
        "service_village": "大佳里",
        "capacity": "30",
        "area": "120"
      },
      "geometry": {
        "type": "Point",
        "coordinates": [
          121.534295258991,
          25.073378992218
        ]
      }
    },
    {
      "type": "Feature",
      "properties": {
        "city": "taipei",
        "id": "SA104-0010",
        "name": "臺北市立大直高級中學",
        "address": "北安路420號",
        "type": "避難所",
        "flood": "Y",
        "earthquake": "備用",
        "debris_flow": "N",
        "tsunami": "N",
        "relief_station": "Y",
        "accessible": "Y",
        "indoor": "Y",
        "outdoor": "N",
        "service_village": "劍潭里、大直里、大佳里、北安里、成功里、永安里、正得里",
        "capacity": "300",
        "area": "1800"
      },
      "geometry": {
        "type": "Point",
        "coordinates": [
          121.542830039534,
          25.079409007486
        ]
      }
    },
    {
      "type": "Feature",
      "properties": {
        "city": "taipei",
        "id": "SA104-0011",
        "name": "臺北市中山區大直國民小學",
        "address": "大直街2號",
        "type": "避難所",
        "flood": "N",
        "earthquake": "備用",
        "debris_flow": "N",
        "tsunami": "N",
        "relief_station": "Y",
        "accessible": "Y",
        "indoor": "Y",
        "outdoor": "N",
        "service_village": "大直里、劍潭里、永安里",
        "capacity": "263",
        "area": "1554.41"
      },
      "geometry": {
        "type": "Point",
        "coordinates": [
          121.546387989794,
          25.080554017369
        ]
      }
    },
    {
      "type": "Feature",
      "properties": {
        "city": "taipei",
        "id": "SA104-0013",
        "name": "臺北市中山區中正國民小學",
        "address": "龍江路62號",
        "type": "避難所",
        "flood": "N",
        "earthquake": "備用",
        "debris_flow": "N",
        "tsunami": "N",
        "relief_station": "Y",
        "accessible": "Y",
        "indoor": "Y",
        "outdoor": "N",
        "service_village": "朱崙里、力行里、朱園里、復華里",
        "capacity": "250",
        "area": "560"
      },
      "geometry": {
        "type": "Point",
        "coordinates": [
          121.540265009524,
          25.050621989672
        ]
      }
    },
    {
      "type": "Feature",
      "properties": {
        "city": "taipei",
        "id": "SA104-0014",
        "name": "臺北市立五常國民小學",
        "address": "五常街16號",
        "type": "避難所",
        "flood": "Y",
        "earthquake": "備用",
        "debris_flow": "N",
        "tsunami": "N",
        "relief_station": "Y",
        "accessible": "Y",
        "indoor": "Y",
        "outdoor": "N",
        "service_village": "下埤里、行政里、行仁里、行孝里、江寧里、江山里",
        "capacity": "372",
        "area": "962"
      },
      "geometry": {
        "type": "Point",
        "coordinates": [
          121.542232996571,
          25.06418998589
        ]
      }
    },
    {
      "type": "Feature",
      "properties": {
        "city": "taipei",
        "id": "SA104-0015",
        "name": "臺北市中山區北安國民中學",
        "address": "明水路325號",
        "type": "避難所",
        "flood": "Y",
        "earthquake": "備用",
        "debris_flow": "N",
        "tsunami": "N",
        "relief_station": "Y",
        "accessible": "Y",
        "indoor": "Y",
        "outdoor": "N",
        "service_village": "圓山里、劍潭里、正得里、大直里、大佳里、永安里、新喜里、晴光里",
        "capacity": "30",
        "area": "492.1"
      },
      "geometry": {
        "type": "Point",
        "coordinates": [
          121.541624386581,
          25.077787905502
        ]
      }
    },
    {
      "type": "Feature",
      "properties": {
        "city": "taipei",
        "id": "SA104-0016",
        "name": "臺北市中山區永安國民小學",
        "address": "明水路397巷19弄1號",
        "type": "避難所",
        "flood": "N",
        "earthquake": "備用",
        "debris_flow": "N",
        "tsunami": "N",
        "relief_station": "Y",
        "accessible": "Y",
        "indoor": "Y",
        "outdoor": "N",
        "service_village": "永安里、成功里、北安里",
        "capacity": "1653",
        "area": "6613.44"
      },
      "geometry": {
        "type": "Point",
        "coordinates": [
          121.549391728616,
          25.078735479656
        ]
      }
    },
    {
      "type": "Feature",
      "properties": {
        "city": "taipei",
        "id": "SA104-0017",
        "name": "臺北市中山區吉林國民小學",
        "address": "長春路116號",
        "type": "避難所",
        "flood": "Y",
        "earthquake": "備用",
        "debris_flow": "N",
        "tsunami": "N",
        "relief_station": "Y",
        "accessible": "Y",
        "indoor": "Y",
        "outdoor": "N",
        "service_village": "康樂里、中山里、中吉里、中原里、中庄里。",
        "capacity": "313",
        "area": "356"
      },
      "geometry": {
        "type": "Point",
        "coordinates": [
          121.529627284747,
          25.054498913258
        ]
      }
    },
    {
      "type": "Feature",
      "properties": {
        "city": "taipei",
        "id": "SA104-0018",
        "name": "臺北市中山區長安國民小學",
        "address": "吉林路15號",
        "type": "避難所",
        "flood": "Y",
        "earthquake": "備用",
        "debris_flow": "N",
        "tsunami": "N",
        "relief_station": "Y",
        "accessible": "Y",
        "indoor": "Y",
        "outdoor": "N",
        "service_village": "正守里、正義里、正得里、興亞里、朱園里、民安里、中吉里",
        "capacity": "600",
        "area": "810"
      },
      "geometry": {
        "type": "Point",
        "coordinates": [
          121.530185016585,
          25.049758988921
        ]
      }
    },
    {
      "type": "Feature",
      "properties": {
        "city": "taipei",
        "id": "SA104-0019",
        "name": "臺北市立長安國民中學",
        "address": "松江路70巷11號",
        "type": "避難所",
        "flood": "Y",
        "earthquake": "備用",
        "debris_flow": "N",
        "tsunami": "N",
        "relief_station": "Y",
        "accessible": "Y",
        "indoor": "Y",
        "outdoor": "N",
        "service_village": "力行里、朱崙里、朱園里、興亞里、正義里、正守里、中原里、埤頭里",
        "capacity": "41",
        "area": "234"
      },
      "geometry": {
        "type": "Point",
        "coordinates": [
          121.531924680589,
          25.049413193506
        ]
      }
    },
    {
      "type": "Feature",
      "properties": {
        "city": "taipei",
        "id": "SA104-0020\r\n",
        "name": "臺北市中山區長春國民小學",
        "address": "長春路165號",
        "type": "避難所",
        "flood": "N",
        "earthquake": "備用",
        "debris_flow": "N",
        "tsunami": "N",
        "relief_station": "Y",
        "accessible": "N",
        "indoor": "Y",
        "outdoor": "N",
        "service_village": "朱馥里、龍洲里、松江里、中央里、復華里、江山里、江寧里",
        "capacity": "47",
        "area": "635.55"
      },
      "geometry": {
        "type": "Point",
        "coordinates": [
          121.533882860809,
          25.054947889901
        ]
      }
    },
    {
      "type": "Feature",
      "properties": {
        "city": "taipei",
        "id": "SA104-0021",
        "name": "臺北市中山區濱江國民小學",
        "address": "樂群二路266巷99號",
        "type": "避難所",
        "flood": "Y",
        "earthquake": "備用",
        "debris_flow": "N",
        "tsunami": "N",
        "relief_station": "Y",
        "accessible": "Y",
        "indoor": "Y",
        "outdoor": "N",
        "service_village": "金泰里、成功里",
        "capacity": "114",
        "area": "3750"
      },
      "geometry": {
        "type": "Point",
        "coordinates": [
          121.561664008331,
          25.077292996029
        ]
      }
    },
    {
      "type": "Feature",
      "properties": {
        "city": "taipei",
        "id": "SA104-0022",
        "name": "臺北市濱江實驗國民中學",
        "address": "樂群二路262號",
        "type": "避難所",
        "flood": "Y",
        "earthquake": "備用",
        "debris_flow": "N",
        "tsunami": "N",
        "relief_station": "Y",
        "accessible": "Y",
        "indoor": "Y",
        "outdoor": "N",
        "service_village": "金泰里、北安里、成功里、永安里",
        "capacity": "100",
        "area": "5626"
      },
      "geometry": {
        "type": "Point",
        "coordinates": [
          121.560696988162,
          25.079577986654
        ]
      }
    },
    {
      "type": "Feature",
      "properties": {
        "city": "taipei",
        "id": "SA104-0023",
        "name": "臺北市中山區懷生國民小學",
        "address": "安東街16巷2號",
        "type": "避難所",
        "flood": "Y",
        "earthquake": "備用",
        "debris_flow": "N",
        "tsunami": "N",
        "relief_station": "Y",
        "accessible": "Y",
        "indoor": "Y",
        "outdoor": "N",
        "service_village": "埤頭里",
        "capacity": "30",
        "area": "63"
      },
      "geometry": {
        "type": "Point",
        "coordinates": [
          121.541728992733,
          25.045256984907
        ]
      }
    },
    {
      "type": "Feature",
      "properties": {
        "city": "taipei",
        "id": "SA104-0025",
        "name": "下塔悠\r\n(公7)公園",
        "address": "樂群一路旁,基隆河截彎取直範圍內",
        "type": "避難所",
        "flood": "N",
        "earthquake": "Y",
        "debris_flow": "N",
        "tsunami": "N",
        "relief_station": "N",
        "accessible": "Y",
        "indoor": "N",
        "outdoor": "Y",
        "service_village": "劍潭、大直、北安、永安、成功、金泰",
        "capacity": "2105",
        "area": "24249"
      },
      "geometry": {
        "type": "Point",
        "coordinates": [
          121.560048295178,
          25.076537683578
        ]
      }
    },
    {
      "type": "Feature",
      "properties": {
        "city": "taipei",
        "id": "SA104-0026",
        "name": "華山公園",
        "address": "市民大道二段",
        "type": "避難所",
        "flood": "N",
        "earthquake": "Y",
        "debris_flow": "N",
        "tsunami": "N",
        "relief_station": "N",
        "accessible": "Y",
        "indoor": "N",
        "outdoor": "Y",
        "service_village": "正守、正義、正得、民安、康樂、興亞",
        "capacity": "1271",
        "area": "14646"
      },
      "geometry": {
        "type": "Point",
        "coordinates": [
          121.526052678832,
          25.047531896554
        ]
      }
    },
    {
      "type": "Feature",
      "properties": {
        "city": "taipei",
        "id": "SA104-0027",
        "name": "金泰(公8)公園",
        "address": "樂群一路旁,基隆河截彎取直範圍內",
        "type": "避難所",
        "flood": "N",
        "earthquake": "Y",
        "debris_flow": "N",
        "tsunami": "N",
        "relief_station": "N",
        "accessible": "Y",
        "indoor": "N",
        "outdoor": "Y",
        "service_village": "劍潭、大直、北安、永安、成功、金泰",
        "capacity": "3500",
        "area": "14117"
      },
      "geometry": {
        "type": "Point",
        "coordinates": [
          121.560048295178,
          25.076537683578
        ]
      }
    },
    {
      "type": "Feature",
      "properties": {
        "city": "taipei",
        "id": "SA104-0028",
        "name": "明水公園",
        "address": "北安路538巷1弄1號前",
        "type": "避難所",
        "flood": "N",
        "earthquake": "Y",
        "debris_flow": "N",
        "tsunami": "N",
        "relief_station": "N",
        "accessible": "Y",
        "indoor": "N",
        "outdoor": "Y",
        "service_village": "劍潭、大直、北安、永安、成功、金泰",
        "capacity": "868",
        "area": "10002"
      },
      "geometry": {
        "type": "Point",
        "coordinates": [
          121.547997985756,
          25.079783008005
        ]
      }
    },
    {
      "type": "Feature",
      "properties": {
        "city": "taipei",
        "id": "SA104-0041",
        "name": "中山地下街",
        "address": "臺北市長安西路52-1號B1",
        "type": "避難所",
        "flood": "Y",
        "earthquake": "N",
        "debris_flow": "N",
        "tsunami": "N",
        "relief_station": "Y",
        "accessible": "Y",
        "indoor": "Y",
        "outdoor": "N",
        "service_village": "全區",
        "capacity": "3674",
        "area": "11550"
      },
      "geometry": {
        "type": "Point",
        "coordinates": [
          121.520067975633,
          25.050086008874
        ]
      }
    },
    {
      "type": "Feature",
      "properties": {
        "city": "taipei",
        "id": "SA104-0042",
        "name": "臺北市立中山女子高級中學",
        "address": "長安東路二段141號",
        "type": "避難所",
        "flood": "Y",
        "earthquake": "備用",
        "debris_flow": "N",
        "tsunami": "N",
        "relief_station": "Y",
        "accessible": "Y",
        "indoor": "Y",
        "outdoor": "N",
        "service_village": "朱園里、埤頭里、朱崙里、力行里、復華里",
        "capacity": "135",
        "area": "1325"
      },
      "geometry": {
        "type": "Point",
        "coordinates": [
          121.537161358417,
          25.04853158493
        ]
      }
    },
    {
      "type": "Feature",
      "properties": {
        "city": "taipei",
        "id": "SA104-0043",
        "name": "臺北市市場處臺北市民族魚市",
        "address": "臺北市中山區民族東路410巷2弄18、20號",
        "type": "避難所",
        "flood": "Y",
        "earthquake": "N",
        "debris_flow": "N",
        "tsunami": "N",
        "relief_station": "Y",
        "accessible": "Y",
        "indoor": "N",
        "outdoor": "Y",
        "service_village": "全區",
        "capacity": "950",
        "area": "3837.57"
      },
      "geometry": {
        "type": "Point",
        "coordinates": [
          121.537315527488,
          25.066801118739
        ]
      }
    },
    {
      "type": "Feature",
      "properties": {
        "city": "taipei",
        "id": "SA104-0044",
        "name": "松江南京站",
        "address": "臺北市中山區松江路126號B1",
        "type": "避難所",
        "flood": "Y",
        "earthquake": "N",
        "debris_flow": "N",
        "tsunami": "N",
        "relief_station": "Y",
        "accessible": "Y",
        "indoor": "Y",
        "outdoor": "N",
        "service_village": "全區",
        "capacity": "1963",
        "area": "7852"
      },
      "geometry": {
        "type": "Point",
        "coordinates": [
          121.532845386837,
          25.051854280155
        ]
      }
    },
    {
      "type": "Feature",
      "properties": {
        "city": "taipei",
        "id": "SA104-0045",
        "name": "花博公園\r\n圓山園區",
        "address": "玉門街1號.(玉泉街以東,中山北路以西,酒泉街以北)",
        "type": "避難所",
        "flood": "Y",
        "earthquake": "Y",
        "debris_flow": "N",
        "tsunami": "N",
        "relief_station": "N",
        "accessible": "Y",
        "indoor": "N",
        "outdoor": "Y",
        "service_village": "圓山、新庄、晴光、恆安、集英、聚葉、聚盛、中山",
        "capacity": "13517",
        "area": "155762"
      },
      "geometry": {
        "type": "Point",
        "coordinates": [
          121.520496877618,
          25.070359485722
        ]
      }
    },
    {
      "type": "Feature",
      "properties": {
        "city": "taipei",
        "id": "SA104-0046",
        "name": "臺北市市場處長春市場地下停車場",
        "address": "臺北市中山區長春路299號1樓",
        "type": "避難所",
        "flood": "N",
        "earthquake": "N",
        "debris_flow": "N",
        "tsunami": "N",
        "relief_station": "Y",
        "accessible": "Y",
        "indoor": "Y",
        "outdoor": "N",
        "service_village": "全區",
        "capacity": "200",
        "area": "800"
      },
      "geometry": {
        "type": "Point",
        "coordinates": [
          121.542265434536,
          25.054735115289
        ]
      }
    },
    {
      "type": "Feature",
      "properties": {
        "city": "taipei",
        "id": "SA104-0047",
        "name": "臺北市立美術館",
        "address": "臺北市中山區中山北路181號",
        "type": "避難所",
        "flood": "N",
        "earthquake": "N",
        "debris_flow": "N",
        "tsunami": "N",
        "relief_station": "Y",
        "accessible": "Y",
        "indoor": "Y",
        "outdoor": "Y",
        "service_village": "圓山里",
        "capacity": "366",
        "area": "1465.34"
      },
      "geometry": {
        "type": "Point",
        "coordinates": [
          121.5336277,
          25.0642508
        ]
      }
    },
    {
      "type": "Feature",
      "properties": {
        "city": "taipei",
        "id": "SA104-0048",
        "name": "臺北市立圖書館大直分館",
        "address": "臺北市中山區大直街25號3-5樓",
        "type": "避難所",
        "flood": "N",
        "earthquake": "N",
        "debris_flow": "N",
        "tsunami": "N",
        "relief_station": "Y",
        "accessible": "Y",
        "indoor": "Y",
        "outdoor": "N",
        "service_village": "大直里",
        "capacity": "180",
        "area": "893"
      },
      "geometry": {
        "type": "Point",
        "coordinates": [
          121.546639027794,
          25.081942018625
        ]
      }
    },
    {
      "type": "Feature",
      "properties": {
        "city": "taipei",
        "id": "SA104-0049",
        "name": "臺北市立圖書館中山分館",
        "address": "臺北市中山區松江路367號8樓",
        "type": "避難所",
        "flood": "Y",
        "earthquake": "N",
        "debris_flow": "N",
        "tsunami": "N",
        "relief_station": "Y",
        "accessible": "Y",
        "indoor": "Y",
        "outdoor": "N",
        "service_village": "全區",
        "capacity": "46",
        "area": "188"
      },
      "geometry": {
        "type": "Point",
        "coordinates": [
          121.533501400395,
          25.064394797694
        ]
      }
    },
    {
      "type": "Feature",
      "properties": {
        "city": "taipei",
        "id": "SA104-0050",
        "name": "臺北市立圖書館長安分館",
        "address": "臺北市中山區長安西路3號4樓",
        "type": "避難所",
        "flood": "N",
        "earthquake": "N",
        "debris_flow": "N",
        "tsunami": "N",
        "relief_station": "Y",
        "accessible": "Y",
        "indoor": "Y",
        "outdoor": "N",
        "service_village": "全區",
        "capacity": "49",
        "area": "345"
      },
      "geometry": {
        "type": "Point",
        "coordinates": [
          121.521201208942,
          25.050163080474
        ]
      }
    },
    {
      "type": "Feature",
      "properties": {
        "city": "taipei",
        "id": "SA104-0051",
        "name": "臺北市市場處臺北市第二果菜市場",
        "address": "臺北市中山區民族東路336號",
        "type": "避難所",
        "flood": "Y",
        "earthquake": "N",
        "debris_flow": "N",
        "tsunami": "N",
        "relief_station": "Y",
        "accessible": "Y",
        "indoor": "Y",
        "outdoor": "N",
        "service_village": "全區",
        "capacity": "5063",
        "area": "20568"
      },
      "geometry": {
        "type": "Point",
        "coordinates": [
          121.537341317878,
          25.067923285564
        ]
      }
    },
    {
      "type": "Feature",
      "properties": {
        "city": "taipei",
        "id": "SA105-0001",
        "name": "臺北市立民生國民中學",
        "address": "新東街30巷1號",
        "type": "避難所",
        "flood": "Y",
        "earthquake": "Y",
        "debris_flow": "N",
        "tsunami": "N",
        "relief_station": "Y",
        "accessible": "Y",
        "indoor": "Y",
        "outdoor": "N",
        "service_village": "三民里、莊敬里、富錦里、富泰里、新東里、新益里",
        "capacity": "161",
        "area": "644"
      },
      "geometry": {
        "type": "Point",
        "coordinates": [
          121.567329001412,
          25.059827582473
        ]
      }
    },
    {
      "type": "Feature",
      "properties": {
        "city": "taipei",
        "id": "SA105-0002",
        "name": "臺北市松山區三民國民小學",
        "address": "民權東路五段1號",
        "type": "避難所",
        "flood": "Y",
        "earthquake": "Y",
        "debris_flow": "N",
        "tsunami": "N",
        "relief_station": "Y",
        "accessible": "Y",
        "indoor": "Y",
        "outdoor": "N",
        "service_village": "莊敬里、新益里、富錦里、新東里",
        "capacity": "140",
        "area": "558.6"
      },
      "geometry": {
        "type": "Point",
        "coordinates": [
          121.564279078303,
          25.063274514425
        ]
      }
    },
    {
      "type": "Feature",
      "properties": {
        "city": "taipei",
        "id": "SA105-0003",
        "name": "臺北市立敦化國民中學",
        "address": "南京東路三段300號",
        "type": "避難所",
        "flood": "Y",
        "earthquake": "備用",
        "debris_flow": "N",
        "tsunami": "N",
        "relief_station": "Y",
        "accessible": "Y",
        "indoor": "Y",
        "outdoor": "N",
        "service_village": "中華里、中正里、中崙里、吉仁里、美仁里、福成里、敦化里、復源里、松基里、復建里",
        "capacity": "253",
        "area": "1012"
      },
      "geometry": {
        "type": "Point",
        "coordinates": [
          121.546792835717,
          25.051523798635
        ]
      }
    },
    {
      "type": "Feature",
      "properties": {
        "city": "taipei",
        "id": "SA105-0004",
        "name": "臺北市松山區民生國民小學",
        "address": "敦化北路199巷18號",
        "type": "避難所",
        "flood": "Y",
        "earthquake": "備用",
        "debris_flow": "N",
        "tsunami": "N",
        "relief_station": "Y",
        "accessible": "Y",
        "indoor": "Y",
        "outdoor": "N",
        "service_village": "龍田里、東勢里、東昌里、中華里、介壽里、精忠里",
        "capacity": "126",
        "area": "504"
      },
      "geometry": {
        "type": "Point",
        "coordinates": [
          121.552044433333,
          25.056509019368
        ]
      }
    },
    {
      "type": "Feature",
      "properties": {
        "city": "taipei",
        "id": "SA105-0005",
        "name": "民權公園",
        "address": "民權東路四段、民權國小附近",
        "type": "避難所",
        "flood": "Y",
        "earthquake": "Y",
        "debris_flow": "N",
        "tsunami": "N",
        "relief_station": "N",
        "accessible": "Y",
        "indoor": "N",
        "outdoor": "Y",
        "service_village": "全區",
        "capacity": "2465",
        "area": "27458"
      },
      "geometry": {
        "type": "Point",
        "coordinates": [
          121.556892284389,
          25.061988747265
        ]
      }
    },
    {
      "type": "Feature",
      "properties": {
        "city": "taipei",
        "id": "SA105-0006",
        "name": "臺北市松山運動中心",
        "address": "敦化北路1號",
        "type": "避難所",
        "flood": "Y",
        "earthquake": "備用",
        "debris_flow": "N",
        "tsunami": "N",
        "relief_station": "Y",
        "accessible": "N",
        "indoor": "Y",
        "outdoor": "N",
        "service_village": "美仁里、中正里、中華里、敦化里",
        "capacity": "180",
        "area": "1797"
      },
      "geometry": {
        "type": "Point",
        "coordinates": [
          121.550144004426,
          25.048930018697
        ]
      }
    },
    {
      "type": "Feature",
      "properties": {
        "city": "taipei",
        "id": "SA105-0007",
        "name": "臺北田徑場",
        "address": "敦化北路3號",
        "type": "避難所",
        "flood": "Y",
        "earthquake": "備用",
        "debris_flow": "N",
        "tsunami": "N",
        "relief_station": "Y",
        "accessible": "N",
        "indoor": "N",
        "outdoor": "Y",
        "service_village": "美仁里、中正里、中華里、敦化里、東勢里",
        "capacity": "440",
        "area": "1760"
      },
      "geometry": {
        "type": "Point",
        "coordinates": [
          121.549523995048,
          25.04890898012
        ]
      }
    },
    {
      "type": "Feature",
      "properties": {
        "city": "taipei",
        "id": "SA105-0008",
        "name": "臺北體育館",
        "address": "南京東路四段10號",
        "type": "避難所",
        "flood": "Y",
        "earthquake": "備用",
        "debris_flow": "N",
        "tsunami": "N",
        "relief_station": "Y",
        "accessible": "N",
        "indoor": "Y",
        "outdoor": "N",
        "service_village": "美仁里、中正里、中華里、敦化里、復建里、東勢里、復勢里",
        "capacity": "1000",
        "area": "4000"
      },
      "geometry": {
        "type": "Point",
        "coordinates": [
          121.55195809973,
          25.051326614363
        ]
      }
    },
    {
      "type": "Feature",
      "properties": {
        "city": "taipei",
        "id": "SA105-0009",
        "name": "臺北市立中山國民中學",
        "address": "復興北路361巷7號",
        "type": "避難所",
        "flood": "Y",
        "earthquake": "備用",
        "debris_flow": "N",
        "tsunami": "N",
        "relief_station": "Y",
        "accessible": "Y",
        "indoor": "Y",
        "outdoor": "N",
        "service_village": "民有里、松基里、民福里",
        "capacity": "278",
        "area": "1110"
      },
      "geometry": {
        "type": "Point",
        "coordinates": [
          121.54553999265,
          25.060558987344
        ]
      }
    },
    {
      "type": "Feature",
      "properties": {
        "city": "taipei",
        "id": "SA105-0010",
        "name": "臺北市立中崙高級中學",
        "address": "八德路四段101號",
        "type": "避難所",
        "flood": "Y",
        "earthquake": "備用",
        "debris_flow": "N",
        "tsunami": "N",
        "relief_station": "Y",
        "accessible": "Y",
        "indoor": "Y",
        "outdoor": "N",
        "service_village": "復建里、復勢里、東光里、吉祥里、新聚里、復盛里",
        "capacity": "300",
        "area": "1219.7"
      },
      "geometry": {
        "type": "Point",
        "coordinates": [
          121.561481785756,
          25.048719884385
        ]
      }
    },
    {
      "type": "Feature",
      "properties": {
        "city": "taipei",
        "id": "SA105-0036",
        "name": "臺北市立圖書館民生分館",
        "address": "臺北市松山區敦化北路199巷5號4、5樓",
        "type": "避難所",
        "flood": "Y",
        "earthquake": "N",
        "debris_flow": "N",
        "tsunami": "N",
        "relief_station": "Y",
        "accessible": "Y",
        "indoor": "Y",
        "outdoor": "N",
        "service_village": "全區",
        "capacity": "50",
        "area": "200"
      },
      "geometry": {
        "type": "Point",
        "coordinates": [
          121.551530203573,
          25.056993116186
        ]
      }
    },
    {
      "type": "Feature",
      "properties": {
        "city": "taipei",
        "id": "SA105-1011",
        "name": "臺北市立介壽國民中學",
        "address": "延壽街401號",
        "type": "避難所",
        "flood": "Y",
        "earthquake": "備用",
        "debris_flow": "N",
        "tsunami": "N",
        "relief_station": "Y",
        "accessible": "Y",
        "indoor": "Y",
        "outdoor": "N",
        "service_village": "介壽里、東榮里、東昌里、東勢里、龍田里、精忠里、復勢里、中華里",
        "capacity": "144",
        "area": "576"
      },
      "geometry": {
        "type": "Point",
        "coordinates": [
          121.556529170627,
          25.056405880049
        ]
      }
    },
    {
      "type": "Feature",
      "properties": {
        "city": "taipei",
        "id": "SA105-1012",
        "name": "臺北市松山區民族國民小學",
        "address": "民生東路四段97巷7號",
        "type": "避難所",
        "flood": "Y",
        "earthquake": "備用",
        "debris_flow": "N",
        "tsunami": "N",
        "relief_station": "Y",
        "accessible": "Y",
        "indoor": "Y",
        "outdoor": "N",
        "service_village": "精忠里、民有里、松基里、民福里",
        "capacity": "40",
        "area": "116"
      },
      "geometry": {
        "type": "Point",
        "coordinates": [
          121.551909736149,
          25.058875398272
        ]
      }
    },
    {
      "type": "Feature",
      "properties": {
        "city": "taipei",
        "id": "SA105-1013",
        "name": "臺北市立西松高級中學",
        "address": "臺北市松山區健康路325巷7號",
        "type": "避難所",
        "flood": "N",
        "earthquake": "備用",
        "debris_flow": "N",
        "tsunami": "N",
        "relief_station": "Y",
        "accessible": "Y",
        "indoor": "Y",
        "outdoor": "N",
        "service_village": "安平里、自強里、鵬程里、東光里、吉祥里、新聚里、復盛里",
        "capacity": "300",
        "area": "1222"
      },
      "geometry": {
        "type": "Point",
        "coordinates": [
          121.567098582893,
          25.055571210131
        ]
      }
    },
    {
      "type": "Feature",
      "properties": {
        "city": "taipei",
        "id": "SA105-1014",
        "name": "臺北市松山區西松國民小學",
        "address": "三民路5號",
        "type": "避難所",
        "flood": "N",
        "earthquake": "備用",
        "debris_flow": "N",
        "tsunami": "N",
        "relief_station": "Y",
        "accessible": "Y",
        "indoor": "Y",
        "outdoor": "N",
        "service_village": "新聚里、安平里、吉祥里、東光里、復盛里、鵬程里",
        "capacity": "47",
        "area": "187.52"
      },
      "geometry": {
        "type": "Point",
        "coordinates": [
          121.563599976508,
          25.052267985908
        ]
      }
    },
    {
      "type": "Feature",
      "properties": {
        "city": "taipei",
        "id": "SA105-1015",
        "name": "臺北市松山區松山國民小學",
        "address": "八德路四段746號",
        "type": "避難所",
        "flood": "N",
        "earthquake": "備用",
        "debris_flow": "N",
        "tsunami": "N",
        "relief_station": "Y",
        "accessible": "Y",
        "indoor": "Y",
        "outdoor": "N",
        "service_village": "慈祐里、新東里",
        "capacity": "95",
        "area": "1289.54"
      },
      "geometry": {
        "type": "Point",
        "coordinates": [
          121.579268687209,
          25.051205202495
        ]
      }
    },
    {
      "type": "Feature",
      "properties": {
        "city": "taipei",
        "id": "SA105-1016",
        "name": "臺北市松山區健康國民小學",
        "address": "延壽街168號",
        "type": "避難所",
        "flood": "N",
        "earthquake": "備用",
        "debris_flow": "N",
        "tsunami": "N",
        "relief_station": "Y",
        "accessible": "Y",
        "indoor": "Y",
        "outdoor": "N",
        "service_village": "自強里、三民里、富泰里、鵬程里、介壽里、龍田里",
        "capacity": "150",
        "area": "594"
      },
      "geometry": {
        "type": "Point",
        "coordinates": [
          121.562872008217,
          25.056674981051
        ]
      }
    },
    {
      "type": "Feature",
      "properties": {
        "city": "taipei",
        "id": "SA105-1017",
        "name": "敦化國小",
        "address": "敦化北路2號",
        "type": "避難所",
        "flood": "Y",
        "earthquake": "備用",
        "debris_flow": "N",
        "tsunami": "N",
        "relief_station": "Y",
        "accessible": "Y",
        "indoor": "Y",
        "outdoor": "N",
        "service_village": "美仁里、吉仁里、中崙里、敦化里、福成里、復源里、復建里、復勢里、中正里、松基里、中華里",
        "capacity": "56",
        "area": "900"
      },
      "geometry": {
        "type": "Point",
        "coordinates": [
          121.548540713987,
          25.049103188817
        ]
      }
    },
    {
      "type": "Feature",
      "properties": {
        "city": "taipei",
        "id": "SA105-1018",
        "name": "臺北市松山區民權國民小學",
        "address": "民權東路四段200號",
        "type": "避難所",
        "flood": "Y",
        "earthquake": "Y",
        "debris_flow": "N",
        "tsunami": "N",
        "relief_station": "Y",
        "accessible": "Y",
        "indoor": "Y",
        "outdoor": "N",
        "service_village": "東榮里、三民里、富泰里、富錦里、新東里",
        "capacity": "80",
        "area": "588"
      },
      "geometry": {
        "type": "Point",
        "coordinates": [
          121.562277982739,
          25.062489004369
        ]
      }
    },
    {
      "type": "Feature",
      "properties": {
        "city": "taipei",
        "id": "SA105-1019\r\n",
        "name": "中正區民活動中心",
        "address": "臺北市松山區長安東路2段229號11樓",
        "type": "避難所",
        "flood": "Y",
        "earthquake": "N",
        "debris_flow": "N",
        "tsunami": "N",
        "relief_station": "Y",
        "accessible": "Y",
        "indoor": "Y",
        "outdoor": "N",
        "service_village": "中華里、美仁里、中崙里、福成里、松基里",
        "capacity": "112",
        "area": "449.59"
      },
      "geometry": {
        "type": "Point",
        "coordinates": [
          121.545876023148,
          25.048398983222
        ]
      }
    },
    {
      "type": "Feature",
      "properties": {
        "city": "taipei",
        "id": "SA105-1020",
        "name": "民有區民活動中心",
        "address": "臺北市松山區民權東路三段140巷15號4、5樓",
        "type": "避難所",
        "flood": "Y",
        "earthquake": "N",
        "debris_flow": "N",
        "tsunami": "N",
        "relief_station": "Y",
        "accessible": "Y",
        "indoor": "Y",
        "outdoor": "N",
        "service_village": "精忠里、松基里、民福里",
        "capacity": "196",
        "area": "955.38"
      },
      "geometry": {
        "type": "Point",
        "coordinates": [
          121.546723014464,
          25.060480993735
        ]
      }
    },
    {
      "type": "Feature",
      "properties": {
        "city": "taipei",
        "id": "SA105-1021",
        "name": "自強區民活動中心",
        "address": "臺北市松山區三民路35巷9號",
        "type": "避難所",
        "flood": "N",
        "earthquake": "N",
        "debris_flow": "N",
        "tsunami": "N",
        "relief_station": "Y",
        "accessible": "Y",
        "indoor": "Y",
        "outdoor": "N",
        "service_village": "鵬程里、龍田里、安平里、東光里、富泰里、三民里",
        "capacity": "68",
        "area": "307.44"
      },
      "geometry": {
        "type": "Point",
        "coordinates": [
          121.562486021576,
          25.055323985897
        ]
      }
    },
    {
      "type": "Feature",
      "properties": {
        "city": "taipei",
        "id": "SA105-1022",
        "name": "慈祐區民活動中心",
        "address": "臺北市松山區八德路4段568號",
        "type": "避難所",
        "flood": "N",
        "earthquake": "N",
        "debris_flow": "N",
        "tsunami": "N",
        "relief_station": "Y",
        "accessible": "Y",
        "indoor": "Y",
        "outdoor": "N",
        "service_village": "新聚里、新東里",
        "capacity": "55",
        "area": "218.18"
      },
      "geometry": {
        "type": "Point",
        "coordinates": [
          121.571961008744,
          25.049743985315
        ]
      }
    },
    {
      "type": "Feature",
      "properties": {
        "city": "taipei",
        "id": "SA105-1023",
        "name": "鵬程區民活動中心",
        "address": "臺北市松山區健康路399號3樓",
        "type": "避難所",
        "flood": "N",
        "earthquake": "備用",
        "debris_flow": "N",
        "tsunami": "N",
        "relief_station": "Y",
        "accessible": "Y",
        "indoor": "Y",
        "outdoor": "N",
        "service_village": "新東里、自強里、安平里、富泰里",
        "capacity": "161",
        "area": "647.94"
      },
      "geometry": {
        "type": "Point",
        "coordinates": [
          121.568809999884,
          25.054637005112
        ]
      }
    },
    {
      "type": "Feature",
      "properties": {
        "city": "taipei",
        "id": "SA105-1024",
        "name": "南京復興站",
        "address": "臺北市松山區南京東路3段253號",
        "type": "避難所",
        "flood": "Y",
        "earthquake": "N",
        "debris_flow": "N",
        "tsunami": "N",
        "relief_station": "Y",
        "accessible": "Y",
        "indoor": "Y",
        "outdoor": "N",
        "service_village": "全區",
        "capacity": "1270",
        "area": "5083"
      },
      "geometry": {
        "type": "Point",
        "coordinates": [
          121.544096964199,
          25.05204708085
        ]
      }
    },
    {
      "type": "Feature",
      "properties": {
        "city": "taipei",
        "id": "SA105-1025",
        "name": "臺北市市場處嘟嘟房敦北頂好站停車場",
        "address": "臺北市松山區敦化北路199巷5號地下1樓",
        "type": "避難所",
        "flood": "Y",
        "earthquake": "N",
        "debris_flow": "N",
        "tsunami": "N",
        "relief_station": "Y",
        "accessible": "Y",
        "indoor": "Y",
        "outdoor": "N",
        "service_village": "全區",
        "capacity": "253",
        "area": "1014.96"
      },
      "geometry": {
        "type": "Point",
        "coordinates": [
          121.551530203573,
          25.056993116186
        ]
      }
    },
    {
      "type": "Feature",
      "properties": {
        "city": "taipei",
        "id": "SA105-1026",
        "name": "臺北市立圖書館三民分館",
        "address": "臺北市松山區民生東路五段163-1號5、6樓",
        "type": "避難所",
        "flood": "Y",
        "earthquake": "N",
        "debris_flow": "N",
        "tsunami": "N",
        "relief_station": "Y",
        "accessible": "Y",
        "indoor": "Y",
        "outdoor": "N",
        "service_village": "全區",
        "capacity": "70",
        "area": "280"
      },
      "geometry": {
        "type": "Point",
        "coordinates": [
          121.562838983518,
          25.059272993849
        ]
      }
    },
    {
      "type": "Feature",
      "properties": {
        "city": "taipei",
        "id": "SA105-1027",
        "name": "臺北市立圖書館中崙分館",
        "address": "臺北市松山區長安東路二段229號7-10樓",
        "type": "避難所",
        "flood": "Y",
        "earthquake": "N",
        "debris_flow": "N",
        "tsunami": "N",
        "relief_station": "Y",
        "accessible": "Y",
        "indoor": "Y",
        "outdoor": "N",
        "service_village": "全區",
        "capacity": "37",
        "area": "148"
      },
      "geometry": {
        "type": "Point",
        "coordinates": [
          121.545876023148,
          25.048398983222
        ]
      }
    },
    {
      "type": "Feature",
      "properties": {
        "city": "taipei",
        "id": "SA105-1029",
        "name": "臺北市立圖書館松山分館(暫停用)",
        "address": "臺北市松山區八德路四段688號5-8樓",
        "type": "避難所",
        "flood": "N",
        "earthquake": "N",
        "debris_flow": "N",
        "tsunami": "N",
        "relief_station": "Y",
        "accessible": "Y",
        "indoor": "Y",
        "outdoor": "N",
        "service_village": "全區",
        "capacity": "俟搬遷後重新評估",
        "area": "俟搬遷後重新評估"
      },
      "geometry": {
        "type": "Point",
        "coordinates": [
          121.576882024099,
          25.049842011672
        ]
      }
    },
    {
      "type": "Feature",
      "properties": {
        "city": "taipei",
        "id": "SA105-1030",
        "name": "臺北市立圖書館啟明分館",
        "address": "臺北市松山區敦化北路155巷76號",
        "type": "避難所",
        "flood": "Y",
        "earthquake": "N",
        "debris_flow": "N",
        "tsunami": "N",
        "relief_station": "Y",
        "accessible": "Y",
        "indoor": "Y",
        "outdoor": "N",
        "service_village": "全區",
        "capacity": "100",
        "area": "500"
      },
      "geometry": {
        "type": "Point",
        "coordinates": [
          121.551476475574,
          25.054318911887
        ]
      }
    },
    {
      "type": "Feature",
      "properties": {
        "city": "taipei",
        "id": "SA105-1031",
        "name": "臺北市市場處龍城市場地下停車場",
        "address": "臺北市松山區光復北路190巷39號",
        "type": "避難所",
        "flood": "N",
        "earthquake": "N",
        "debris_flow": "N",
        "tsunami": "N",
        "relief_station": "Y",
        "accessible": "Y",
        "indoor": "Y",
        "outdoor": "N",
        "service_village": "全區",
        "capacity": "879",
        "area": "3517.24"
      },
      "geometry": {
        "type": "Point",
        "coordinates": [
          121.554217022636,
          25.05468398568
        ]
      }
    },
    {
      "type": "Feature",
      "properties": {
        "city": "taipei",
        "id": "SA105-1032",
        "name": "民生公園",
        "address": "民生東路五段36巷4弄與8弄間.",
        "type": "避難所",
        "flood": "Y",
        "earthquake": "Y",
        "debris_flow": "N",
        "tsunami": "N",
        "relief_station": "N",
        "accessible": "Y",
        "indoor": "N",
        "outdoor": "Y",
        "service_village": "全區",
        "capacity": "1554",
        "area": "26250"
      },
      "geometry": {
        "type": "Point",
        "coordinates": [
          121.559471973013,
          25.057754989275
        ]
      }
    },
    {
      "type": "Feature",
      "properties": {
        "city": "taipei",
        "id": "SA106-0001",
        "name": "臺北市民族實驗國中",
        "address": "羅斯福路四段113巷13號",
        "type": "避難所",
        "flood": "N",
        "earthquake": "備用",
        "debris_flow": "N",
        "tsunami": "N",
        "relief_station": "Y",
        "accessible": "Y",
        "indoor": "Y",
        "outdoor": "N",
        "service_village": "古風里、古莊里、龍泉里、學府里、大學里、龍淵里、龍坡里、黎和里",
        "capacity": "139",
        "area": "558"
      },
      "geometry": {
        "type": "Point",
        "coordinates": [
          121.538831871719,
          25.011183919856
        ]
      }
    },
    {
      "type": "Feature",
      "properties": {
        "city": "taipei",
        "id": "SA106-0002",
        "name": "臺北市大安區大安國民小學",
        "address": "臥龍街129號",
        "type": "避難所",
        "flood": "Y",
        "earthquake": "備用",
        "debris_flow": "N",
        "tsunami": "N",
        "relief_station": "Y",
        "accessible": "Y",
        "indoor": "Y",
        "outdoor": "N",
        "service_village": "黎和里、黎孝里、黎元里、芳和里、臥龍里、虎嘯里、臥龍里、臥龍里、學府里、黎和里",
        "capacity": "152",
        "area": "608"
      },
      "geometry": {
        "type": "Point",
        "coordinates": [
          121.549657015852,
          25.019568002326
        ]
      }
    },
    {
      "type": "Feature",
      "properties": {
        "city": "taipei",
        "id": "SA106-0003",
        "name": "臺北市立龍門國民中學",
        "address": "建國南路二段269號",
        "type": "避難所",
        "flood": "Y",
        "earthquake": "Y",
        "debris_flow": "N",
        "tsunami": "N",
        "relief_station": "Y",
        "accessible": "Y",
        "indoor": "Y",
        "outdoor": "N",
        "service_village": "龍門里、龍坡里、龍生里、新龍里、大學里、臥龍里、龍淵里、龍泉里",
        "capacity": "319",
        "area": "1277"
      },
      "geometry": {
        "type": "Point",
        "coordinates": [
          121.538011031941,
          25.024880997383
        ]
      }
    },
    {
      "type": "Feature",
      "properties": {
        "city": "taipei",
        "id": "SA106-0004",
        "name": "臺北市大安區幸安國民小學",
        "address": "仁愛路3段22號",
        "type": "避難所",
        "flood": "Y",
        "earthquake": "Y",
        "debris_flow": "N",
        "tsunami": "N",
        "relief_station": "Y",
        "accessible": "Y",
        "indoor": "Y",
        "outdoor": "N",
        "service_village": "民炤里、和安里、民輝里、龍圖里",
        "capacity": "183",
        "area": "733"
      },
      "geometry": {
        "type": "Point",
        "coordinates": [
          121.534977034449,
          25.037628992013
        ]
      }
    },
    {
      "type": "Feature",
      "properties": {
        "city": "taipei",
        "id": "SA106-0005",
        "name": "大安森林公園",
        "address": "台北市大安區新生南路二段1號",
        "type": "避難所",
        "flood": "Y",
        "earthquake": "Y",
        "debris_flow": "N",
        "tsunami": "N",
        "relief_station": "N",
        "accessible": "Y",
        "indoor": "N",
        "outdoor": "Y",
        "service_village": "全區",
        "capacity": "37949",
        "area": "259354"
      },
      "geometry": {
        "type": "Point",
        "coordinates": [
          121.533080964132,
          25.033226984103
        ]
      }
    },
    {
      "type": "Feature",
      "properties": {
        "city": "taipei",
        "id": "SA106-0006",
        "name": "臺北市大安運動中心",
        "address": "辛亥路三段55號",
        "type": "避難所",
        "flood": "Y",
        "earthquake": "備用",
        "debris_flow": "N",
        "tsunami": "N",
        "relief_station": "Y",
        "accessible": "N",
        "indoor": "Y",
        "outdoor": "N",
        "service_village": "龍淵、臥龍里",
        "capacity": "389",
        "area": "2789"
      },
      "geometry": {
        "type": "Point",
        "coordinates": [
          121.546000997324,
          25.02039701446
        ]
      }
    },
    {
      "type": "Feature",
      "properties": {
        "city": "taipei",
        "id": "SA106-0007",
        "name": "臺北市立大安高級工業職業學校",
        "address": "復興南路2段52號",
        "type": "避難所",
        "flood": "Y",
        "earthquake": "備用",
        "debris_flow": "N",
        "tsunami": "N",
        "relief_station": "Y",
        "accessible": "Y",
        "indoor": "Y",
        "outdoor": "N",
        "service_village": "龍圖、仁慈、住安里",
        "capacity": "100",
        "area": "2035.38"
      },
      "geometry": {
        "type": "Point",
        "coordinates": [
          121.543302024502,
          25.031969991993
        ]
      }
    },
    {
      "type": "Feature",
      "properties": {
        "city": "taipei",
        "id": "SA106-0008",
        "name": "\r\n臺北市立大安國民中學",
        "address": "臺北市大安區大安路二段63號",
        "type": "避難所",
        "flood": "N",
        "earthquake": "備用",
        "debris_flow": "N",
        "tsunami": "N",
        "relief_station": "Y",
        "accessible": "Y",
        "indoor": "Y",
        "outdoor": "N",
        "service_village": "住安里、義安里、通化里、群英里、群賢里、龍陣里、龍雲里、龍圖里、全安里、臨江里、法治里、龍生里",
        "capacity": "100",
        "area": "776"
      },
      "geometry": {
        "type": "Point",
        "coordinates": [
          121.546195038383,
          25.030838015969
        ]
      }
    },
    {
      "type": "Feature",
      "properties": {
        "city": "taipei",
        "id": "SA106-0009",
        "name": "臺北市大安區仁愛國民小學",
        "address": "安和路一段60號",
        "type": "避難所",
        "flood": "N",
        "earthquake": "備用",
        "debris_flow": "N",
        "tsunami": "N",
        "relief_station": "Y",
        "accessible": "Y",
        "indoor": "Y",
        "outdoor": "N",
        "service_village": "光武里、建安里、建倫里、敦煌里、敦安里、通化里、通安里、德安里、仁慈里、義安里、仁愛里、光信里、車層里、通安里",
        "capacity": "350",
        "area": "490"
      },
      "geometry": {
        "type": "Point",
        "coordinates": [
          121.552319024481,
          25.03581301078
        ]
      }
    },
    {
      "type": "Feature",
      "properties": {
        "city": "taipei",
        "id": "SA106-0010",
        "name": "臺北市立仁愛國民中學",
        "address": "仁愛路四段130號",
        "type": "避難所",
        "flood": "N",
        "earthquake": "備用",
        "debris_flow": "N",
        "tsunami": "N",
        "relief_station": "Y",
        "accessible": "Y",
        "indoor": "Y",
        "outdoor": "N",
        "service_village": "建安里、敦安里、德安里、敦煌里、建倫里、光信里、車層里、仁愛里、通安里、正聲里、華聲里、仁愛里、光武里",
        "capacity": "125",
        "area": "900"
      },
      "geometry": {
        "type": "Point",
        "coordinates": [
          121.550661000214,
          25.037477992027
        ]
      }
    },
    {
      "type": "Feature",
      "properties": {
        "city": "taipei",
        "id": "SA106-0011",
        "name": "臺北市大安區公館國民小學",
        "address": "基隆路四段41巷68弄2號",
        "type": "避難所",
        "flood": "N",
        "earthquake": "備用",
        "debris_flow": "N",
        "tsunami": "N",
        "relief_station": "Y",
        "accessible": "Y",
        "indoor": "Y",
        "outdoor": "N",
        "service_village": "學府里、學府里、龍淵里",
        "capacity": "50",
        "area": "108"
      },
      "geometry": {
        "type": "Point",
        "coordinates": [
          121.542865411166,
          25.012417484546
        ]
      }
    },
    {
      "type": "Feature",
      "properties": {
        "city": "taipei",
        "id": "SA106-0012",
        "name": "臺北市大安區古亭國民小學",
        "address": "羅斯福路三段201號",
        "type": "避難所",
        "flood": "N",
        "earthquake": "備用",
        "debris_flow": "N",
        "tsunami": "N",
        "relief_station": "Y",
        "accessible": "Y",
        "indoor": "Y",
        "outdoor": "N",
        "service_village": "古風里、古莊里、大學里、龍泉里",
        "capacity": "200",
        "area": "840"
      },
      "geometry": {
        "type": "Point",
        "coordinates": [
          121.528563034501,
          25.02071900527
        ]
      }
    },
    {
      "type": "Feature",
      "properties": {
        "city": "taipei",
        "id": "SA106-0013",
        "name": "臺北市立和平高級中學",
        "address": "臥龍街100號",
        "type": "避難所",
        "flood": "Y",
        "earthquake": "備用",
        "debris_flow": "N",
        "tsunami": "N",
        "relief_station": "Y",
        "accessible": "Y",
        "indoor": "Y",
        "outdoor": "N",
        "service_village": "虎嘯里、臥龍里、芳和里、全安里、法治里、臨江里、龍淵里",
        "capacity": "300",
        "area": "2360"
      },
      "geometry": {
        "type": "Point",
        "coordinates": [
          121.549145971215,
          25.019638787499
        ]
      }
    },
    {
      "type": "Feature",
      "properties": {
        "city": "taipei",
        "id": "SA106-0014",
        "name": "臺北市芳和實驗中學",
        "address": "臥龍街170號",
        "type": "避難所",
        "flood": "N",
        "earthquake": "備用",
        "debris_flow": "N",
        "tsunami": "N",
        "relief_station": "Y",
        "accessible": "Y",
        "indoor": "Y",
        "outdoor": "N",
        "service_village": "黎和里、黎孝里、黎元里、芳和里、學府里",
        "capacity": "50",
        "area": "150"
      },
      "geometry": {
        "type": "Point",
        "coordinates": [
          121.550305858976,
          25.018702989919
        ]
      }
    },
    {
      "type": "Feature",
      "properties": {
        "city": "taipei",
        "id": "SA106-0015",
        "name": "\r\n臺北市大安區金華國民小學",
        "address": "愛國東路79巷11號",
        "type": "避難所",
        "flood": "N",
        "earthquake": "備用",
        "debris_flow": "N",
        "tsunami": "N",
        "relief_station": "Y",
        "accessible": "Y",
        "indoor": "Y",
        "outdoor": "N",
        "service_village": "光明里、永康里、錦泰里、錦華里、錦安里、龍安里、福住里",
        "capacity": "84",
        "area": "710"
      },
      "geometry": {
        "type": "Point",
        "coordinates": [
          121.527761976015,
          25.032249989469
        ]
      }
    },
    {
      "type": "Feature",
      "properties": {
        "city": "taipei",
        "id": "SA106-0016",
        "name": "臺北市立金華國民中學",
        "address": "新生南路二段32號",
        "type": "避難所",
        "flood": "N",
        "earthquake": "備用",
        "debris_flow": "N",
        "tsunami": "N",
        "relief_station": "Y",
        "accessible": "Y",
        "indoor": "Y",
        "outdoor": "N",
        "service_village": "永康里、福住里、龍安里、錦安里、龍圖里、民炤里、龍坡里、龍泉里、古風里、古莊里、龍淵里、新龍里、龍生里",
        "capacity": "300",
        "area": "1433"
      },
      "geometry": {
        "type": "Point",
        "coordinates": [
          121.533123041286,
          25.031207993175
        ]
      }
    },
    {
      "type": "Feature",
      "properties": {
        "city": "taipei",
        "id": "SA106-0017",
        "name": "臺北市大安區建安國民小學",
        "address": "大安路二段99號",
        "type": "避難所",
        "flood": "N",
        "earthquake": "備用",
        "debris_flow": "N",
        "tsunami": "N",
        "relief_station": "Y",
        "accessible": "Y",
        "indoor": "Y",
        "outdoor": "N",
        "service_village": "群英里、群賢里、全安里、法治里、龍陣里、龍雲里、住安里、義安里、治里、新龍里、龍圖里、臥龍里",
        "capacity": "30",
        "area": "150"
      },
      "geometry": {
        "type": "Point",
        "coordinates": [
          121.546150195201,
          25.029386898982
        ]
      }
    },
    {
      "type": "Feature",
      "properties": {
        "city": "taipei",
        "id": "SA106-0018",
        "name": "臺北市大安區新生國民小學",
        "address": "新生南路二段36號",
        "type": "避難所",
        "flood": "Y",
        "earthquake": "備用",
        "debris_flow": "N",
        "tsunami": "N",
        "relief_station": "Y",
        "accessible": "Y",
        "indoor": "Y",
        "outdoor": "N",
        "service_village": "福住里、錦安里、龍安里",
        "capacity": "414",
        "area": "912.6"
      },
      "geometry": {
        "type": "Point",
        "coordinates": [
          121.533592008768,
          25.029920993852
        ]
      }
    },
    {
      "type": "Feature",
      "properties": {
        "city": "taipei",
        "id": "SA106-0019\r\n",
        "name": "臺北市大安區銘傳國民小學",
        "address": "羅斯褔路四段21號",
        "type": "避難所",
        "flood": "N",
        "earthquake": "備用",
        "debris_flow": "N",
        "tsunami": "N",
        "relief_station": "Y",
        "accessible": "Y",
        "indoor": "Y",
        "outdoor": "N",
        "service_village": "學府里",
        "capacity": "161",
        "area": "760"
      },
      "geometry": {
        "type": "Point",
        "coordinates": [
          121.5345625,
          25.0264562
        ]
      }
    },
    {
      "type": "Feature",
      "properties": {
        "city": "taipei",
        "id": "SA106-0020",
        "name": "台北市大安區龍安國民小學",
        "address": "新生南路三段33號",
        "type": "避難所",
        "flood": "Y",
        "earthquake": "備用",
        "debris_flow": "N",
        "tsunami": "N",
        "relief_station": "Y",
        "accessible": "Y",
        "indoor": "Y",
        "outdoor": "N",
        "service_village": "龍坡里、大學里、龍生里、龍門里、龍泉里、古莊里、龍安里、新龍里、臥龍里",
        "capacity": "31",
        "area": "251"
      },
      "geometry": {
        "type": "Point",
        "coordinates": [
          121.534900004759,
          25.023952994972
        ]
      }
    },
    {
      "type": "Feature",
      "properties": {
        "city": "taipei",
        "id": "SA106-0021",
        "name": "臺北市立懷生國民中學",
        "address": "忠孝東路三段248巷30號",
        "type": "避難所",
        "flood": "Y",
        "earthquake": "備用",
        "debris_flow": "N",
        "tsunami": "N",
        "relief_station": "Y",
        "accessible": "Y",
        "indoor": "Y",
        "outdoor": "N",
        "service_village": "誠安里、民輝里、昌隆里、義村里、民炤里、正聲里、華聲里、仁愛里、光武里",
        "capacity": "167",
        "area": "870"
      },
      "geometry": {
        "type": "Point",
        "coordinates": [
          121.54119598751,
          25.040274991207
        ]
      }
    },
    {
      "type": "Feature",
      "properties": {
        "city": "taipei",
        "id": "SA106-0022",
        "name": "大安站",
        "address": "臺北市大安區信義路3段180號B1",
        "type": "避難所",
        "flood": "Y",
        "earthquake": "N",
        "debris_flow": "N",
        "tsunami": "N",
        "relief_station": "Y",
        "accessible": "Y",
        "indoor": "Y",
        "outdoor": "N",
        "service_village": "全區",
        "capacity": "969",
        "area": "3876"
      },
      "geometry": {
        "type": "Point",
        "coordinates": [
          121.542359982404,
          25.033188008253
        ]
      }
    },
    {
      "type": "Feature",
      "properties": {
        "city": "taipei",
        "id": "SA106-0023",
        "name": "臺北市市場處安東市場地下停車場",
        "address": "臺北市大安區瑞安街75號",
        "type": "避難所",
        "flood": "N",
        "earthquake": "N",
        "debris_flow": "N",
        "tsunami": "N",
        "relief_station": "Y",
        "accessible": "Y",
        "indoor": "Y",
        "outdoor": "N",
        "service_village": "全區",
        "capacity": "386",
        "area": "1545.81"
      },
      "geometry": {
        "type": "Point",
        "coordinates": [
          121.540949978652,
          25.02811800457
        ]
      }
    },
    {
      "type": "Feature",
      "properties": {
        "city": "taipei",
        "id": "SA106-0024",
        "name": "忠孝復興站",
        "address": "臺北市大安區忠孝東路4段47號",
        "type": "避難所",
        "flood": "Y",
        "earthquake": "N",
        "debris_flow": "N",
        "tsunami": "N",
        "relief_station": "Y",
        "accessible": "Y",
        "indoor": "Y",
        "outdoor": "N",
        "service_village": "全區",
        "capacity": "1420",
        "area": "5682"
      },
      "geometry": {
        "type": "Point",
        "coordinates": [
          121.544985026841,
          25.041780003832
        ]
      }
    },
    {
      "type": "Feature",
      "properties": {
        "city": "taipei",
        "id": "SA106-0025",
        "name": "忠孝新生站",
        "address": "臺北市大安區新生南路1段67號",
        "type": "避難所",
        "flood": "Y",
        "earthquake": "N",
        "debris_flow": "N",
        "tsunami": "N",
        "relief_station": "Y",
        "accessible": "Y",
        "indoor": "Y",
        "outdoor": "N",
        "service_village": "全區",
        "capacity": "2803",
        "area": "11212"
      },
      "geometry": {
        "type": "Point",
        "coordinates": [
          121.533216583325,
          25.042455208042
        ]
      }
    },
    {
      "type": "Feature",
      "properties": {
        "city": "taipei",
        "id": "SA106-0026",
        "name": "東門站",
        "address": "臺北市大安區信義路2段166號B1",
        "type": "避難所",
        "flood": "Y",
        "earthquake": "N",
        "debris_flow": "N",
        "tsunami": "N",
        "relief_station": "Y",
        "accessible": "Y",
        "indoor": "Y",
        "outdoor": "N",
        "service_village": "全區",
        "capacity": "1327",
        "area": "5307"
      },
      "geometry": {
        "type": "Point",
        "coordinates": [
          121.529222407042,
          25.033669468225
        ]
      }
    },
    {
      "type": "Feature",
      "properties": {
        "city": "taipei",
        "id": "SA106-0027",
        "name": "東區地下街",
        "address": "臺北市大安路一段77號B1",
        "type": "避難所",
        "flood": "Y",
        "earthquake": "N",
        "debris_flow": "N",
        "tsunami": "N",
        "relief_station": "Y",
        "accessible": "Y",
        "indoor": "Y",
        "outdoor": "N",
        "service_village": "全區",
        "capacity": "2625",
        "area": "13850"
      },
      "geometry": {
        "type": "Point",
        "coordinates": [
          121.546179124032,
          25.04183418132
        ]
      }
    },
    {
      "type": "Feature",
      "properties": {
        "city": "taipei",
        "id": "SA106-0028",
        "name": "臺北市市場處嘟嘟房大安全聯站停車場",
        "address": "臺北市大安區市民大道4段190號地下一樓",
        "type": "避難所",
        "flood": "N",
        "earthquake": "N",
        "debris_flow": "N",
        "tsunami": "N",
        "relief_station": "Y",
        "accessible": "Y",
        "indoor": "Y",
        "outdoor": "N",
        "service_village": "全區",
        "capacity": "237",
        "area": "948.3"
      },
      "geometry": {
        "type": "Point",
        "coordinates": [
          121.554273013749,
          25.044212180676
        ]
      }
    },
    {
      "type": "Feature",
      "properties": {
        "city": "taipei",
        "id": "SA106-0029",
        "name": "臺北市市場處榮帝科技全聯大安北師店停車場",
        "address": "台北市大安區和平東路2段311巷29號地下1樓",
        "type": "避難所",
        "flood": "N",
        "earthquake": "N",
        "debris_flow": "N",
        "tsunami": "N",
        "relief_station": "Y",
        "accessible": "Y",
        "indoor": "Y",
        "outdoor": "N",
        "service_village": "全區",
        "capacity": "76",
        "area": "306.54"
      },
      "geometry": {
        "type": "Point",
        "coordinates": [
          121.545304964085,
          25.02545000288
        ]
      }
    },
    {
      "type": "Feature",
      "properties": {
        "city": "taipei",
        "id": "SA106-0030",
        "name": "臺北市立圖書館道藩分館",
        "address": "臺北市大安區辛亥路三段11號3樓",
        "type": "避難所",
        "flood": "Y",
        "earthquake": "N",
        "debris_flow": "N",
        "tsunami": "N",
        "relief_station": "Y",
        "accessible": "Y",
        "indoor": "Y",
        "outdoor": "N",
        "service_village": "全區",
        "capacity": "32",
        "area": "1177.91"
      },
      "geometry": {
        "type": "Point",
        "coordinates": [
          121.54405103137,
          25.02157601296
        ]
      }
    },
    {
      "type": "Feature",
      "properties": {
        "city": "taipei",
        "id": "SA106-0031",
        "name": "臺北市立圖書館總館",
        "address": "臺北市大安區建國南路二段125號",
        "type": "避難所",
        "flood": "N",
        "earthquake": "N",
        "debris_flow": "N",
        "tsunami": "N",
        "relief_station": "Y",
        "accessible": "Y",
        "indoor": "Y",
        "outdoor": "N",
        "service_village": "全區",
        "capacity": "70",
        "area": "280"
      },
      "geometry": {
        "type": "Point",
        "coordinates": [
          121.538199289487,
          25.029137285905
        ]
      }
    },
    {
      "type": "Feature",
      "properties": {
        "city": "taipei",
        "id": "SA106-0032",
        "name": "臺北市市場處錦安市場地下停車場",
        "address": "臺北市大安區永康街60號",
        "type": "避難所",
        "flood": "Y",
        "earthquake": "N",
        "debris_flow": "N",
        "tsunami": "N",
        "relief_station": "Y",
        "accessible": "Y",
        "indoor": "Y",
        "outdoor": "N",
        "service_village": "全區",
        "capacity": "138",
        "area": "453.52"
      },
      "geometry": {
        "type": "Point",
        "coordinates": [
          121.529390495983,
          25.02850059654
        ]
      }
    },
    {
      "type": "Feature",
      "properties": {
        "city": "taipei",
        "id": "SA108-0001",
        "name": "臺北市立龍山國民中學",
        "address": "南寧路46號",
        "type": "避難所",
        "flood": "Y",
        "earthquake": "備用",
        "debris_flow": "N",
        "tsunami": "N",
        "relief_station": "Y",
        "accessible": "Y",
        "indoor": "Y",
        "outdoor": "N",
        "service_village": "仁德里、西門里、新起里、福音里、富福里、富民里、菜園里、青山里",
        "capacity": "265",
        "area": "1060"
      },
      "geometry": {
        "type": "Point",
        "coordinates": [
          121.504632030383,
          25.036045985779
        ]
      }
    },
    {
      "type": "Feature",
      "properties": {
        "city": "taipei",
        "id": "SA108-0002",
        "name": "臺北市萬華區雙園國民小學",
        "address": "莒光路315號",
        "type": "避難所",
        "flood": "Y",
        "earthquake": "備用",
        "debris_flow": "N",
        "tsunami": "N",
        "relief_station": "Y",
        "accessible": "Y",
        "indoor": "Y",
        "outdoor": "N",
        "service_village": "雙園里、頂碩里",
        "capacity": "123",
        "area": "810"
      },
      "geometry": {
        "type": "Point",
        "coordinates": [
          121.498104958561,
          25.030931013185
        ]
      }
    },
    {
      "type": "Feature",
      "properties": {
        "city": "taipei",
        "id": "SA108-0003",
        "name": "臺北市萬華區新和國民小學",
        "address": "西藏路125巷31號",
        "type": "避難所",
        "flood": "N",
        "earthquake": "Y",
        "debris_flow": "N",
        "tsunami": "N",
        "relief_station": "N",
        "accessible": "Y",
        "indoor": "Y",
        "outdoor": "N",
        "service_village": "新忠里、日祥里、新安里、新和里、忠貞里、凌霄里、騰雲里",
        "capacity": "79",
        "area": "600"
      },
      "geometry": {
        "type": "Point",
        "coordinates": [
          121.50329997833,
          25.026037993387
        ]
      }
    },
    {
      "type": "Feature",
      "properties": {
        "city": "taipei",
        "id": "SA108-0004",
        "name": "青年公園",
        "address": "水源路199號",
        "type": "避難所",
        "flood": "Y",
        "earthquake": "Y",
        "debris_flow": "N",
        "tsunami": "N",
        "relief_station": "N",
        "accessible": "Y",
        "indoor": "N",
        "outdoor": "Y",
        "service_village": "全區",
        "capacity": "31449",
        "area": "246958"
      },
      "geometry": {
        "type": "Point",
        "coordinates": [
          121.506975023778,
          25.022083998202
        ]
      }
    },
    {
      "type": "Feature",
      "properties": {
        "city": "taipei",
        "id": "SA108-0005",
        "name": "臺北市萬華運動中心",
        "address": "西寧南路6之1號",
        "type": "避難所",
        "flood": "N",
        "earthquake": "備用",
        "debris_flow": "N",
        "tsunami": "N",
        "relief_station": "Y",
        "accessible": "N",
        "indoor": "Y",
        "outdoor": "N",
        "service_village": "福星里、萬壽里、西門里",
        "capacity": "226",
        "area": "8584"
      },
      "geometry": {
        "type": "Point",
        "coordinates": [
          121.507016011284,
          25.047063997503
        ]
      }
    },
    {
      "type": "Feature",
      "properties": {
        "city": "taipei",
        "id": "SA108-0006",
        "name": "青年公園棒球場",
        "address": "台北市萬華區水源路199號",
        "type": "避難所",
        "flood": "Y",
        "earthquake": "備用",
        "debris_flow": "N",
        "tsunami": "N",
        "relief_station": "N",
        "accessible": "N",
        "indoor": "N",
        "outdoor": "Y",
        "service_village": "全區",
        "capacity": "60",
        "area": "200.82"
      },
      "geometry": {
        "type": "Point",
        "coordinates": [
          121.506975023778,
          25.022083998202
        ]
      }
    },
    {
      "type": "Feature",
      "properties": {
        "city": "taipei",
        "id": "SA108-0007",
        "name": "臺北市立大理高級中學",
        "address": "長順街２號",
        "type": "避難所",
        "flood": "Y",
        "earthquake": "備用",
        "debris_flow": "N",
        "tsunami": "N",
        "relief_station": "Y",
        "accessible": "Y",
        "indoor": "Y",
        "outdoor": "N",
        "service_village": "柳鄉里、華江里、綠堤里、糖廍里、菜園里、青山里",
        "capacity": "300",
        "area": "1820"
      },
      "geometry": {
        "type": "Point",
        "coordinates": [
          121.491245963374,
          25.030760986279
        ]
      }
    },
    {
      "type": "Feature",
      "properties": {
        "city": "taipei",
        "id": "SA108-0008",
        "name": "臺北市萬華區大理國民小學",
        "address": "艋舺大道389號",
        "type": "避難所",
        "flood": "Y",
        "earthquake": "備用",
        "debris_flow": "N",
        "tsunami": "N",
        "relief_station": "Y",
        "accessible": "N",
        "indoor": "Y",
        "outdoor": "N",
        "service_village": "糖部里、綠堤里、和德里、和平里",
        "capacity": "80",
        "area": "200"
      },
      "geometry": {
        "type": "Point",
        "coordinates": [
          121.493808981727,
          25.031162018437
        ]
      }
    },
    {
      "type": "Feature",
      "properties": {
        "city": "taipei",
        "id": "SA108-0009",
        "name": "臺北市萬華區老松國民小學",
        "address": "桂林路64號",
        "type": "避難所",
        "flood": "Y",
        "earthquake": "備用",
        "debris_flow": "N",
        "tsunami": "N",
        "relief_station": "Y",
        "accessible": "Y",
        "indoor": "Y",
        "outdoor": "N",
        "service_village": "福音里、仁德里、菜園里、新起里、富民里、富福里",
        "capacity": "231",
        "area": "924"
      },
      "geometry": {
        "type": "Point",
        "coordinates": [
          121.502762195423,
          25.038063216507
        ]
      }
    },
    {
      "type": "Feature",
      "properties": {
        "city": "taipei",
        "id": "SA108-0010",
        "name": "臺北市萬華區西門國民小學",
        "address": "成都路98號",
        "type": "避難所",
        "flood": "Y",
        "earthquake": "備用",
        "debris_flow": "N",
        "tsunami": "N",
        "relief_station": "Y",
        "accessible": "Y",
        "indoor": "Y",
        "outdoor": "N",
        "service_village": "西門里、萬壽里、菜園里、新起里",
        "capacity": "149",
        "area": "688"
      },
      "geometry": {
        "type": "Point",
        "coordinates": [
          121.503553027987,
          25.043209998423
        ]
      }
    },
    {
      "type": "Feature",
      "properties": {
        "city": "taipei",
        "id": "SA108-0011",
        "name": "臺北市萬華區西園國民小學",
        "address": "東園街73巷65號",
        "type": "避難所",
        "flood": "Y",
        "earthquake": "備用",
        "debris_flow": "N",
        "tsunami": "N",
        "relief_station": "Y",
        "accessible": "Y",
        "indoor": "Y",
        "outdoor": "N",
        "service_village": "日善里、忠德里、錦德里、孝德里、全德里",
        "capacity": "203",
        "area": "812"
      },
      "geometry": {
        "type": "Point",
        "coordinates": [
          121.498865029541,
          25.026621080482
        ]
      }
    },
    {
      "type": "Feature",
      "properties": {
        "city": "taipei",
        "id": "SA108-0012",
        "name": "臺北市立華江高級中學",
        "address": "西藏路213號",
        "type": "避難所",
        "flood": "Y",
        "earthquake": "備用",
        "debris_flow": "N",
        "tsunami": "N",
        "relief_station": "Y",
        "accessible": "Y",
        "indoor": "Y",
        "outdoor": "N",
        "service_village": "日善里、忠德里",
        "capacity": "300",
        "area": "1824"
      },
      "geometry": {
        "type": "Point",
        "coordinates": [
          121.496168738928,
          25.028526496621
        ]
      }
    },
    {
      "type": "Feature",
      "properties": {
        "city": "taipei",
        "id": "SA108-0013",
        "name": "臺北市萬華區華江國民小學",
        "address": "環河南路二段250巷42弄2號",
        "type": "避難所",
        "flood": "Y",
        "earthquake": "備用",
        "debris_flow": "N",
        "tsunami": "N",
        "relief_station": "Y",
        "accessible": "Y",
        "indoor": "Y",
        "outdoor": "N",
        "service_village": "華江里",
        "capacity": "107",
        "area": "1063.25"
      },
      "geometry": {
        "type": "Point",
        "coordinates": [
          121.491196677783,
          25.034077202451
        ]
      }
    },
    {
      "type": "Feature",
      "properties": {
        "city": "taipei",
        "id": "SA108-0014",
        "name": "臺北市萬華區萬大國民小學",
        "address": "萬大路346號",
        "type": "避難所",
        "flood": "Y",
        "earthquake": "備用",
        "debris_flow": "N",
        "tsunami": "N",
        "relief_station": "Y",
        "accessible": "Y",
        "indoor": "Y",
        "outdoor": "N",
        "service_village": "壽德里、興德里、全德里、忠貞里、日祥里、騰雲里、凌雲里",
        "capacity": "60",
        "area": "660"
      },
      "geometry": {
        "type": "Point",
        "coordinates": [
          121.499345312593,
          25.022979185462
        ]
      }
    },
    {
      "type": "Feature",
      "properties": {
        "city": "taipei",
        "id": "SA108-0015",
        "name": "臺北市立萬華國民中學",
        "address": "西藏路201號",
        "type": "避難所",
        "flood": "Y",
        "earthquake": "備用",
        "debris_flow": "N",
        "tsunami": "N",
        "relief_station": "Y",
        "accessible": "Y",
        "indoor": "Y",
        "outdoor": "N",
        "service_village": "壽德里、忠德里、保德里、興德里、日善里、全德里、頂碩里、新忠里、新安里、忠貞里、日祥里、雙園里、新和里、日祥里、華中里",
        "capacity": "50",
        "area": "1350"
      },
      "geometry": {
        "type": "Point",
        "coordinates": [
          121.498702085343,
          25.029159204582
        ]
      }
    },
    {
      "type": "Feature",
      "properties": {
        "city": "taipei",
        "id": "SA108-0016",
        "name": "臺北市萬華區福星國民小學",
        "address": "中華路一段66號",
        "type": "避難所",
        "flood": "N",
        "earthquake": "備用",
        "debris_flow": "N",
        "tsunami": "N",
        "relief_station": "Y",
        "accessible": "Y",
        "indoor": "Y",
        "outdoor": "N",
        "service_village": "福星里、萬壽里",
        "capacity": "50",
        "area": "500"
      },
      "geometry": {
        "type": "Point",
        "coordinates": [
          121.508889031368,
          25.046326012838
        ]
      }
    },
    {
      "type": "Feature",
      "properties": {
        "city": "taipei",
        "id": "SA108-0017",
        "name": "臺北市萬華區龍山國民小學",
        "address": "和平西路三段235號",
        "type": "避難所",
        "flood": "Y",
        "earthquake": "備用",
        "debris_flow": "N",
        "tsunami": "N",
        "relief_station": "Y",
        "accessible": "Y",
        "indoor": "Y",
        "outdoor": "N",
        "service_village": "青山里、柳鄉里、菜園里、富福里、糖部里",
        "capacity": "150",
        "area": "941"
      },
      "geometry": {
        "type": "Point",
        "coordinates": [
          121.496189023133,
          25.035563984437
        ]
      }
    },
    {
      "type": "Feature",
      "properties": {
        "city": "taipei",
        "id": "SA108-0018",
        "name": "臺北市立雙園國民中學",
        "address": "興義街二號",
        "type": "避難所",
        "flood": "N",
        "earthquake": "備用",
        "debris_flow": "N",
        "tsunami": "N",
        "relief_station": "Y",
        "accessible": "Y",
        "indoor": "Y",
        "outdoor": "N",
        "service_village": "孝德里、銘德里、和德里、錦德里、和平里、榮德里、華中里、頂碩里、新忠里、新安里、忠貞里、雙園里、新和里，日祥里",
        "capacity": "210",
        "area": "840"
      },
      "geometry": {
        "type": "Point",
        "coordinates": [
          121.492731990988,
          25.027631979914
        ]
      }
    },
    {
      "type": "Feature",
      "properties": {
        "city": "taipei",
        "id": "SA108-0019",
        "name": "臺北市市場處臺北市家禽批發市場",
        "address": "臺北市萬華區環河南路二段338號",
        "type": "避難所",
        "flood": "Y",
        "earthquake": "N",
        "debris_flow": "N",
        "tsunami": "N",
        "relief_station": "Y",
        "accessible": "Y",
        "indoor": "Y",
        "outdoor": "N",
        "service_village": "全區",
        "capacity": "1528",
        "area": "6115.41"
      },
      "geometry": {
        "type": "Point",
        "coordinates": [
          121.489897081279,
          25.030576194087
        ]
      }
    },
    {
      "type": "Feature",
      "properties": {
        "city": "taipei",
        "id": "SA108-0020",
        "name": "西門地下街",
        "address": "臺北市中華路一段51-1號B1",
        "type": "避難所",
        "flood": "N",
        "earthquake": "N",
        "debris_flow": "N",
        "tsunami": "N",
        "relief_station": "Y",
        "accessible": "Y",
        "indoor": "Y",
        "outdoor": "N",
        "service_village": "全區",
        "capacity": "770",
        "area": "3080"
      },
      "geometry": {
        "type": "Point",
        "coordinates": [
          121.509076534542,
          25.043960514033
        ]
      }
    },
    {
      "type": "Feature",
      "properties": {
        "city": "taipei",
        "id": "SA108-0021",
        "name": "臺北市市場處西寧市場地下停車場",
        "address": "臺北市萬華區西寧南路4號B1",
        "type": "避難所",
        "flood": "N",
        "earthquake": "N",
        "debris_flow": "N",
        "tsunami": "N",
        "relief_station": "Y",
        "accessible": "Y",
        "indoor": "Y",
        "outdoor": "N",
        "service_village": "全區",
        "capacity": "505",
        "area": "9216"
      },
      "geometry": {
        "type": "Point",
        "coordinates": [
          121.507047024326,
          25.047933997143
        ]
      }
    },
    {
      "type": "Feature",
      "properties": {
        "city": "taipei",
        "id": "SA108-0022",
        "name": "臺北市立圖書館西園分館",
        "address": "臺北市萬華區興寧街6號3-6樓",
        "type": "避難所",
        "flood": "Y",
        "earthquake": "N",
        "debris_flow": "N",
        "tsunami": "N",
        "relief_station": "Y",
        "accessible": "Y",
        "indoor": "Y",
        "outdoor": "N",
        "service_village": "全區",
        "capacity": "40",
        "area": "322"
      },
      "geometry": {
        "type": "Point",
        "coordinates": [
          121.499956018059,
          25.032292988632
        ]
      }
    },
    {
      "type": "Feature",
      "properties": {
        "city": "taipei",
        "id": "SA108-0023",
        "name": "臺北市立圖書館萬華分館",
        "address": "臺北市萬華區東園街19號5-7樓",
        "type": "避難所",
        "flood": "Y",
        "earthquake": "N",
        "debris_flow": "N",
        "tsunami": "N",
        "relief_station": "Y",
        "accessible": "Y",
        "indoor": "Y",
        "outdoor": "N",
        "service_village": "全區",
        "capacity": "30",
        "area": "611"
      },
      "geometry": {
        "type": "Point",
        "coordinates": [
          121.49787998828,
          25.023151014477
        ]
      }
    },
    {
      "type": "Feature",
      "properties": {
        "city": "taipei",
        "id": "SA108-0024",
        "name": "臺北市市場處龍山寺地下街",
        "address": "臺北市萬華區西園路一段145號B2",
        "type": "避難所",
        "flood": "Y",
        "earthquake": "N",
        "debris_flow": "N",
        "tsunami": "N",
        "relief_station": "Y",
        "accessible": "Y",
        "indoor": "Y",
        "outdoor": "N",
        "service_village": "全區",
        "capacity": "6050",
        "area": "6655.7"
      },
      "geometry": {
        "type": "Point",
        "coordinates": [
          121.499541962243,
          25.037109265403
        ]
      }
    },
    {
      "type": "Feature",
      "properties": {
        "city": "taipei",
        "id": "SA108-0025",
        "name": "臺北市市場處環南中繼市場停車場",
        "address": "環河南路二段338號4樓-5樓",
        "type": "避難所",
        "flood": "Y",
        "earthquake": "N",
        "debris_flow": "N",
        "tsunami": "N",
        "relief_station": "Y",
        "accessible": "Y",
        "indoor": "Y",
        "outdoor": "N",
        "service_village": "全區",
        "capacity": "7951",
        "area": "203965"
      },
      "geometry": {
        "type": "Point",
        "coordinates": [
          121.489897081279,
          25.030576194087
        ]
      }
    },
    {
      "type": "Feature",
      "properties": {
        "city": "taipei",
        "id": "SA110-0001",
        "name": "臺北市信義區博愛國民小學",
        "address": "松仁路95巷20號",
        "type": "避難所",
        "flood": "N",
        "earthquake": "Y",
        "debris_flow": "N",
        "tsunami": "N",
        "relief_station": "Y",
        "accessible": "Y",
        "indoor": "Y",
        "outdoor": "N",
        "service_village": "安康里、松友里、廣居里、國業里、富台里",
        "capacity": "156",
        "area": "1254.52"
      },
      "geometry": {
        "type": "Point",
        "coordinates": [
          121.571133714901,
          25.036443287989
        ]
      }
    },
    {
      "type": "Feature",
      "properties": {
        "city": "taipei",
        "id": "SA110-0002",
        "name": "臺北市信義區吳興國民小學",
        "address": "松仁路226號",
        "type": "避難所",
        "flood": "Y",
        "earthquake": "備用",
        "debris_flow": "Y",
        "tsunami": "N",
        "relief_station": "Y",
        "accessible": "Y",
        "indoor": "Y",
        "outdoor": "N",
        "service_village": "三張里、三犁里、惠安里、六合里、泰和里、雙和里、黎安里、黎忠里",
        "capacity": "141",
        "area": "546"
      },
      "geometry": {
        "type": "Point",
        "coordinates": [
          121.568598021552,
          25.025907990069
        ]
      }
    },
    {
      "type": "Feature",
      "properties": {
        "city": "taipei",
        "id": "SA110-0003",
        "name": "臺北市立信義國民中學",
        "address": "松仁路158巷1號",
        "type": "避難所",
        "flood": "N",
        "earthquake": "備用",
        "debris_flow": "N",
        "tsunami": "N",
        "relief_station": "Y",
        "accessible": "Y",
        "indoor": "Y",
        "outdoor": "N",
        "service_village": "雙和里、泰和里、六合里、惠安里、嘉興里、中興里、景新里、景勤里、三張里、三犁里、景聯里、黎順里、黎安里、黎忠里、松友里",
        "capacity": "206",
        "area": "824"
      },
      "geometry": {
        "type": "Point",
        "coordinates": [
          121.568764569968,
          25.040740312562
        ]
      }
    },
    {
      "type": "Feature",
      "properties": {
        "city": "taipei",
        "id": "SA110-0004",
        "name": "臺北市立興雅國民中學",
        "address": "松德路168巷15號",
        "type": "避難所",
        "flood": "N",
        "earthquake": "Y",
        "debris_flow": "N",
        "tsunami": "N",
        "relief_station": "Y",
        "accessible": "Y",
        "indoor": "Y",
        "outdoor": "N",
        "service_village": "敦厚里、六藝里、興雅里、興隆里、新仁里、安康里、富台里、松友里、國業里、廣居里、松隆里、西村里",
        "capacity": "251",
        "area": "1005"
      },
      "geometry": {
        "type": "Point",
        "coordinates": [
          121.572354622917,
          25.036437588295
        ]
      }
    },
    {
      "type": "Feature",
      "properties": {
        "city": "taipei",
        "id": "SA110-0005",
        "name": "臺北市信義區信義國民小學",
        "address": "松勤街60號",
        "type": "避難所",
        "flood": "N",
        "earthquake": "備用",
        "debris_flow": "N",
        "tsunami": "N",
        "relief_station": "Y",
        "accessible": "Y",
        "indoor": "Y",
        "outdoor": "N",
        "service_village": "景勤里、三張里、景新里、雙和里、三犁里、黎安里、黎忠里、六合里",
        "capacity": "164",
        "area": "600"
      },
      "geometry": {
        "type": "Point",
        "coordinates": [
          121.563206027059,
          25.031814004775
        ]
      }
    },
    {
      "type": "Feature",
      "properties": {
        "city": "taipei",
        "id": "SA110-0006",
        "name": "松德公園",
        "address": "松德路180巷興雅國中東側",
        "type": "避難所",
        "flood": "N",
        "earthquake": "Y",
        "debris_flow": "N",
        "tsunami": "N",
        "relief_station": "N",
        "accessible": "Y",
        "indoor": "N",
        "outdoor": "Y",
        "service_village": "全區",
        "capacity": "1340",
        "area": "10767"
      },
      "geometry": {
        "type": "Point",
        "coordinates": [
          121.573520696914,
          25.035331131279
        ]
      }
    },
    {
      "type": "Feature",
      "properties": {
        "city": "taipei",
        "id": "SA110-0007",
        "name": "臺北市信義運動中心",
        "address": "松勤路100號",
        "type": "避難所",
        "flood": "N",
        "earthquake": "備用",
        "debris_flow": "N",
        "tsunami": "N",
        "relief_station": "Y",
        "accessible": "N",
        "indoor": "Y",
        "outdoor": "N",
        "service_village": "三張里、景新里、安康里、三犁里、西村里",
        "capacity": "200",
        "area": "1055.52"
      },
      "geometry": {
        "type": "Point",
        "coordinates": [
          121.5133816,
          25.0290897
        ]
      }
    },
    {
      "type": "Feature",
      "properties": {
        "city": "taipei",
        "id": "SA110-0008",
        "name": "臺北市信義區三興國民小學",
        "address": "基隆路2段99號",
        "type": "避難所",
        "flood": "Y",
        "earthquake": "備用",
        "debris_flow": "N",
        "tsunami": "N",
        "relief_station": "Y",
        "accessible": "N",
        "indoor": "Y",
        "outdoor": "N",
        "service_village": "中興里、嘉興里、景聯里、黎順里、景勤里、黎忠里、黎平里",
        "capacity": "77",
        "area": "1104.66"
      },
      "geometry": {
        "type": "Point",
        "coordinates": [
          121.557764998431,
          25.02965801164
        ]
      }
    },
    {
      "type": "Feature",
      "properties": {
        "city": "taipei",
        "id": "SA110-0009",
        "name": "臺北市信義區雙永國民小學",
        "address": "松山路287巷5號",
        "type": "避難所",
        "flood": "N",
        "earthquake": "備用",
        "debris_flow": "N",
        "tsunami": "N",
        "relief_station": "Y",
        "accessible": "Y",
        "indoor": "Y",
        "outdoor": "N",
        "service_village": "松光里、大道里、大仁里、永春里",
        "capacity": "116",
        "area": "620"
      },
      "geometry": {
        "type": "Point",
        "coordinates": [
          121.57975332885,
          25.043346497716
        ]
      }
    },
    {
      "type": "Feature",
      "properties": {
        "city": "taipei",
        "id": "SA110-0009",
        "name": "臺北市信義區雙永國民小學",
        "address": "松山路287巷5號",
        "type": "避難所",
        "flood": "N",
        "earthquake": "備用",
        "debris_flow": "N",
        "tsunami": "N",
        "relief_station": "Y",
        "accessible": "Y",
        "indoor": "Y",
        "outdoor": "N",
        "service_village": "松光里、大道里、大仁里、永春里",
        "capacity": "116",
        "area": "620"
      },
      "geometry": {
        "type": "Point",
        "coordinates": [
          121.57975332885,
          25.043346497716
        ]
      }
    },
    {
      "type": "Feature",
      "properties": {
        "city": "taipei",
        "id": "SA110-0010",
        "name": "臺北市立永吉國民中學\r\n",
        "address": "松隆路161號",
        "type": "避難所",
        "flood": "N",
        "earthquake": "備用",
        "debris_flow": "N",
        "tsunami": "N",
        "relief_station": "Y",
        "accessible": "Y",
        "indoor": "Y",
        "outdoor": "N",
        "service_village": "四育里、四維里、五常里、永吉里、永春里、雅祥里、五全里、長春里",
        "capacity": "97",
        "area": "730"
      },
      "geometry": {
        "type": "Point",
        "coordinates": [
          121.574140722665,
          25.048335699853
        ]
      }
    },
    {
      "type": "Feature",
      "properties": {
        "city": "taipei",
        "id": "SA110-0011",
        "name": "臺北市立永春高級中學",
        "address": "松山路654號",
        "type": "避難所",
        "flood": "N",
        "earthquake": "備用",
        "debris_flow": "N",
        "tsunami": "N",
        "relief_station": "Y",
        "accessible": "Y",
        "indoor": "Y",
        "outdoor": "N",
        "service_village": "松隆里、大仁里、中坡里、松光里、國業里、松友里",
        "capacity": "300",
        "area": "580"
      },
      "geometry": {
        "type": "Point",
        "coordinates": [
          121.5812614218,
          25.03413510729
        ]
      }
    },
    {
      "type": "Feature",
      "properties": {
        "city": "taipei",
        "id": "SA110-0012",
        "name": "臺北市信義區雙永國民小學",
        "address": "松山路287巷5號",
        "type": "避難所",
        "flood": "N",
        "earthquake": "備用",
        "debris_flow": "N",
        "tsunami": "N",
        "relief_station": "N",
        "accessible": "Y",
        "indoor": "Y",
        "outdoor": "N",
        "service_village": "永吉里、四育里、四維里、永春里、長春里、富台里、廣居里",
        "capacity": "115",
        "area": "改建後重新評估"
      },
      "geometry": {
        "type": "Point",
        "coordinates": [
          121.57975332885,
          25.043346497716
        ]
      }
    },
    {
      "type": "Feature",
      "properties": {
        "city": "taipei",
        "id": "SA110-0012",
        "name": "臺北市信義區雙永國民小學",
        "address": "松山路287巷5號",
        "type": "避難所",
        "flood": "N",
        "earthquake": "備用",
        "debris_flow": "N",
        "tsunami": "N",
        "relief_station": "N",
        "accessible": "Y",
        "indoor": "Y",
        "outdoor": "N",
        "service_village": "永吉里、四育里、四維里、永春里、長春里、富台里、廣居里",
        "capacity": "115",
        "area": "改建後重新評估"
      },
      "geometry": {
        "type": "Point",
        "coordinates": [
          121.57975332885,
          25.043346497716
        ]
      }
    },
    {
      "type": "Feature",
      "properties": {
        "city": "taipei",
        "id": "SA110-0013",
        "name": "臺北市信義區光復國民小學",
        "address": "光復南路271號",
        "type": "避難所",
        "flood": "N",
        "earthquake": "備用",
        "debris_flow": "N",
        "tsunami": "N",
        "relief_station": "Y",
        "accessible": "Y",
        "indoor": "Y",
        "outdoor": "N",
        "service_village": "中興里、新仁里、正和里、西村里、興隆里、華聲里、車層里、復盛里、光信里、正聲里",
        "capacity": "80",
        "area": "1177.8"
      },
      "geometry": {
        "type": "Point",
        "coordinates": [
          121.557830964009,
          25.04012499705
        ]
      }
    },
    {
      "type": "Feature",
      "properties": {
        "city": "taipei",
        "id": "SA110-0014",
        "name": "臺北市立松山高級工農職業學校",
        "address": "忠孝東路五段236巷15號",
        "type": "避難所",
        "flood": "N",
        "earthquake": "備用",
        "debris_flow": "N",
        "tsunami": "N",
        "relief_station": "Y",
        "accessible": "Y",
        "indoor": "Y",
        "outdoor": "N",
        "service_village": "安康里、廣居里、國業里、富台里、長春里、興雅里",
        "capacity": "333",
        "area": "1333"
      },
      "geometry": {
        "type": "Point",
        "coordinates": [
          121.572043989586,
          25.039835989028
        ]
      }
    },
    {
      "type": "Feature",
      "properties": {
        "city": "taipei",
        "id": "SA110-0015",
        "name": "臺北市立松山高級商業家事職業學校",
        "address": "松山路655號",
        "type": "避難所",
        "flood": "N",
        "earthquake": "備用",
        "debris_flow": "N",
        "tsunami": "N",
        "relief_station": "Y",
        "accessible": "Y",
        "indoor": "Y",
        "outdoor": "N",
        "service_village": "松隆里、大仁里、中坡里、松光里、國業里、松友里",
        "capacity": "116",
        "area": "1460.41"
      },
      "geometry": {
        "type": "Point",
        "coordinates": [
          121.581262266478,
          25.034118691691
        ]
      }
    },
    {
      "type": "Feature",
      "properties": {
        "city": "taipei",
        "id": "SA110-0016",
        "name": "臺北市立松山高級中學",
        "address": "基隆路一段156號",
        "type": "避難所",
        "flood": "Y",
        "earthquake": "備用",
        "debris_flow": "N",
        "tsunami": "N",
        "relief_station": "Y",
        "accessible": "Y",
        "indoor": "Y",
        "outdoor": "N",
        "service_village": "新仁里、敦厚里、興雅里、興隆里",
        "capacity": "300",
        "area": "1163"
      },
      "geometry": {
        "type": "Point",
        "coordinates": [
          121.565825204163,
          25.043878119925
        ]
      }
    },
    {
      "type": "Feature",
      "properties": {
        "city": "taipei",
        "id": "SA110-0017",
        "name": "臺北市立瑠公國民中學",
        "address": "福德街221巷15號",
        "type": "避難所",
        "flood": "N",
        "earthquake": "備用",
        "debris_flow": "N",
        "tsunami": "N",
        "relief_station": "Y",
        "accessible": "Y",
        "indoor": "Y",
        "outdoor": "N",
        "service_village": "大道里、中坡里、中行里、大仁里、松光里、松隆里",
        "capacity": "100",
        "area": "1298.35"
      },
      "geometry": {
        "type": "Point",
        "coordinates": [
          121.585334150481,
          25.035698723607
        ]
      }
    },
    {
      "type": "Feature",
      "properties": {
        "city": "taipei",
        "id": "SA110-0018",
        "name": "臺北市信義區福德國民小學",
        "address": "福德街253號",
        "type": "避難所",
        "flood": "N",
        "earthquake": "備用",
        "debris_flow": "N",
        "tsunami": "N",
        "relief_station": "Y",
        "accessible": "Y",
        "indoor": "Y",
        "outdoor": "N",
        "service_village": "中行里、中坡里、松隆里",
        "capacity": "105",
        "area": "420"
      },
      "geometry": {
        "type": "Point",
        "coordinates": [
          121.586529678473,
          25.038900820091
        ]
      }
    },
    {
      "type": "Feature",
      "properties": {
        "city": "taipei",
        "id": "SA110-0019",
        "name": "臺北市信義區興雅國民小學",
        "address": "基隆路一段83巷9號",
        "type": "避難所",
        "flood": "N",
        "earthquake": "備用",
        "debris_flow": "N",
        "tsunami": "N",
        "relief_station": "Y",
        "accessible": "Y",
        "indoor": "Y",
        "outdoor": "N",
        "service_village": "新仁里、敦厚里、興雅里、雅祥里、五全里、五常里、六藝里、四育里",
        "capacity": "198",
        "area": "3485.72"
      },
      "geometry": {
        "type": "Point",
        "coordinates": [
          121.570082959519,
          25.046824987534
        ]
      }
    },
    {
      "type": "Feature",
      "properties": {
        "city": "taipei",
        "id": "SA110-0021",
        "name": "景勤1號公園",
        "address": "吳興街220巷59弄旁(陸軍保養廠)",
        "type": "避難所",
        "flood": "N",
        "earthquake": "Y",
        "debris_flow": "N",
        "tsunami": "N",
        "relief_station": "N",
        "accessible": "Y",
        "indoor": "N",
        "outdoor": "Y",
        "service_village": "全區",
        "capacity": "942",
        "area": "11563"
      },
      "geometry": {
        "type": "Point",
        "coordinates": [
          121.562860081424,
          25.027579795996
        ]
      }
    },
    {
      "type": "Feature",
      "properties": {
        "city": "taipei",
        "id": "SA110-0022",
        "name": "景勤2號公園",
        "address": "信安街、吳興街220巷交口",
        "type": "避難所",
        "flood": "Y",
        "earthquake": "Y",
        "debris_flow": "N",
        "tsunami": "N",
        "relief_station": "N",
        "accessible": "Y",
        "indoor": "N",
        "outdoor": "Y",
        "service_village": "全區",
        "capacity": "1023",
        "area": "11790"
      },
      "geometry": {
        "type": "Point",
        "coordinates": [
          121.562018294891,
          25.026845309208
        ]
      }
    },
    {
      "type": "Feature",
      "properties": {
        "city": "taipei",
        "id": "SA110-0023",
        "name": "三興市場大樓地下停車場",
        "address": "臺北市信義區吳興街156巷6號B1、B2",
        "type": "避難所",
        "flood": "N",
        "earthquake": "N",
        "debris_flow": "N",
        "tsunami": "N",
        "relief_station": "Y",
        "accessible": "Y",
        "indoor": "Y",
        "outdoor": "N",
        "service_village": "全區",
        "capacity": "504",
        "area": "1891.65"
      },
      "geometry": {
        "type": "Point",
        "coordinates": [
          121.561176265386,
          25.029013485196
        ]
      }
    },
    {
      "type": "Feature",
      "properties": {
        "city": "taipei",
        "id": "SA110-0024",
        "name": "市府轉運站",
        "address": "臺北市信義區忠孝東路5段6號",
        "type": "避難所",
        "flood": "N",
        "earthquake": "N",
        "debris_flow": "N",
        "tsunami": "N",
        "relief_station": "Y",
        "accessible": "Y",
        "indoor": "Y",
        "outdoor": "N",
        "service_village": "全區",
        "capacity": "8248",
        "area": "32993"
      },
      "geometry": {
        "type": "Point",
        "coordinates": [
          121.565152975528,
          25.040867005028
        ]
      }
    },
    {
      "type": "Feature",
      "properties": {
        "city": "taipei",
        "id": "SA110-0025",
        "name": "臺北市市場處全聯松山松興店地下二樓停車場",
        "address": "臺北市信義區松隆路36號地下二樓",
        "type": "避難所",
        "flood": "Y",
        "earthquake": "N",
        "debris_flow": "N",
        "tsunami": "N",
        "relief_station": "Y",
        "accessible": "Y",
        "indoor": "Y",
        "outdoor": "N",
        "service_village": "全區",
        "capacity": "177",
        "area": "349"
      },
      "geometry": {
        "type": "Point",
        "coordinates": [
          121.567580961421,
          25.043462000342
        ]
      }
    },
    {
      "type": "Feature",
      "properties": {
        "city": "taipei",
        "id": "SA110-0026",
        "name": "臺北市立圖書館六合分館",
        "address": "臺北市信義區松仁路240巷19號3-5樓",
        "type": "避難所",
        "flood": "Y",
        "earthquake": "N",
        "debris_flow": "N",
        "tsunami": "N",
        "relief_station": "Y",
        "accessible": "Y",
        "indoor": "Y",
        "outdoor": "N",
        "service_village": "全區",
        "capacity": "46",
        "area": "184"
      },
      "geometry": {
        "type": "Point",
        "coordinates": [
          121.568790302411,
          25.024447988264
        ]
      }
    },
    {
      "type": "Feature",
      "properties": {
        "city": "taipei",
        "id": "SA110-0027",
        "name": "臺北市立圖書館永春分館",
        "address": "臺北市信義區松山路294號3-4樓",
        "type": "避難所",
        "flood": "N",
        "earthquake": "N",
        "debris_flow": "N",
        "tsunami": "N",
        "relief_station": "Y",
        "accessible": "Y",
        "indoor": "Y",
        "outdoor": "N",
        "service_village": "全區",
        "capacity": "76",
        "area": "306"
      },
      "geometry": {
        "type": "Point",
        "coordinates": [
          121.577572022368,
          25.043098980115
        ]
      }
    },
    {
      "type": "Feature",
      "properties": {
        "city": "taipei",
        "id": "SA111-0001",
        "name": "臺北市士林區社子國民小學",
        "address": "延平北路六段308號",
        "type": "避難所",
        "flood": "Y",
        "earthquake": "備用",
        "debris_flow": "N",
        "tsunami": "N",
        "relief_station": "Y",
        "accessible": "Y",
        "indoor": "Y",
        "outdoor": "N",
        "service_village": "社子里、社園里、永倫里、福安里、社新里",
        "capacity": "160",
        "area": "640"
      },
      "geometry": {
        "type": "Point",
        "coordinates": [
          121.502893958941,
          25.089874987067
        ]
      }
    },
    {
      "type": "Feature",
      "properties": {
        "city": "taipei",
        "id": "SA111-0002",
        "name": "臺北市立至善國民中學",
        "address": "至善路二段360號",
        "type": "避難所",
        "flood": "N",
        "earthquake": "備用",
        "debris_flow": "老舊聚落",
        "tsunami": "N",
        "relief_station": "Y",
        "accessible": "Y",
        "indoor": "Y",
        "outdoor": "N",
        "service_village": "溪山里、翠山里、福林里、臨溪里、名山里、岩山里、福志里",
        "capacity": "157",
        "area": "630"
      },
      "geometry": {
        "type": "Point",
        "coordinates": [
          121.555522001141,
          25.103577009916
        ]
      }
    },
    {
      "type": "Feature",
      "properties": {
        "city": "taipei",
        "id": "SA111-0003",
        "name": "臺北市士林區福林國民小學",
        "address": "福志路75號",
        "type": "避難所",
        "flood": "N",
        "earthquake": "Y",
        "debris_flow": "N",
        "tsunami": "N",
        "relief_station": "Y",
        "accessible": "Y",
        "indoor": "Y",
        "outdoor": "N",
        "service_village": "福林里、福志里、舊佳里、臨溪里",
        "capacity": "168",
        "area": "674"
      },
      "geometry": {
        "type": "Point",
        "coordinates": [
          121.529689478469,
          25.098691114736
        ]
      }
    },
    {
      "type": "Feature",
      "properties": {
        "city": "taipei",
        "id": "SA111-0004",
        "name": "臺北市士林區士林國民小學",
        "address": "大東路165號",
        "type": "避難所",
        "flood": "N",
        "earthquake": "Y",
        "debris_flow": "老舊聚落",
        "tsunami": "N",
        "relief_station": "Y",
        "accessible": "Y",
        "indoor": "Y",
        "outdoor": "N",
        "service_village": "仁勇里、義信里、福佳里、福林里、舊佳里、福德里",
        "capacity": "219",
        "area": "876"
      },
      "geometry": {
        "type": "Point",
        "coordinates": [
          121.525017992372,
          25.092886018144
        ]
      }
    },
    {
      "type": "Feature",
      "properties": {
        "city": "taipei",
        "id": "SA111-0005",
        "name": "臺北市士林區陽明山國民小學",
        "address": "仰德大道三段61號",
        "type": "避難所",
        "flood": "N",
        "earthquake": "備用",
        "debris_flow": "Y",
        "tsunami": "N",
        "relief_station": "Y",
        "accessible": "Y",
        "indoor": "Y",
        "outdoor": "N",
        "service_village": "永福里、公館里、新安里、陽明里、菁山里、芝山里",
        "capacity": "50",
        "area": "200"
      },
      "geometry": {
        "type": "Point",
        "coordinates": [
          121.552790171258,
          25.119344585165
        ]
      }
    },
    {
      "type": "Feature",
      "properties": {
        "city": "taipei",
        "id": "SA111-0006",
        "name": "臺北市溪山實驗國民小學",
        "address": "至善路三段199號",
        "type": "避難所",
        "flood": "N",
        "earthquake": "備用",
        "debris_flow": "Y",
        "tsunami": "N",
        "relief_station": "Y",
        "accessible": "Y",
        "indoor": "Y",
        "outdoor": "N",
        "service_village": "溪山里",
        "capacity": "50",
        "area": "105"
      },
      "geometry": {
        "type": "Point",
        "coordinates": [
          121.579650985813,
          25.119808984511
        ]
      }
    },
    {
      "type": "Feature",
      "properties": {
        "city": "taipei",
        "id": "SA111-0007",
        "name": "士林官邸公園",
        "address": "福林路60號",
        "type": "避難所",
        "flood": "N",
        "earthquake": "Y",
        "debris_flow": "N",
        "tsunami": "N",
        "relief_station": "N",
        "accessible": "Y",
        "indoor": "N",
        "outdoor": "Y",
        "service_village": "全區",
        "capacity": "1930",
        "area": "129965"
      },
      "geometry": {
        "type": "Point",
        "coordinates": [
          121.530247964678,
          25.094586999665
        ]
      }
    },
    {
      "type": "Feature",
      "properties": {
        "city": "taipei",
        "id": "SA111-0008",
        "name": "臺北市士林運動中心",
        "address": "士商路1號",
        "type": "避難所",
        "flood": "N",
        "earthquake": "備用",
        "debris_flow": "N",
        "tsunami": "N",
        "relief_station": "Y",
        "accessible": "N",
        "indoor": "Y",
        "outdoor": "N",
        "service_village": "福德里、仁勇里、義信里、福林里、福志里、舊佳里、福佳港、後港里、福中里、前港里、百齡里、承德里、福華里、明勝里",
        "capacity": "171",
        "area": "1362.53"
      },
      "geometry": {
        "type": "Point",
        "coordinates": [
          121.521457024627,
          25.089334019036
        ]
      }
    },
    {
      "type": "Feature",
      "properties": {
        "city": "taipei",
        "id": "SA111-0009",
        "name": "臺北市市場處士東市場地下停車場",
        "address": "臺北市士林區士東路100號",
        "type": "避難所",
        "flood": "N",
        "earthquake": "N",
        "debris_flow": "N",
        "tsunami": "N",
        "relief_station": "Y",
        "accessible": "Y",
        "indoor": "Y",
        "outdoor": "N",
        "service_village": "全區",
        "capacity": "771",
        "area": "2979.79"
      },
      "geometry": {
        "type": "Point",
        "coordinates": [
          121.529437015545,
          25.112004007731
        ]
      }
    },
    {
      "type": "Feature",
      "properties": {
        "city": "taipei",
        "id": "SA111-0010",
        "name": "天母棒球場",
        "address": "忠誠路二段77號",
        "type": "避難所",
        "flood": "Y",
        "earthquake": "備用",
        "debris_flow": "N",
        "tsunami": "N",
        "relief_station": "Y",
        "accessible": "N",
        "indoor": "N",
        "outdoor": "Y",
        "service_village": "芝山里、岩山里、名山里、聖山里、東山里、忠誠里、德行里、德華里、蘭雅里、蘭興里、三玉里、天福里、天祿里、天壽里、天和里、天山里、天玉里、天母里",
        "capacity": "150",
        "area": "290"
      },
      "geometry": {
        "type": "Point",
        "coordinates": [
          121.531667020885,
          25.112842994329
        ]
      }
    },
    {
      "type": "Feature",
      "properties": {
        "city": "taipei",
        "id": "SA111-0011",
        "name": "臺北市士林區三玉國民小學",
        "address": "天母東路116號",
        "type": "避難所",
        "flood": "N",
        "earthquake": "備用",
        "debris_flow": "N",
        "tsunami": "N",
        "relief_station": "Y",
        "accessible": "Y",
        "indoor": "Y",
        "outdoor": "N",
        "service_village": "天和里、天山里、天福里、三玉里、東山里",
        "capacity": "782",
        "area": "14335"
      },
      "geometry": {
        "type": "Point",
        "coordinates": [
          121.537326984823,
          25.117969994954
        ]
      }
    },
    {
      "type": "Feature",
      "properties": {
        "city": "taipei",
        "id": "SA111-0012",
        "name": "臺北市士林區士東國民小學",
        "address": "中山北路六段392號",
        "type": "避難所",
        "flood": "Y",
        "earthquake": "備用",
        "debris_flow": "N",
        "tsunami": "N",
        "relief_station": "Y",
        "accessible": "Y",
        "indoor": "Y",
        "outdoor": "N",
        "service_village": "天祿里、三玉里、蘭雅里、天壽里、天福里",
        "capacity": "275",
        "area": "1118.77"
      },
      "geometry": {
        "type": "Point",
        "coordinates": [
          121.526852036606,
          25.112891986553
        ]
      }
    },
    {
      "type": "Feature",
      "properties": {
        "city": "taipei",
        "id": "SA111-0013",
        "name": "臺北市立士林高級商業職業學校",
        "address": "士商路150號",
        "type": "避難所",
        "flood": "N",
        "earthquake": "備用",
        "debris_flow": "N",
        "tsunami": "N",
        "relief_station": "Y",
        "accessible": "Y",
        "indoor": "Y",
        "outdoor": "N",
        "service_village": "後港里、福佳里、福德里",
        "capacity": "54",
        "area": "1644"
      },
      "geometry": {
        "type": "Point",
        "coordinates": [
          121.516346997356,
          25.094992306593
        ]
      }
    },
    {
      "type": "Feature",
      "properties": {
        "city": "taipei",
        "id": "SA111-0014",
        "name": "臺北市立士林國民中學",
        "address": "中正路345號",
        "type": "避難所",
        "flood": "N",
        "earthquake": "備用",
        "debris_flow": "N",
        "tsunami": "N",
        "relief_station": "Y",
        "accessible": "Y",
        "indoor": "Y",
        "outdoor": "N",
        "service_village": "福佳里、福德里、舊佳里、福林里、福志里、義信里、仁勇里、社新里、社園里",
        "capacity": "39",
        "area": "1647"
      },
      "geometry": {
        "type": "Point",
        "coordinates": [
          121.52257173393,
          25.094350588086
        ]
      }
    },
    {
      "type": "Feature",
      "properties": {
        "city": "taipei",
        "id": "SA111-0015",
        "name": "臺北市士林區天母國民小學",
        "address": "天玉街12號",
        "type": "避難所",
        "flood": "Y",
        "earthquake": "備用",
        "debris_flow": "N",
        "tsunami": "N",
        "relief_station": "Y",
        "accessible": "Y",
        "indoor": "Y",
        "outdoor": "N",
        "service_village": "天母里、天玉里、天山里、天壽里",
        "capacity": "323",
        "area": "1600"
      },
      "geometry": {
        "type": "Point",
        "coordinates": [
          121.527456958558,
          25.119736020043
        ]
      }
    },
    {
      "type": "Feature",
      "properties": {
        "city": "taipei",
        "id": "SA111-0016",
        "name": "臺北市立天母國民中學",
        "address": "天母東路120號",
        "type": "避難所",
        "flood": "N",
        "earthquake": "備用",
        "debris_flow": "N",
        "tsunami": "N",
        "relief_station": "Y",
        "accessible": "Y",
        "indoor": "Y",
        "outdoor": "N",
        "service_village": "天母里、天山里、天玉里、天福里、天和里、三玉里、天壽里、東山里、芝山里",
        "capacity": "99",
        "area": "882"
      },
      "geometry": {
        "type": "Point",
        "coordinates": [
          121.538161990018,
          25.11794698663
        ]
      }
    },
    {
      "type": "Feature",
      "properties": {
        "city": "taipei",
        "id": "SA111-0017",
        "name": "台北市士林區文昌國民小學",
        "address": "文林路615巷20號",
        "type": "避難所",
        "flood": "Y",
        "earthquake": "備用",
        "debris_flow": "N",
        "tsunami": "N",
        "relief_station": "Y",
        "accessible": "Y",
        "indoor": "Y",
        "outdoor": "N",
        "service_village": "德華里、福佳里、德行里、蘭興里",
        "capacity": "140",
        "area": "610"
      },
      "geometry": {
        "type": "Point",
        "coordinates": [
          121.520886971392,
          25.099595983093
        ]
      }
    },
    {
      "type": "Feature",
      "properties": {
        "city": "taipei",
        "id": "SA111-0018",
        "name": "臺北市士林區平等國民小學",
        "address": "平菁街101號",
        "type": "避難所",
        "flood": "N",
        "earthquake": "備用",
        "debris_flow": "N",
        "tsunami": "N",
        "relief_station": "Y",
        "accessible": "Y",
        "indoor": "Y",
        "outdoor": "N",
        "service_village": "平等里",
        "capacity": "30",
        "area": "163"
      },
      "geometry": {
        "type": "Point",
        "coordinates": [
          121.576311970864,
          25.129070987519
        ]
      }
    },
    {
      "type": "Feature",
      "properties": {
        "city": "taipei",
        "id": "SA111-0019",
        "name": "臺北市士林區百齡高級中學",
        "address": "承德路四段177號",
        "type": "避難所",
        "flood": "Y",
        "earthquake": "備用",
        "debris_flow": "N",
        "tsunami": "N",
        "relief_station": "Y",
        "accessible": "Y",
        "indoor": "Y",
        "outdoor": "N",
        "service_village": "義信里、仁勇里、承德里、福華里、前港里、明勝里、百齡里、福中里",
        "capacity": "300",
        "area": "1650"
      },
      "geometry": {
        "type": "Point",
        "coordinates": [
          121.523099374735,
          25.086958294309
        ]
      }
    },
    {
      "type": "Feature",
      "properties": {
        "city": "taipei",
        "id": "SA111-0020",
        "name": "臺北市士林區百齡國民小學",
        "address": "福港街205號",
        "type": "避難所",
        "flood": "Y",
        "earthquake": "備用",
        "debris_flow": "N",
        "tsunami": "N",
        "relief_station": "Y",
        "accessible": "Y",
        "indoor": "Y",
        "outdoor": "N",
        "service_village": "後港里、福中里、前港里、百齡里、福華里",
        "capacity": "342",
        "area": "1080"
      },
      "geometry": {
        "type": "Point",
        "coordinates": [
          121.517875018305,
          25.086132006294
        ]
      }
    },
    {
      "type": "Feature",
      "properties": {
        "city": "taipei",
        "id": "SA111-0021\r\n",
        "name": "臺北市士林區芝山國民小學",
        "address": "德行東路285號",
        "type": "避難所",
        "flood": "Y",
        "earthquake": "備用",
        "debris_flow": "N",
        "tsunami": "N",
        "relief_station": "Y",
        "accessible": "Y",
        "indoor": "Y",
        "outdoor": "N",
        "service_village": "芝山里、三玉里、東山里、臨溪里、岩山里、聖山里",
        "capacity": "75",
        "area": "315"
      },
      "geometry": {
        "type": "Point",
        "coordinates": [
          121.536471024871,
          25.110397993173
        ]
      }
    },
    {
      "type": "Feature",
      "properties": {
        "city": "taipei",
        "id": "SA111-0022",
        "name": "臺北市士林區雨農國民小學",
        "address": "忠義街1號",
        "type": "避難所",
        "flood": "N",
        "earthquake": "備用",
        "debris_flow": "N",
        "tsunami": "N",
        "relief_station": "Y",
        "accessible": "Y",
        "indoor": "Y",
        "outdoor": "N",
        "service_village": "忠誠里、名山里、聖山里、芝山里、臨溪里、岩山里",
        "capacity": "124",
        "area": "496"
      },
      "geometry": {
        "type": "Point",
        "coordinates": [
          121.529930793461,
          25.105290606201
        ]
      }
    },
    {
      "type": "Feature",
      "properties": {
        "city": "taipei",
        "id": "SA111-0023",
        "name": "臺北市士林區雨聲國民小學",
        "address": "至誠路一段62巷70號",
        "type": "避難所",
        "flood": "Y",
        "earthquake": "備用",
        "debris_flow": "N",
        "tsunami": "N",
        "relief_station": "Y",
        "accessible": "Y",
        "indoor": "Y",
        "outdoor": "N",
        "service_village": "芝山里、臨溪里、岩山里、名山里",
        "capacity": "30",
        "area": "146"
      },
      "geometry": {
        "type": "Point",
        "coordinates": [
          121.535107037767,
          25.103008004419
        ]
      }
    },
    {
      "type": "Feature",
      "properties": {
        "city": "taipei",
        "id": "SA111-0024",
        "name": "臺北市立格致國民中學",
        "address": "仰德大道四段75號",
        "type": "避難所",
        "flood": "N",
        "earthquake": "備用",
        "debris_flow": "N",
        "tsunami": "N",
        "relief_station": "Y",
        "accessible": "N",
        "indoor": "Y",
        "outdoor": "N",
        "service_village": "公館里、平等里、永福里、菁山里、陽明里、新安里",
        "capacity": "73",
        "area": "234"
      },
      "geometry": {
        "type": "Point",
        "coordinates": [
          121.546807923143,
          25.131109717829
        ]
      }
    },
    {
      "type": "Feature",
      "properties": {
        "city": "taipei",
        "id": "SA111-0025",
        "name": "臺北市士林區富安國民小學",
        "address": "延平北路八段135號",
        "type": "避難所",
        "flood": "Y",
        "earthquake": "備用",
        "debris_flow": "N",
        "tsunami": "N",
        "relief_station": "Y",
        "accessible": "Y",
        "indoor": "Y",
        "outdoor": "N",
        "service_village": "富洲里、福安里",
        "capacity": "71",
        "area": "1560"
      },
      "geometry": {
        "type": "Point",
        "coordinates": [
          121.482440019717,
          25.105862587274
        ]
      }
    },
    {
      "type": "Feature",
      "properties": {
        "city": "taipei",
        "id": "SA111-0026",
        "name": "臺北市立陽明高級中學",
        "address": "中正路510號",
        "type": "避難所",
        "flood": "N",
        "earthquake": "備用",
        "debris_flow": "N",
        "tsunami": "N",
        "relief_station": "Y",
        "accessible": "Y",
        "indoor": "Y",
        "outdoor": "N",
        "service_village": "社子里、後港里、葫蘆里、福順里、葫東里、富光里、社園里、社新里、福佳里",
        "capacity": "110",
        "area": "154.31"
      },
      "geometry": {
        "type": "Point",
        "coordinates": [
          121.517203963137,
          25.091852990488
        ]
      }
    },
    {
      "type": "Feature",
      "properties": {
        "city": "taipei",
        "id": "SA111-0027",
        "name": "臺北市士林區葫蘆國民小學",
        "address": "環河北路三段95號",
        "type": "避難所",
        "flood": "Y",
        "earthquake": "備用",
        "debris_flow": "N",
        "tsunami": "N",
        "relief_station": "Y",
        "accessible": "Y",
        "indoor": "Y",
        "outdoor": "N",
        "service_village": "葫蘆里、葫東里、富光里、福順里、社新里、社子里",
        "capacity": "88",
        "area": "540"
      },
      "geometry": {
        "type": "Point",
        "coordinates": [
          121.507027159215,
          25.083758418953
        ]
      }
    },
    {
      "type": "Feature",
      "properties": {
        "city": "taipei",
        "id": "SA111-0028",
        "name": "臺北市立福安國民中學",
        "address": "延平北路七段250號",
        "type": "避難所",
        "flood": "Y",
        "earthquake": "備用",
        "debris_flow": "N",
        "tsunami": "N",
        "relief_station": "Y",
        "accessible": "Y",
        "indoor": "Y",
        "outdoor": "N",
        "service_village": "永倫里、福安里、富洲里、社子里、社新里、社園里",
        "capacity": "30",
        "area": "542"
      },
      "geometry": {
        "type": "Point",
        "coordinates": [
          121.487359023414,
          25.103390009656
        ]
      }
    },
    {
      "type": "Feature",
      "properties": {
        "city": "taipei",
        "id": "SA111-0029",
        "name": "臺北市士林區劍潭國民小學",
        "address": "通河街16號",
        "type": "避難所",
        "flood": "Y",
        "earthquake": "備用",
        "debris_flow": "N",
        "tsunami": "N",
        "relief_station": "Y",
        "accessible": "Y",
        "indoor": "Y",
        "outdoor": "N",
        "service_village": "承德里、明勝里、福華里",
        "capacity": "31",
        "area": "172.5"
      },
      "geometry": {
        "type": "Point",
        "coordinates": [
          121.523013041133,
          25.079890002999
        ]
      }
    },
    {
      "type": "Feature",
      "properties": {
        "city": "taipei",
        "id": "SA111-0030",
        "name": "臺北市士林區雙溪國民小學小",
        "address": "中社路二段66號",
        "type": "避難所",
        "flood": "N",
        "earthquake": "備用",
        "debris_flow": "N",
        "tsunami": "N",
        "relief_station": "Y",
        "accessible": "Y",
        "indoor": "Y",
        "outdoor": "N",
        "service_village": "翠山里、臨溪里",
        "capacity": "30",
        "area": "128"
      },
      "geometry": {
        "type": "Point",
        "coordinates": [
          121.563842967881,
          25.106058011347
        ]
      }
    },
    {
      "type": "Feature",
      "properties": {
        "city": "taipei",
        "id": "SA111-0031",
        "name": "臺北市士林區蘭雅國民小學",
        "address": "磺溪街57號",
        "type": "避難所",
        "flood": "N",
        "earthquake": "備用",
        "debris_flow": "N",
        "tsunami": "N",
        "relief_station": "Y",
        "accessible": "Y",
        "indoor": "Y",
        "outdoor": "N",
        "service_village": "蘭興里、蘭雅里、德行里、忠誠里",
        "capacity": "30",
        "area": "300"
      },
      "geometry": {
        "type": "Point",
        "coordinates": [
          121.523146900126,
          25.10840720735
        ]
      }
    },
    {
      "type": "Feature",
      "properties": {
        "city": "taipei",
        "id": "SA111-0032",
        "name": "臺北市立蘭雅國民中學",
        "address": "忠誠路二段51號",
        "type": "避難所",
        "flood": "Y",
        "earthquake": "備用",
        "debris_flow": "N",
        "tsunami": "N",
        "relief_station": "Y",
        "accessible": "Y",
        "indoor": "Y",
        "outdoor": "N",
        "service_village": "三玉里、天祿里、聖山里、名山里、忠誠里、蘭雅里、蘭興里、德行里、德華里、天壽里、岩山里、東山里、芝山里",
        "capacity": "130",
        "area": "1314.04"
      },
      "geometry": {
        "type": "Point",
        "coordinates": [
          121.531082969872,
          25.110573007311
        ]
      }
    },
    {
      "type": "Feature",
      "properties": {
        "city": "taipei",
        "id": "SA111-0035",
        "name": "美崙公園",
        "address": "美崙街152巷",
        "type": "避難所",
        "flood": "N",
        "earthquake": "Y",
        "debris_flow": "N",
        "tsunami": "N",
        "relief_station": "N",
        "accessible": "Y",
        "indoor": "N",
        "outdoor": "Y",
        "service_village": "福佳、舊佳、福德、義信、仁勇、福志、後港、德華、德行里",
        "capacity": "5233",
        "area": "60288"
      },
      "geometry": {
        "type": "Point",
        "coordinates": [
          121.518916786147,
          25.097893366563
        ]
      }
    },
    {
      "type": "Feature",
      "properties": {
        "city": "taipei",
        "id": "SA111-0036",
        "name": "前港公園",
        "address": "華齡街與前港街交叉口(百齡國小對面)",
        "type": "避難所",
        "flood": "Y",
        "earthquake": "Y",
        "debris_flow": "N",
        "tsunami": "N",
        "relief_station": "N",
        "accessible": "Y",
        "indoor": "N",
        "outdoor": "Y",
        "service_village": "後港、福中、前港、百齡、承德、福華、明勝里",
        "capacity": "3136",
        "area": "36129"
      },
      "geometry": {
        "type": "Point",
        "coordinates": [
          121.519360794462,
          25.085106312803
        ]
      }
    },
    {
      "type": "Feature",
      "properties": {
        "city": "taipei",
        "id": "SA111-0037",
        "name": "福林公園",
        "address": "福林路2號(中山北路與福林路交叉口).",
        "type": "避難所",
        "flood": "Y",
        "earthquake": "Y",
        "debris_flow": "N",
        "tsunami": "N",
        "relief_station": "N",
        "accessible": "Y",
        "indoor": "N",
        "outdoor": "Y",
        "service_village": "福佳、舊佳、福德、義信、仁勇、福志、名山、聖山、岩山里",
        "capacity": "2284",
        "area": "26316"
      },
      "geometry": {
        "type": "Point",
        "coordinates": [
          121.528597712531,
          25.094066096126
        ]
      }
    },
    {
      "type": "Feature",
      "properties": {
        "city": "taipei",
        "id": "SA111-0038",
        "name": "忠誠公園",
        "address": "中山北路六段與忠誠路一段交叉口",
        "type": "避難所",
        "flood": "N",
        "earthquake": "Y",
        "debris_flow": "N",
        "tsunami": "N",
        "relief_station": "N",
        "accessible": "N",
        "indoor": "N",
        "outdoor": "Y",
        "service_village": "岩山、名山、聖山、芝山、東山、忠誠、德行、德華、蘭雅、蘭興里",
        "capacity": "881",
        "area": "10149"
      },
      "geometry": {
        "type": "Point",
        "coordinates": [
          121.52476888221,
          25.1041375916
        ]
      }
    },
    {
      "type": "Feature",
      "properties": {
        "city": "taipei",
        "id": "SA111-0039",
        "name": "天和公園",
        "address": "天母東路69巷前",
        "type": "避難所",
        "flood": "Y",
        "earthquake": "Y",
        "debris_flow": "N",
        "tsunami": "N",
        "relief_station": "N",
        "accessible": "N",
        "indoor": "N",
        "outdoor": "Y",
        "service_village": "三玉、天福、天祿、天壽、天和、天山、天玉、天母、東山里",
        "capacity": "1296",
        "area": "936"
      },
      "geometry": {
        "type": "Point",
        "coordinates": [
          121.534452494948,
          25.11825171072
        ]
      }
    },
    {
      "type": "Feature",
      "properties": {
        "city": "taipei",
        "id": "SA111-0040",
        "name": "社子公園",
        "address": "永平街20巷11弄3號對面",
        "type": "避難所",
        "flood": "N",
        "earthquake": "Y",
        "debris_flow": "N",
        "tsunami": "N",
        "relief_station": "N",
        "accessible": "N",
        "indoor": "N",
        "outdoor": "Y",
        "service_village": "福順、富光、葫蘆、葫東、社子、社新、社園、永倫、福安、富洲里",
        "capacity": "874",
        "area": "10713"
      },
      "geometry": {
        "type": "Point",
        "coordinates": [
          121.505741962002,
          25.090231008404
        ]
      }
    },
    {
      "type": "Feature",
      "properties": {
        "city": "taipei",
        "id": "SA111-0041",
        "name": "臺北市市場處士林市場地下停車場",
        "address": "臺北市士林區基河路101號",
        "type": "避難所",
        "flood": "N",
        "earthquake": "N",
        "debris_flow": "N",
        "tsunami": "N",
        "relief_station": "Y",
        "accessible": "Y",
        "indoor": "Y",
        "outdoor": "N",
        "service_village": "全區",
        "capacity": "1325",
        "area": "5300.82"
      },
      "geometry": {
        "type": "Point",
        "coordinates": [
          121.524165888095,
          25.087957710534
        ]
      }
    },
    {
      "type": "Feature",
      "properties": {
        "city": "taipei",
        "id": "SA111-0042",
        "name": "臺北市立圖書館天母分館",
        "address": "臺北市士林區中山北路七段154巷6號3、4樓",
        "type": "避難所",
        "flood": "N",
        "earthquake": "N",
        "debris_flow": "N",
        "tsunami": "N",
        "relief_station": "Y",
        "accessible": "Y",
        "indoor": "Y",
        "outdoor": "N",
        "service_village": "全區",
        "capacity": "41",
        "area": "165"
      },
      "geometry": {
        "type": "Point",
        "coordinates": [
          121.533037964969,
          25.123956014926
        ]
      }
    },
    {
      "type": "Feature",
      "properties": {
        "city": "taipei",
        "id": "SA111-0043",
        "name": "臺北市立圖書館李科永紀念館",
        "address": "臺北市士林區中正路15號",
        "type": "避難所",
        "flood": "Y",
        "earthquake": "N",
        "debris_flow": "N",
        "tsunami": "N",
        "relief_station": "Y",
        "accessible": "Y",
        "indoor": "Y",
        "outdoor": "N",
        "service_village": "全區",
        "capacity": "46",
        "area": "204"
      },
      "geometry": {
        "type": "Point",
        "coordinates": [
          121.530587012661,
          25.09583401731
        ]
      }
    },
    {
      "type": "Feature",
      "properties": {
        "city": "taipei",
        "id": "SA111-0044",
        "name": "臺北市立圖書館葫蘆堵分館",
        "address": "臺北市士林區延平北路五段136巷1號3-9樓",
        "type": "避難所",
        "flood": "N",
        "earthquake": "N",
        "debris_flow": "N",
        "tsunami": "N",
        "relief_station": "Y",
        "accessible": "Y",
        "indoor": "Y",
        "outdoor": "N",
        "service_village": "全區",
        "capacity": "190",
        "area": "760"
      },
      "geometry": {
        "type": "Point",
        "coordinates": [
          121.511115547767,
          25.082254946443
        ]
      }
    },
    {
      "type": "Feature",
      "properties": {
        "city": "taipei",
        "id": "SA111-0045",
        "name": "臺北表演藝術中心",
        "address": "台北市士林區劍潭路1號",
        "type": "避難所",
        "flood": "N",
        "earthquake": "N",
        "debris_flow": "N",
        "tsunami": "N",
        "relief_station": "Y",
        "accessible": "Y",
        "indoor": "Y",
        "outdoor": "N",
        "service_village": "前港里\r\n義信里",
        "capacity": "5061",
        "area": "12309.67"
      },
      "geometry": {
        "type": "Point",
        "coordinates": [
          121.524157170916,
          25.084614798
        ]
      }
    },
    {
      "type": "Feature",
      "properties": {
        "city": "taipei",
        "id": "SA112-0001",
        "name": "臺北市立新民國民中學",
        "address": "新民路10號",
        "type": "避難所",
        "flood": "N",
        "earthquake": "Y",
        "debris_flow": "老舊聚落",
        "tsunami": "N",
        "relief_station": "Y",
        "accessible": "Y",
        "indoor": "Y",
        "outdoor": "N",
        "service_village": "中心里、中和里、中庸里、秀山里、林泉里、泉源里、開明里、智仁里、大屯里、湖山里、湖田里、文化里、中央里",
        "capacity": "205",
        "area": "1727.18"
      },
      "geometry": {
        "type": "Point",
        "coordinates": [
          121.50656104158,
          25.13891800546
        ]
      }
    },
    {
      "type": "Feature",
      "properties": {
        "city": "taipei",
        "id": "SA112-0002",
        "name": "臺北市北投區逸仙國民小學",
        "address": "新民路2號",
        "type": "避難所",
        "flood": "N",
        "earthquake": "Y",
        "debris_flow": "老舊聚落",
        "tsunami": "N",
        "relief_station": "Y",
        "accessible": "Y",
        "indoor": "Y",
        "outdoor": "N",
        "service_village": "中心里、林泉里、長安里、溫泉里、秀山里、中和里、稻香里、大屯里",
        "capacity": "166",
        "area": "665"
      },
      "geometry": {
        "type": "Point",
        "coordinates": [
          121.505178027556,
          25.138266983041
        ]
      }
    },
    {
      "type": "Feature",
      "properties": {
        "city": "taipei",
        "id": "SA112-0003",
        "name": "臺北市立桃源國民中學",
        "address": "中央北路四段48號",
        "type": "避難所",
        "flood": "Y",
        "earthquake": "備用",
        "debris_flow": "N",
        "tsunami": "N",
        "relief_station": "Y",
        "accessible": "Y",
        "indoor": "Y",
        "outdoor": "N",
        "service_village": "一德里、桃源里、稻香里、豐年里、文化里",
        "capacity": "55",
        "area": "220"
      },
      "geometry": {
        "type": "Point",
        "coordinates": [
          121.477346504795,
          25.134704087458
        ]
      }
    },
    {
      "type": "Feature",
      "properties": {
        "city": "taipei",
        "id": "SA112-0004",
        "name": "臺北市北投區北投國民小學",
        "address": "中央北路一段73號",
        "type": "避難所",
        "flood": "Y",
        "earthquake": "備用",
        "debris_flow": "N",
        "tsunami": "N",
        "relief_station": "Y",
        "accessible": "Y",
        "indoor": "Y",
        "outdoor": "N",
        "service_village": "中央里、大同里、長安里、溫泉里、清江里、林泉里",
        "capacity": "195",
        "area": "1300"
      },
      "geometry": {
        "type": "Point",
        "coordinates": [
          121.500293641118,
          25.134186882123
        ]
      }
    },
    {
      "type": "Feature",
      "properties": {
        "city": "taipei",
        "id": "SA112-0005",
        "name": "復興公園",
        "address": "中和街200號",
        "type": "避難所",
        "flood": "N",
        "earthquake": "Y",
        "debris_flow": "N",
        "tsunami": "N",
        "relief_station": "N",
        "accessible": "Y",
        "indoor": "N",
        "outdoor": "Y",
        "service_village": "全區",
        "capacity": "3624",
        "area": "14,495"
      },
      "geometry": {
        "type": "Point",
        "coordinates": [
          121.502380986466,
          25.138990006009
        ]
      }
    },
    {
      "type": "Feature",
      "properties": {
        "city": "taipei",
        "id": "SA112-0006",
        "name": "北投區民活動中心(暫停用)",
        "address": "新市街30號6樓",
        "type": "避難所",
        "flood": "Y",
        "earthquake": "備用",
        "debris_flow": "N",
        "tsunami": "N",
        "relief_station": "N",
        "accessible": "Y",
        "indoor": "Y",
        "outdoor": "N",
        "service_village": "清江里、八仙里、溫泉里、奇岩里",
        "capacity": "90",
        "area": "520"
      },
      "geometry": {
        "type": "Point",
        "coordinates": [
          121.502419962316,
          25.132473998299
        ]
      }
    },
    {
      "type": "Feature",
      "properties": {
        "city": "taipei",
        "id": "SA112-0007",
        "name": "臺北市北投運動中心",
        "address": "石牌路一段39巷100號",
        "type": "避難所",
        "flood": "Y",
        "earthquake": "備用",
        "debris_flow": "N",
        "tsunami": "N",
        "relief_station": "Y",
        "accessible": "N",
        "indoor": "Y",
        "outdoor": "N",
        "service_village": "吉利里、吉慶里、尊賢里",
        "capacity": "384",
        "area": "5057"
      },
      "geometry": {
        "type": "Point",
        "coordinates": [
          121.509652790385,
          25.116335984839
        ]
      }
    },
    {
      "type": "Feature",
      "properties": {
        "city": "taipei",
        "id": "SA112-0008",
        "name": "臺北市北投區大屯國民小學",
        "address": "復興三路312號",
        "type": "避難所",
        "flood": "N",
        "earthquake": "備用",
        "debris_flow": "N",
        "tsunami": "N",
        "relief_station": "Y",
        "accessible": "N",
        "indoor": "Y",
        "outdoor": "N",
        "service_village": "大屯里",
        "capacity": "30",
        "area": "103"
      },
      "geometry": {
        "type": "Point",
        "coordinates": [
          121.504279319897,
          25.154730591529
        ]
      }
    },
    {
      "type": "Feature",
      "properties": {
        "city": "taipei",
        "id": "SA112-0009",
        "name": "臺北市立中正高級中學",
        "address": "文林北路77號",
        "type": "避難所",
        "flood": "Y",
        "earthquake": "備用",
        "debris_flow": "N",
        "tsunami": "N",
        "relief_station": "Y",
        "accessible": "Y",
        "indoor": "Y",
        "outdoor": "N",
        "service_village": "建民里",
        "capacity": "109",
        "area": "1444"
      },
      "geometry": {
        "type": "Point",
        "coordinates": [
          121.517627534461,
          25.105195003218
        ]
      }
    },
    {
      "type": "Feature",
      "properties": {
        "city": "taipei",
        "id": "SA112-0010",
        "name": "臺北市北投區文化國民小學",
        "address": "文化三路1號",
        "type": "避難所",
        "flood": "Y",
        "earthquake": "備用",
        "debris_flow": "N",
        "tsunami": "N",
        "relief_station": "Y",
        "accessible": "Y",
        "indoor": "Y",
        "outdoor": "N",
        "service_village": "文化里、智仁里、中庸里、豐年里、秀山里、中和里",
        "capacity": "50",
        "area": "189"
      },
      "geometry": {
        "type": "Point",
        "coordinates": [
          121.496677771908,
          25.137089996197
        ]
      }
    },
    {
      "type": "Feature",
      "properties": {
        "city": "taipei",
        "id": "SA112-0011",
        "name": "臺北市北投區文林國民小學",
        "address": "文林北路155號",
        "type": "避難所",
        "flood": "Y",
        "earthquake": "備用",
        "debris_flow": "N",
        "tsunami": "N",
        "relief_station": "Y",
        "accessible": "Y",
        "indoor": "Y",
        "outdoor": "N",
        "service_village": "建民里、石牌里、文林里、洲美里",
        "capacity": "300",
        "area": "1100"
      },
      "geometry": {
        "type": "Point",
        "coordinates": [
          121.514218999778,
          25.105871011087
        ]
      }
    },
    {
      "type": "Feature",
      "properties": {
        "city": "taipei",
        "id": "SA112-0012",
        "name": "臺北市立北投國民中學",
        "address": "溫泉路62號",
        "type": "避難所",
        "flood": "N",
        "earthquake": "備用",
        "debris_flow": "N",
        "tsunami": "N",
        "relief_station": "Y",
        "accessible": "Y",
        "indoor": "Y",
        "outdoor": "N",
        "service_village": "清江里、溫泉里、長安里、大同里、奇岩里、中央里、八仙里、豐年里",
        "capacity": "380",
        "area": "1351.82"
      },
      "geometry": {
        "type": "Point",
        "coordinates": [
          121.504232632697,
          25.13447190874
        ]
      }
    },
    {
      "type": "Feature",
      "properties": {
        "city": "taipei",
        "id": "SA112-0013",
        "name": "臺北市北投區石牌國民小學",
        "address": "致遠二路80號",
        "type": "避難所",
        "flood": "Y",
        "earthquake": "備用",
        "debris_flow": "N",
        "tsunami": "N",
        "relief_station": "Y",
        "accessible": "Y",
        "indoor": "Y",
        "outdoor": "N",
        "service_village": "吉利里、吉慶里、永明里、榮光里、福興里、振華里、東華里、立農里、立賢里、裕民里、尊賢里",
        "capacity": "180",
        "area": "930"
      },
      "geometry": {
        "type": "Point",
        "coordinates": [
          121.511744494323,
          25.115689488647
        ]
      }
    },
    {
      "type": "Feature",
      "properties": {
        "city": "taipei",
        "id": "SA112-0014",
        "name": "臺北市立石牌國民中學",
        "address": "石牌路一段139號",
        "type": "避難所",
        "flood": "Y",
        "earthquake": "備用",
        "debris_flow": "N",
        "tsunami": "N",
        "relief_station": "Y",
        "accessible": "Y",
        "indoor": "Y",
        "outdoor": "N",
        "service_village": "東華里、永明里、吉利里、吉慶里、立農里、立賢里、尊賢里、八仙里、振華里、榮光里、永和里、福興里、永欣里",
        "capacity": "400",
        "area": "1352"
      },
      "geometry": {
        "type": "Point",
        "coordinates": [
          121.514162002836,
          25.114996011888
        ]
      }
    },
    {
      "type": "Feature",
      "properties": {
        "city": "taipei",
        "id": "SA112-0015",
        "name": "臺北市北投區立農國民小學",
        "address": "立農街一段250號",
        "type": "避難所",
        "flood": "Y",
        "earthquake": "備用",
        "debris_flow": "N",
        "tsunami": "N",
        "relief_station": "Y",
        "accessible": "Y",
        "indoor": "Y",
        "outdoor": "N",
        "service_village": "立賢里、立農里、八仙里、東華里、尊賢里",
        "capacity": "31",
        "area": "150"
      },
      "geometry": {
        "type": "Point",
        "coordinates": [
          121.505321022824,
          25.119458998143
        ]
      }
    },
    {
      "type": "Feature",
      "properties": {
        "city": "taipei",
        "id": "SA112-0016",
        "name": "臺北市北投區明德國民小學",
        "address": "明德路190號",
        "type": "避難所",
        "flood": "N",
        "earthquake": "備用",
        "debris_flow": "N",
        "tsunami": "N",
        "relief_station": "Y",
        "accessible": "Y",
        "indoor": "Y",
        "outdoor": "N",
        "service_village": "榮華里、裕民里、振華里",
        "capacity": "767",
        "area": "760"
      },
      "geometry": {
        "type": "Point",
        "coordinates": [
          121.521799173915,
          25.112141806219
        ]
      }
    },
    {
      "type": "Feature",
      "properties": {
        "city": "taipei",
        "id": "SA112-0017",
        "name": "臺北市立明德國民中學",
        "address": "明德路50號",
        "type": "避難所",
        "flood": "Y",
        "earthquake": "備用",
        "debris_flow": "N",
        "tsunami": "N",
        "relief_station": "Y",
        "accessible": "Y",
        "indoor": "Y",
        "outdoor": "N",
        "service_village": "石牌里、文林里、榮華里、建民里、裕民里、振華里、榮光里、永和里、福興里、永欣里",
        "capacity": "88",
        "area": "877.9"
      },
      "geometry": {
        "type": "Point",
        "coordinates": [
          121.51831691224,
          25.107559587391
        ]
      }
    },
    {
      "type": "Feature",
      "properties": {
        "city": "taipei",
        "id": "SA112-0018",
        "name": "臺北市泉源實驗國民小學",
        "address": "東昇路34號",
        "type": "避難所",
        "flood": "N",
        "earthquake": "備用",
        "debris_flow": "N",
        "tsunami": "N",
        "relief_station": "Y",
        "accessible": "Y",
        "indoor": "Y",
        "outdoor": "N",
        "service_village": "泉源里",
        "capacity": "33",
        "area": "132"
      },
      "geometry": {
        "type": "Point",
        "coordinates": [
          121.524303016031,
          25.149280007532
        ]
      }
    },
    {
      "type": "Feature",
      "properties": {
        "city": "taipei",
        "id": "SA112-0019",
        "name": "臺北市北投區桃源國民小學",
        "address": "中央北路三段40巷45號",
        "type": "避難所",
        "flood": "Y",
        "earthquake": "備用",
        "debris_flow": "N",
        "tsunami": "N",
        "relief_station": "Y",
        "accessible": "Y",
        "indoor": "Y",
        "outdoor": "N",
        "service_village": "桃源里、稻香里",
        "capacity": "30",
        "area": "101.25"
      },
      "geometry": {
        "type": "Point",
        "coordinates": [
          121.484459974563,
          25.139841020638
        ]
      }
    },
    {
      "type": "Feature",
      "properties": {
        "city": "taipei",
        "id": "SA112-0020",
        "name": "台北市北投區清江國民小學",
        "address": "公館路220號",
        "type": "避難所",
        "flood": "Y",
        "earthquake": "備用",
        "debris_flow": "N",
        "tsunami": "N",
        "relief_station": "Y",
        "accessible": "Y",
        "indoor": "Y",
        "outdoor": "N",
        "service_village": "奇岩里、八仙里、清江里",
        "capacity": "350",
        "area": "1443.18"
      },
      "geometry": {
        "type": "Point",
        "coordinates": [
          121.50768295932,
          25.126830001886
        ]
      }
    },
    {
      "type": "Feature",
      "properties": {
        "city": "taipei",
        "id": "SA112-0021",
        "name": "臺北市立復興高級中學",
        "address": "復興四路70號",
        "type": "避難所",
        "flood": "Y",
        "earthquake": "備用",
        "debris_flow": "N",
        "tsunami": "N",
        "relief_station": "Y",
        "accessible": "Y",
        "indoor": "Y",
        "outdoor": "N",
        "service_village": "大屯里、開明里",
        "capacity": "348",
        "area": "1108.89"
      },
      "geometry": {
        "type": "Point",
        "coordinates": [
          121.501806993737,
          25.14370700584
        ]
      }
    },
    {
      "type": "Feature",
      "properties": {
        "city": "taipei",
        "id": "SA112-0022",
        "name": "臺北市北投區湖山國民小學",
        "address": "湖底路11號",
        "type": "避難所",
        "flood": "N",
        "earthquake": "備用",
        "debris_flow": "N",
        "tsunami": "N",
        "relief_station": "Y",
        "accessible": "Y",
        "indoor": "Y",
        "outdoor": "N",
        "service_village": "湖山里、湖田里",
        "capacity": "30",
        "area": "109.38"
      },
      "geometry": {
        "type": "Point",
        "coordinates": [
          121.535491012752,
          25.15000998748
        ]
      }
    },
    {
      "type": "Feature",
      "properties": {
        "city": "taipei",
        "id": "SA112-0023",
        "name": "臺北市湖田實驗國民小學",
        "address": "竹子湖路17之2號",
        "type": "避難所",
        "flood": "N",
        "earthquake": "備用",
        "debris_flow": "N",
        "tsunami": "N",
        "relief_station": "Y",
        "accessible": "Y",
        "indoor": "Y",
        "outdoor": "N",
        "service_village": "湖田里",
        "capacity": "30",
        "area": "654"
      },
      "geometry": {
        "type": "Point",
        "coordinates": [
          121.54006199983,
          25.168315980196
        ]
      }
    },
    {
      "type": "Feature",
      "properties": {
        "city": "taipei",
        "id": "SA112-0024",
        "name": "臺北市北投區義方國民小學",
        "address": "珠海路155號",
        "type": "避難所",
        "flood": "N",
        "earthquake": "備用",
        "debris_flow": "N",
        "tsunami": "N",
        "relief_station": "Y",
        "accessible": "Y",
        "indoor": "Y",
        "outdoor": "N",
        "service_village": "開明里、中庸里、大屯里、泉源里、中心里、林泉里",
        "capacity": "120",
        "area": "850"
      },
      "geometry": {
        "type": "Point",
        "coordinates": [
          121.509255991089,
          25.142017004612
        ]
      }
    },
    {
      "type": "Feature",
      "properties": {
        "city": "taipei",
        "id": "SA112-0025",
        "name": "臺北市北投區關渡國民小學",
        "address": "中央北路四段581號",
        "type": "避難所",
        "flood": "Y",
        "earthquake": "備用",
        "debris_flow": "N",
        "tsunami": "N",
        "relief_station": "Y",
        "accessible": "Y",
        "indoor": "Y",
        "outdoor": "N",
        "service_village": "一德里、關渡里",
        "capacity": "110",
        "area": "144.7"
      },
      "geometry": {
        "type": "Point",
        "coordinates": [
          121.466845991773,
          25.126862314123
        ]
      }
    },
    {
      "type": "Feature",
      "properties": {
        "city": "taipei",
        "id": "SA112-0026",
        "name": "臺北市立關渡國民中學",
        "address": "知行路212號",
        "type": "避難所",
        "flood": "Y",
        "earthquake": "備用",
        "debris_flow": "N",
        "tsunami": "N",
        "relief_station": "Y",
        "accessible": "Y",
        "indoor": "Y",
        "outdoor": "N",
        "service_village": "關渡里、八仙里、一德里",
        "capacity": "120",
        "area": "479.5"
      },
      "geometry": {
        "type": "Point",
        "coordinates": [
          121.467357623143,
          25.119894018918
        ]
      }
    },
    {
      "type": "Feature",
      "properties": {
        "city": "taipei",
        "id": "SA112-0027",
        "name": "國防大學政治作戰學院",
        "address": "中央北路二段70號",
        "type": "避難所",
        "flood": "Y",
        "earthquake": "備用",
        "debris_flow": "N",
        "tsunami": "N",
        "relief_station": "N",
        "accessible": "N",
        "indoor": "Y",
        "outdoor": "N",
        "service_village": "文化里、豐年里\r\n(僅寒暑假可安置)",
        "capacity": "584",
        "area": "3483"
      },
      "geometry": {
        "type": "Point",
        "coordinates": [
          121.492881021226,
          25.138107014419
        ]
      }
    },
    {
      "type": "Feature",
      "properties": {
        "city": "taipei",
        "id": "SA112-0028",
        "name": "北投一公園",
        "address": "中山路、光明路所圍範圍",
        "type": "避難所",
        "flood": "N",
        "earthquake": "Y",
        "debris_flow": "N",
        "tsunami": "N",
        "relief_station": "N",
        "accessible": "N",
        "indoor": "N",
        "outdoor": "Y",
        "service_village": "全區",
        "capacity": "3461",
        "area": "12063"
      },
      "geometry": {
        "type": "Point",
        "coordinates": [
          121.508617196209,
          25.137279401839
        ]
      }
    },
    {
      "type": "Feature",
      "properties": {
        "city": "taipei",
        "id": "SA112-0029",
        "name": "北投二公園",
        "address": "中山路5號附近",
        "type": "避難所",
        "flood": "N",
        "earthquake": "Y",
        "debris_flow": "N",
        "tsunami": "N",
        "relief_station": "N",
        "accessible": "N",
        "indoor": "N",
        "outdoor": "Y",
        "service_village": "林泉、中心、長安里",
        "capacity": "1083",
        "area": "12480"
      },
      "geometry": {
        "type": "Point",
        "coordinates": [
          121.50805695984,
          25.137102988147
        ]
      }
    },
    {
      "type": "Feature",
      "properties": {
        "city": "taipei",
        "id": "SA112-0030",
        "name": "大豐公園(暫停用)",
        "address": "公館路13號旁",
        "type": "避難所",
        "flood": "Y",
        "earthquake": "Y",
        "debris_flow": "N",
        "tsunami": "N",
        "relief_station": "N",
        "accessible": "Y",
        "indoor": "N",
        "outdoor": "Y",
        "service_village": "清江、溫泉、奇岩、中央里",
        "capacity": "1075",
        "area": "12391"
      },
      "geometry": {
        "type": "Point",
        "coordinates": [
          121.502706036671,
          25.133321995443
        ]
      }
    },
    {
      "type": "Feature",
      "properties": {
        "city": "taipei",
        "id": "SA112-0031",
        "name": "七星公園",
        "address": "光明路、中山路交叉口(新北投捷運站南側)",
        "type": "避難所",
        "flood": "N",
        "earthquake": "Y",
        "debris_flow": "N",
        "tsunami": "N",
        "relief_station": "N",
        "accessible": "N",
        "indoor": "N",
        "outdoor": "Y",
        "service_village": "全區",
        "capacity": "1046",
        "area": "12056"
      },
      "geometry": {
        "type": "Point",
        "coordinates": [
          121.501719482632,
          25.133406929798
        ]
      }
    },
    {
      "type": "Feature",
      "properties": {
        "city": "taipei",
        "id": "SA112-0032",
        "name": "石牌公園",
        "address": "臺北市北投區石牌路1段39巷內",
        "type": "避難所",
        "flood": "Y",
        "earthquake": "Y",
        "debris_flow": "N",
        "tsunami": "N",
        "relief_station": "N",
        "accessible": "N",
        "indoor": "N",
        "outdoor": "Y",
        "service_village": "吉利、吉慶、福興、尊賢、榮光",
        "capacity": "2047",
        "area": "23582"
      },
      "geometry": {
        "type": "Point",
        "coordinates": [
          121.510355287959,
          25.113181385788
        ]
      }
    },
    {
      "type": "Feature",
      "properties": {
        "city": "taipei",
        "id": "SA112-0033",
        "name": "立農公園",
        "address": "承德路7段、立農街1段22巷2弄旁",
        "type": "避難所",
        "flood": "Y",
        "earthquake": "Y",
        "debris_flow": "N",
        "tsunami": "N",
        "relief_station": "N",
        "accessible": "N",
        "indoor": "N",
        "outdoor": "Y",
        "service_village": "立農、立賢、東華、八仙里",
        "capacity": "1547",
        "area": "17822"
      },
      "geometry": {
        "type": "Point",
        "coordinates": [
          121.50302749575,
          25.119376812484
        ]
      }
    },
    {
      "type": "Feature",
      "properties": {
        "city": "taipei",
        "id": "SA112-0034",
        "name": "振興公園",
        "address": "天母西路、磺溪交叉口",
        "type": "避難所",
        "flood": "N",
        "earthquake": "Y",
        "debris_flow": "N",
        "tsunami": "N",
        "relief_station": "N",
        "accessible": "N",
        "indoor": "N",
        "outdoor": "Y",
        "service_village": "榮華、永和、永欣、裕民、永明、振華、建民、石牌、文林、洲美里",
        "capacity": "950",
        "area": "10950"
      },
      "geometry": {
        "type": "Point",
        "coordinates": [
          121.522954905293,
          25.118951786377
        ]
      }
    },
    {
      "type": "Feature",
      "properties": {
        "city": "taipei",
        "id": "SA112-0035",
        "name": "文化區民活動中心(暫停用)",
        "address": "臺北市北投區文化三路3號4、5樓",
        "type": "避難所",
        "flood": "N",
        "earthquake": "N",
        "debris_flow": "N",
        "tsunami": "N",
        "relief_station": "Y",
        "accessible": "Y",
        "indoor": "Y",
        "outdoor": "N",
        "service_village": "全區",
        "capacity": "58",
        "area": "231"
      },
      "geometry": {
        "type": "Point",
        "coordinates": [
          121.497093011391,
          25.137362994783
        ]
      }
    },
    {
      "type": "Feature",
      "properties": {
        "city": "taipei",
        "id": "SA112-0036",
        "name": "臺北市立圖書館北投分館",
        "address": "臺北市北投區光明路251號",
        "type": "避難所",
        "flood": "N",
        "earthquake": "N",
        "debris_flow": "N",
        "tsunami": "N",
        "relief_station": "Y",
        "accessible": "Y",
        "indoor": "Y",
        "outdoor": "N",
        "service_village": "全區",
        "capacity": "222",
        "area": "888"
      },
      "geometry": {
        "type": "Point",
        "coordinates": [
          121.50627102773,
          25.136354903288
        ]
      }
    },
    {
      "type": "Feature",
      "properties": {
        "city": "taipei",
        "id": "SA112-0037",
        "name": "臺北市立圖書館石牌分館",
        "address": "臺北市北投區明德路208巷5號3-10樓",
        "type": "避難所",
        "flood": "N",
        "earthquake": "N",
        "debris_flow": "N",
        "tsunami": "N",
        "relief_station": "Y",
        "accessible": "Y",
        "indoor": "Y",
        "outdoor": "N",
        "service_village": "全區",
        "capacity": "196",
        "area": "883"
      },
      "geometry": {
        "type": "Point",
        "coordinates": [
          121.522701821068,
          25.113162680116
        ]
      }
    },
    {
      "type": "Feature",
      "properties": {
        "city": "taipei",
        "id": "SA112-0038",
        "name": "臺北市立圖書館吉利分館",
        "address": "臺北市北投區立農街一段366號5-8樓",
        "type": "避難所",
        "flood": "N",
        "earthquake": "N",
        "debris_flow": "N",
        "tsunami": "N",
        "relief_station": "Y",
        "accessible": "Y",
        "indoor": "Y",
        "outdoor": "N",
        "service_village": "全區",
        "capacity": "45",
        "area": "247"
      },
      "geometry": {
        "type": "Point",
        "coordinates": [
          121.508395085814,
          25.119341986775
        ]
      }
    },
    {
      "type": "Feature",
      "properties": {
        "city": "taipei",
        "id": "SA112-0039",
        "name": "臺北市立圖書館清江分館",
        "address": "臺北市北投區公館路198號3樓",
        "type": "避難所",
        "flood": "Y",
        "earthquake": "N",
        "debris_flow": "N",
        "tsunami": "N",
        "relief_station": "Y",
        "accessible": "Y",
        "indoor": "Y",
        "outdoor": "N",
        "service_village": "全區",
        "capacity": "201",
        "area": "803.54"
      },
      "geometry": {
        "type": "Point",
        "coordinates": [
          121.507200999887,
          25.127996008437
        ]
      }
    },
    {
      "type": "Feature",
      "properties": {
        "city": "taipei",
        "id": "SA112-0040",
        "name": "臺北市立圖書館稻香分館",
        "address": "臺北市北投區稻香路81號7-9樓",
        "type": "避難所",
        "flood": "N",
        "earthquake": "N",
        "debris_flow": "N",
        "tsunami": "N",
        "relief_station": "Y",
        "accessible": "Y",
        "indoor": "Y",
        "outdoor": "N",
        "service_village": "全區",
        "capacity": "114",
        "area": "457.08"
      },
      "geometry": {
        "type": "Point",
        "coordinates": [
          121.489324998804,
          25.140934984731
        ]
      }
    },
    {
      "type": "Feature",
      "properties": {
        "city": "taipei",
        "id": "SA114-0001",
        "name": "臺北市內湖區麗山國民小學",
        "address": "港華街100號",
        "type": "避難所",
        "flood": "Y",
        "earthquake": "備用",
        "debris_flow": "Y",
        "tsunami": "N",
        "relief_station": "Y",
        "accessible": "Y",
        "indoor": "Y",
        "outdoor": "N",
        "service_village": "港華里、港都里、麗山里、西康里",
        "capacity": "184",
        "area": "608"
      },
      "geometry": {
        "type": "Point",
        "coordinates": [
          121.572458977612,
          25.083473979069
        ]
      }
    },
    {
      "type": "Feature",
      "properties": {
        "city": "taipei",
        "id": "SA114-0002",
        "name": "臺北市內湖區碧湖國民小學",
        "address": "金龍路100號",
        "type": "避難所",
        "flood": "N",
        "earthquake": "備用",
        "debris_flow": "Y",
        "tsunami": "N",
        "relief_station": "Y",
        "accessible": "Y",
        "indoor": "Y",
        "outdoor": "N",
        "service_village": "金龍里、金瑞里、碧山里、內湖里、湖濱里、西康里",
        "capacity": "134",
        "area": "540"
      },
      "geometry": {
        "type": "Point",
        "coordinates": [
          121.591032101582,
          25.085336479864
        ]
      }
    },
    {
      "type": "Feature",
      "properties": {
        "city": "taipei",
        "id": "SA114-0003",
        "name": "臺北市內湖區麗湖國民小學",
        "address": "金湖路363巷8號",
        "type": "避難所",
        "flood": "N",
        "earthquake": "備用",
        "debris_flow": "N",
        "tsunami": "N",
        "relief_station": "Y",
        "accessible": "Y",
        "indoor": "Y",
        "outdoor": "N",
        "service_village": "金湖里、寶湖里、葫洲里",
        "capacity": "257",
        "area": "1029"
      },
      "geometry": {
        "type": "Point",
        "coordinates": [
          121.601317032055,
          25.073098985047
        ]
      }
    },
    {
      "type": "Feature",
      "properties": {
        "city": "taipei",
        "id": "SA114-0004",
        "name": "臺北市內湖區大湖國民小學",
        "address": "大湖山莊街170號",
        "type": "避難所",
        "flood": "N",
        "earthquake": "Y",
        "debris_flow": "N",
        "tsunami": "N",
        "relief_station": "Y",
        "accessible": "Y",
        "indoor": "Y",
        "outdoor": "N",
        "service_village": "大湖里、秀湖里、清白里、內溝里",
        "capacity": "166",
        "area": "664"
      },
      "geometry": {
        "type": "Point",
        "coordinates": [
          121.60036082454,
          25.088165120728
        ]
      }
    },
    {
      "type": "Feature",
      "properties": {
        "city": "taipei",
        "id": "SA114-0005",
        "name": "臺北市內湖區康寧國民小學",
        "address": "星雲街121號",
        "type": "避難所",
        "flood": "N",
        "earthquake": "Y",
        "debris_flow": "N",
        "tsunami": "N",
        "relief_station": "Y",
        "accessible": "Y",
        "indoor": "Y",
        "outdoor": "N",
        "service_village": "紫雲里、紫星里、清白里、紫陽里、西康里",
        "capacity": "157",
        "area": "628"
      },
      "geometry": {
        "type": "Point",
        "coordinates": [
          121.594944773985,
          25.080033920277
        ]
      }
    },
    {
      "type": "Feature",
      "properties": {
        "city": "taipei",
        "id": "SA114-0006",
        "name": "大湖公園",
        "address": "成功路五段31號旁",
        "type": "避難所",
        "flood": "N",
        "earthquake": "Y",
        "debris_flow": "N",
        "tsunami": "N",
        "relief_station": "N",
        "accessible": "Y",
        "indoor": "N",
        "outdoor": "Y",
        "service_village": "全區",
        "capacity": "2437",
        "area": "130195"
      },
      "geometry": {
        "type": "Point",
        "coordinates": [
          121.603982980179,
          25.08283498468
        ]
      }
    },
    {
      "type": "Feature",
      "properties": {
        "city": "taipei",
        "id": "SA114-0007",
        "name": "內湖區行政大樓",
        "address": "民權東路6段99號8樓",
        "type": "避難所",
        "flood": "Y",
        "earthquake": "備用",
        "debris_flow": "N",
        "tsunami": "N",
        "relief_station": "N",
        "accessible": "Y",
        "indoor": "Y",
        "outdoor": "N",
        "service_village": "湖興里、湖元里",
        "capacity": "170",
        "area": "695"
      },
      "geometry": {
        "type": "Point",
        "coordinates": [
          121.588950958843,
          25.069288990958
        ]
      }
    },
    {
      "type": "Feature",
      "properties": {
        "city": "taipei",
        "id": "SA114-0008",
        "name": "臺北市內湖運動中心",
        "address": "洲子街12號",
        "type": "避難所",
        "flood": "Y",
        "earthquake": "備用",
        "debris_flow": "N",
        "tsunami": "N",
        "relief_station": "Y",
        "accessible": "N",
        "indoor": "Y",
        "outdoor": "N",
        "service_village": "西康里、西安里、西湖里、港華里、港都里、港墘里、港富里",
        "capacity": "219",
        "area": "2194.11"
      },
      "geometry": {
        "type": "Point",
        "coordinates": [
          121.575100031483,
          25.078189985397
        ]
      }
    },
    {
      "type": "Feature",
      "properties": {
        "city": "taipei",
        "id": "SA114-0009",
        "name": "臺北市立內湖高級中學",
        "address": "文德路218號",
        "type": "避難所",
        "flood": "N",
        "earthquake": "備用",
        "debris_flow": "N",
        "tsunami": "N",
        "relief_station": "Y",
        "accessible": "Y",
        "indoor": "Y",
        "outdoor": "N",
        "service_village": "紫陽里、瑞光里、瑞陽里",
        "capacity": "110",
        "area": "1036"
      },
      "geometry": {
        "type": "Point",
        "coordinates": [
          121.586512998485,
          25.078399993981
        ]
      }
    },
    {
      "type": "Feature",
      "properties": {
        "city": "taipei",
        "id": "SA114-0010",
        "name": "臺北市內湖區內湖國民小學",
        "address": "內湖路二段41號",
        "type": "避難所",
        "flood": "N",
        "earthquake": "備用",
        "debris_flow": "N",
        "tsunami": "N",
        "relief_station": "Y",
        "accessible": "N",
        "indoor": "Y",
        "outdoor": "N",
        "service_village": "港墘里、港富里、瑞陽里、瑞光里、紫陽里、湖濱里",
        "capacity": "150",
        "area": "1275"
      },
      "geometry": {
        "type": "Point",
        "coordinates": [
          121.580211399859,
          25.079099379982
        ]
      }
    },
    {
      "type": "Feature",
      "properties": {
        "city": "taipei",
        "id": "SA114-0011",
        "name": "臺北市立內湖高級工業職業學校",
        "address": "內湖路一段520號",
        "type": "避難所",
        "flood": "Y",
        "earthquake": "備用",
        "debris_flow": "N",
        "tsunami": "N",
        "relief_station": "Y",
        "accessible": "Y",
        "indoor": "Y",
        "outdoor": "N",
        "service_village": "港墘里、港都里、麗山里",
        "capacity": "245",
        "area": "918"
      },
      "geometry": {
        "type": "Point",
        "coordinates": [
          121.575447796646,
          25.079736991357
        ]
      }
    },
    {
      "type": "Feature",
      "properties": {
        "city": "taipei",
        "id": "SA114-0012",
        "name": "臺北市立明湖國民中學",
        "address": "康寧路三段60號",
        "type": "避難所",
        "flood": "N",
        "earthquake": "備用",
        "debris_flow": "N",
        "tsunami": "N",
        "relief_station": "Y",
        "accessible": "Y",
        "indoor": "Y",
        "outdoor": "N",
        "service_village": "五分里、安湖里、葫洲里、金湖里、康寧里、明湖里、蘆洲里、南湖里",
        "capacity": "251",
        "area": "1509.6"
      },
      "geometry": {
        "type": "Point",
        "coordinates": [
          121.610694202413,
          25.070643799878
        ]
      }
    },
    {
      "type": "Feature",
      "properties": {
        "city": "taipei",
        "id": "SA114-0013",
        "name": "臺北市立三民國民中學",
        "address": "民權東路六段45號",
        "type": "避難所",
        "flood": "N",
        "earthquake": "備用",
        "debris_flow": "N",
        "tsunami": "N",
        "relief_station": "Y",
        "accessible": "Y",
        "indoor": "Y",
        "outdoor": "N",
        "service_village": "行善里、週美里、石潭里、湖興里、湖元里、寶湖里、葫洲里、金湖里、康寧里、明湖里、蘆洲里、瑞光里",
        "capacity": "300",
        "area": "1234"
      },
      "geometry": {
        "type": "Point",
        "coordinates": [
          121.586267995455,
          25.069166992358
        ]
      }
    },
    {
      "type": "Feature",
      "properties": {
        "city": "taipei",
        "id": "SA114-0014",
        "name": "臺北市立東湖國民中學",
        "address": "康樂街131號",
        "type": "避難所",
        "flood": "N",
        "earthquake": "備用",
        "debris_flow": "N",
        "tsunami": "N",
        "relief_station": "Y",
        "accessible": "Y",
        "indoor": "Y",
        "outdoor": "N",
        "service_village": "樂康里、東湖里、內溝里、安泰里、五分里",
        "capacity": "138",
        "area": "1376"
      },
      "geometry": {
        "type": "Point",
        "coordinates": [
          121.619504001746,
          25.072268212713
        ]
      }
    },
    {
      "type": "Feature",
      "properties": {
        "city": "taipei",
        "id": "SA114-0015",
        "name": "臺北市內湖區東湖國民小學",
        "address": "東湖路115號",
        "type": "避難所",
        "flood": "N",
        "earthquake": "備用",
        "debris_flow": "N",
        "tsunami": "N",
        "relief_station": "Y",
        "accessible": "Y",
        "indoor": "Y",
        "outdoor": "N",
        "service_village": "樂康里、安泰里、東湖里、五分里、安湖里、內溝里",
        "capacity": "155",
        "area": "840"
      },
      "geometry": {
        "type": "Point",
        "coordinates": [
          121.615782185279,
          25.068540193638
        ]
      }
    },
    {
      "type": "Feature",
      "properties": {
        "city": "taipei",
        "id": "SA114-0016",
        "name": "臺北市內湖區文湖國民小學",
        "address": "文湖街15號",
        "type": "避難所",
        "flood": "N",
        "earthquake": "備用",
        "debris_flow": "N",
        "tsunami": "N",
        "relief_station": "Y",
        "accessible": "Y",
        "indoor": "Y",
        "outdoor": "N",
        "service_village": "西康里、西安里、北安里",
        "capacity": "54",
        "area": "1917.95"
      },
      "geometry": {
        "type": "Point",
        "coordinates": [
          121.560105980169,
          25.085753018542
        ]
      }
    },
    {
      "type": "Feature",
      "properties": {
        "city": "taipei",
        "id": "SA114-0017",
        "name": "臺北市內湖區西湖國民小學",
        "address": "環山路一段25號",
        "type": "避難所",
        "flood": "Y",
        "earthquake": "備用",
        "debris_flow": "N",
        "tsunami": "N",
        "relief_station": "Y",
        "accessible": "Y",
        "indoor": "Y",
        "outdoor": "N",
        "service_village": "西湖里、西康里、西安里、麗山里",
        "capacity": "76",
        "area": "850"
      },
      "geometry": {
        "type": "Point",
        "coordinates": [
          121.565694027378,
          25.083933013996
        ]
      }
    },
    {
      "type": "Feature",
      "properties": {
        "city": "taipei",
        "id": "SA114-0018",
        "name": "臺北市西湖實驗國民中學",
        "address": "環山路一段27號",
        "type": "避難所",
        "flood": "Y",
        "earthquake": "備用",
        "debris_flow": "N",
        "tsunami": "N",
        "relief_station": "Y",
        "accessible": "Y",
        "indoor": "Y",
        "outdoor": "N",
        "service_village": "西湖里、西安里、西康里、港華里、麗山里、港墘里",
        "capacity": "106",
        "area": "1355"
      },
      "geometry": {
        "type": "Point",
        "coordinates": [
          121.565696961044,
          25.085890020749
        ]
      }
    },
    {
      "type": "Feature",
      "properties": {
        "city": "taipei",
        "id": "SA114-0019",
        "name": "臺北市立內湖國民中學",
        "address": "陽光街1號",
        "type": "避難所",
        "flood": "N",
        "earthquake": "備用",
        "debris_flow": "N",
        "tsunami": "N",
        "relief_station": "Y",
        "accessible": "Y",
        "indoor": "Y",
        "outdoor": "N",
        "service_village": "清白里、紫星里、紫雲里、紫陽里、內湖里、大湖里、碧山里、金龍里、內溝里、秀湖里、瑞陽里、瑞光里、湖濱里、寶湖里",
        "capacity": "267",
        "area": "2216.2"
      },
      "geometry": {
        "type": "Point",
        "coordinates": [
          121.588715008268,
          25.077052016313
        ]
      }
    },
    {
      "type": "Feature",
      "properties": {
        "city": "taipei",
        "id": "SA114-0020",
        "name": "臺北市內湖區明湖國民小學",
        "address": "康寧路三段105號",
        "type": "避難所",
        "flood": "Y",
        "earthquake": "備用",
        "debris_flow": "N",
        "tsunami": "N",
        "relief_station": "Y",
        "accessible": "Y",
        "indoor": "Y",
        "outdoor": "N",
        "service_village": "安湖里、明湖里、康寧里、葫洲里、南湖里",
        "capacity": "137",
        "area": "1100"
      },
      "geometry": {
        "type": "Point",
        "coordinates": [
          121.610570988437,
          25.071098518125
        ]
      }
    },
    {
      "type": "Feature",
      "properties": {
        "city": "taipei",
        "id": "SA114-0021",
        "name": "臺北市內湖區南湖高級中學",
        "address": "康寧路三段220號",
        "type": "避難所",
        "flood": "Y",
        "earthquake": "備用",
        "debris_flow": "N",
        "tsunami": "N",
        "relief_station": "Y",
        "accessible": "Y",
        "indoor": "Y",
        "outdoor": "N",
        "service_village": "五分里、南湖里、葫洲里、安湖里、康寧里",
        "capacity": "150",
        "area": "600"
      },
      "geometry": {
        "type": "Point",
        "coordinates": [
          121.611130983388,
          25.066901992572
        ]
      }
    },
    {
      "type": "Feature",
      "properties": {
        "city": "taipei",
        "id": "SA114-0022",
        "name": "臺北市內湖區南湖國民小學",
        "address": "康寧路三段200號",
        "type": "避難所",
        "flood": "N",
        "earthquake": "備用",
        "debris_flow": "N",
        "tsunami": "N",
        "relief_station": "Y",
        "accessible": "Y",
        "indoor": "Y",
        "outdoor": "N",
        "service_village": "五分里、蘆洲里、南湖里、五分里",
        "capacity": "400",
        "area": "1600"
      },
      "geometry": {
        "type": "Point",
        "coordinates": [
          121.611843612796,
          25.068086816495
        ]
      }
    },
    {
      "type": "Feature",
      "properties": {
        "city": "taipei",
        "id": "SA114-0023",
        "name": "臺北市內湖區新湖國民小學",
        "address": "民權東路六段138號",
        "type": "避難所",
        "flood": "Y",
        "earthquake": "備用",
        "debris_flow": "N",
        "tsunami": "N",
        "relief_station": "Y",
        "accessible": "Y",
        "indoor": "Y",
        "outdoor": "N",
        "service_village": "湖興里、湖元里、石潭里、寶湖里、石潭里、紫陽里",
        "capacity": "40",
        "area": "192"
      },
      "geometry": {
        "type": "Point",
        "coordinates": [
          121.588719115401,
          25.068827483369
        ]
      }
    },
    {
      "type": "Feature",
      "properties": {
        "city": "taipei",
        "id": "SA114-0024",
        "name": "臺北市內湖區潭美國民小學",
        "address": "行善路179號",
        "type": "避難所",
        "flood": "Y",
        "earthquake": "備用",
        "debris_flow": "N",
        "tsunami": "N",
        "relief_station": "Y",
        "accessible": "Y",
        "indoor": "Y",
        "outdoor": "N",
        "service_village": "行善里、週美里、蘆洲里、石潭里、湖元里",
        "capacity": "81",
        "area": "1000"
      },
      "geometry": {
        "type": "Point",
        "coordinates": [
          121.58123022019,
          25.059129789034
        ]
      }
    },
    {
      "type": "Feature",
      "properties": {
        "city": "taipei",
        "id": "SA114-0025",
        "name": "臺北市立麗山高級中學",
        "address": "環山路二段100號",
        "type": "避難所",
        "flood": "Y",
        "earthquake": "備用",
        "debris_flow": "N",
        "tsunami": "N",
        "relief_station": "Y",
        "accessible": "Y",
        "indoor": "Y",
        "outdoor": "N",
        "service_village": "港華里、湖濱里、港富里、港墘里、麗山里、西湖里",
        "capacity": "60",
        "area": "481"
      },
      "geometry": {
        "type": "Point",
        "coordinates": [
          121.577993967374,
          25.084120014256
        ]
      }
    },
    {
      "type": "Feature",
      "properties": {
        "city": "taipei",
        "id": "SA114-0026",
        "name": "臺北市立麗山國民中學",
        "address": "內湖路一段629巷42號",
        "type": "避難所",
        "flood": "Y",
        "earthquake": "備用",
        "debris_flow": "N",
        "tsunami": "N",
        "relief_station": "Y",
        "accessible": "Y",
        "indoor": "Y",
        "outdoor": "N",
        "service_village": "港墘里、金瑞里、港富里、港都里、湖濱里、碧山里、瑞光里、麗山里、港華里",
        "capacity": "82",
        "area": "826.45"
      },
      "geometry": {
        "type": "Point",
        "coordinates": [
          121.575182425592,
          25.081742194054
        ]
      }
    },
    {
      "type": "Feature",
      "properties": {
        "city": "taipei",
        "id": "SA114-0027",
        "name": "碧湖公園",
        "address": "內湖路二段175號,國立台灣戲曲學院旁.",
        "type": "避難所",
        "flood": "N",
        "earthquake": "Y",
        "debris_flow": "N",
        "tsunami": "N",
        "relief_station": "N",
        "accessible": "Y",
        "indoor": "N",
        "outdoor": "Y",
        "service_village": "全區",
        "capacity": "552",
        "area": "131749"
      },
      "geometry": {
        "type": "Point",
        "coordinates": [
          121.585793998831,
          25.081168997605
        ]
      }
    },
    {
      "type": "Feature",
      "properties": {
        "city": "taipei",
        "id": "SA114-0028",
        "name": "臺北市市場處臺北市花卉批發市場",
        "address": "臺北市內湖區新湖三路28號",
        "type": "避難所",
        "flood": "N",
        "earthquake": "N",
        "debris_flow": "N",
        "tsunami": "N",
        "relief_station": "Y",
        "accessible": "Y",
        "indoor": "N",
        "outdoor": "Y",
        "service_village": "全區",
        "capacity": "756",
        "area": "8429.75"
      },
      "geometry": {
        "type": "Point",
        "coordinates": [
          121.574195037398,
          25.062837984908
        ]
      }
    },
    {
      "type": "Feature",
      "properties": {
        "city": "taipei",
        "id": "SA114-0029",
        "name": "臺北市市場處西湖市場停車場",
        "address": "臺北市內湖區內湖路1段285號",
        "type": "避難所",
        "flood": "Y",
        "earthquake": "N",
        "debris_flow": "N",
        "tsunami": "N",
        "relief_station": "Y",
        "accessible": "Y",
        "indoor": "Y",
        "outdoor": "N",
        "service_village": "全區",
        "capacity": "3962",
        "area": "15849"
      },
      "geometry": {
        "type": "Point",
        "coordinates": [
          121.566578988715,
          25.082392001097
        ]
      }
    },
    {
      "type": "Feature",
      "properties": {
        "city": "taipei",
        "id": "SA114-0030",
        "name": "西湖區民活動中心",
        "address": "臺北市內湖區內湖路1段285號7樓",
        "type": "避難所",
        "flood": "Y",
        "earthquake": "N",
        "debris_flow": "N",
        "tsunami": "N",
        "relief_station": "Y",
        "accessible": "Y",
        "indoor": "Y",
        "outdoor": "N",
        "service_village": "西湖里",
        "capacity": "132",
        "area": "657.9"
      },
      "geometry": {
        "type": "Point",
        "coordinates": [
          121.566578988715,
          25.082392001097
        ]
      }
    },
    {
      "type": "Feature",
      "properties": {
        "city": "taipei",
        "id": "SA114-0031",
        "name": "港華區民活動中心",
        "address": "臺北市內湖區環山路二段68巷14號",
        "type": "避難所",
        "flood": "N",
        "earthquake": "N",
        "debris_flow": "N",
        "tsunami": "N",
        "relief_station": "Y",
        "accessible": "Y",
        "indoor": "Y",
        "outdoor": "N",
        "service_village": "港華里",
        "capacity": "36",
        "area": "112.4"
      },
      "geometry": {
        "type": "Point",
        "coordinates": [
          121.575071030099,
          25.086723014287
        ]
      }
    },
    {
      "type": "Feature",
      "properties": {
        "city": "taipei",
        "id": "SA114-0032",
        "name": "港墘區民活動中心",
        "address": "臺北市內湖區內湖路一段552號",
        "type": "避難所",
        "flood": "N",
        "earthquake": "N",
        "debris_flow": "N",
        "tsunami": "N",
        "relief_station": "Y",
        "accessible": "Y",
        "indoor": "Y",
        "outdoor": "N",
        "service_village": "港墘里",
        "capacity": "91",
        "area": "135.5"
      },
      "geometry": {
        "type": "Point",
        "coordinates": [
          121.576080011451,
          25.079576352813
        ]
      }
    },
    {
      "type": "Feature",
      "properties": {
        "city": "taipei",
        "id": "SA114-0033",
        "name": "湖興區民活動中心",
        "address": "臺北市內湖區成功路二段320巷19號3樓",
        "type": "避難所",
        "flood": "Y",
        "earthquake": "N",
        "debris_flow": "N",
        "tsunami": "N",
        "relief_station": "Y",
        "accessible": "Y",
        "indoor": "Y",
        "outdoor": "N",
        "service_village": "湖興里",
        "capacity": "123",
        "area": "578.5"
      },
      "geometry": {
        "type": "Point",
        "coordinates": [
          121.58995796069,
          25.067690017199
        ]
      }
    },
    {
      "type": "Feature",
      "properties": {
        "city": "taipei",
        "id": "SA114-0034",
        "name": "臺北市立圖書館內湖分館",
        "address": "臺北市內湖區民權東路六段99號6樓",
        "type": "避難所",
        "flood": "Y",
        "earthquake": "N",
        "debris_flow": "N",
        "tsunami": "N",
        "relief_station": "Y",
        "accessible": "Y",
        "indoor": "Y",
        "outdoor": "N",
        "service_village": "全區",
        "capacity": "47",
        "area": "190"
      },
      "geometry": {
        "type": "Point",
        "coordinates": [
          121.588950958843,
          25.069288990958
        ]
      }
    },
    {
      "type": "Feature",
      "properties": {
        "city": "taipei",
        "id": "SA114-0035",
        "name": "臺北市立圖書館西中分館",
        "address": "臺北市內湖區內湖路1段285巷66號1-2樓",
        "type": "避難所",
        "flood": "Y",
        "earthquake": "N",
        "debris_flow": "N",
        "tsunami": "N",
        "relief_station": "Y",
        "accessible": "Y",
        "indoor": "Y",
        "outdoor": "N",
        "service_village": "全區",
        "capacity": "86",
        "area": "347.445"
      },
      "geometry": {
        "type": "Point",
        "coordinates": [
          121.566637997314,
          25.084813993929
        ]
      }
    },
    {
      "type": "Feature",
      "properties": {
        "city": "taipei",
        "id": "SA114-0036",
        "name": "臺北市立圖書館西湖分館",
        "address": "臺北市內湖區內湖路一段594號",
        "type": "避難所",
        "flood": "N",
        "earthquake": "N",
        "debris_flow": "N",
        "tsunami": "N",
        "relief_station": "Y",
        "accessible": "Y",
        "indoor": "Y",
        "outdoor": "N",
        "service_village": "全區",
        "capacity": "230",
        "area": "920"
      },
      "geometry": {
        "type": "Point",
        "coordinates": [
          121.577261305217,
          25.078799098301
        ]
      }
    },
    {
      "type": "Feature",
      "properties": {
        "city": "taipei",
        "id": "SA114-0037",
        "name": "臺北市立圖書館東湖分館",
        "address": "臺北市內湖區五分街6號",
        "type": "避難所",
        "flood": "N",
        "earthquake": "N",
        "debris_flow": "N",
        "tsunami": "N",
        "relief_station": "Y",
        "accessible": "Y",
        "indoor": "Y",
        "outdoor": "N",
        "service_village": "全區",
        "capacity": "577",
        "area": "2308"
      },
      "geometry": {
        "type": "Point",
        "coordinates": [
          121.61261198186,
          25.067414001127
        ]
      }
    },
    {
      "type": "Feature",
      "properties": {
        "city": "taipei",
        "id": "SA114-0038",
        "name": "樂康區民活動中心",
        "address": "臺北市內湖區康樂街150號6樓之一",
        "type": "避難所",
        "flood": "N",
        "earthquake": "N",
        "debris_flow": "N",
        "tsunami": "N",
        "relief_station": "Y",
        "accessible": "Y",
        "indoor": "Y",
        "outdoor": "N",
        "service_village": "樂康里",
        "capacity": "100",
        "area": "403.3"
      },
      "geometry": {
        "type": "Point",
        "coordinates": [
          121.619241229081,
          25.072627419174
        ]
      }
    },
    {
      "type": "Feature",
      "properties": {
        "city": "taipei",
        "id": "SA115-0001",
        "name": "臺北市南港區舊莊國民小學",
        "address": "舊莊街一段100號",
        "type": "避難所",
        "flood": "N",
        "earthquake": "備用",
        "debris_flow": "老舊聚落",
        "tsunami": "N",
        "relief_station": "Y",
        "accessible": "Y",
        "indoor": "Y",
        "outdoor": "N",
        "service_village": "舊莊里、中研里、九如里、中南里",
        "capacity": "92",
        "area": "550"
      },
      "geometry": {
        "type": "Point",
        "coordinates": [
          121.619562004516,
          25.04027901452
        ]
      }
    },
    {
      "type": "Feature",
      "properties": {
        "city": "taipei",
        "id": "SA115-0002",
        "name": "臺北市立育成高級中學",
        "address": "重陽路366號",
        "type": "避難所",
        "flood": "N",
        "earthquake": "備用",
        "debris_flow": "N",
        "tsunami": "N",
        "relief_station": "N",
        "accessible": "Y",
        "indoor": "Y",
        "outdoor": "N",
        "service_village": "南港里、東新里、東明里、重陽里、新光里、西新里、中南里、舊莊里",
        "capacity": "318",
        "area": "1380"
      },
      "geometry": {
        "type": "Point",
        "coordinates": [
          121.609168528397,
          25.058683997513
        ]
      }
    },
    {
      "type": "Feature",
      "properties": {
        "city": "taipei",
        "id": "SA115-0003",
        "name": "臺北市立南港高級中學",
        "address": "向陽路21號",
        "type": "避難所",
        "flood": "N",
        "earthquake": "備用",
        "debris_flow": "N",
        "tsunami": "N",
        "relief_station": "Y",
        "accessible": "Y",
        "indoor": "Y",
        "outdoor": "N",
        "service_village": "南港里、玉成里、合成里、西新里、東新里、東明里、新光里、重陽里、百福里、舊莊里",
        "capacity": "324",
        "area": "3918"
      },
      "geometry": {
        "type": "Point",
        "coordinates": [
          121.595024988798,
          25.052540020576
        ]
      }
    },
    {
      "type": "Feature",
      "properties": {
        "city": "taipei",
        "id": "SA115-0004",
        "name": "臺北市南港區成德國民小學",
        "address": "東新街65號",
        "type": "避難所",
        "flood": "N",
        "earthquake": "Y",
        "debris_flow": "N",
        "tsunami": "N",
        "relief_station": "Y",
        "accessible": "Y",
        "indoor": "Y",
        "outdoor": "N",
        "service_village": "萬福里、聯成里、合成里、百福里",
        "capacity": "225",
        "area": "901"
      },
      "geometry": {
        "type": "Point",
        "coordinates": [
          121.586874174693,
          25.046892503764
        ]
      }
    },
    {
      "type": "Feature",
      "properties": {
        "city": "taipei",
        "id": "SA115-0005",
        "name": "臺北市立成德國民中學",
        "address": "東新街108巷23號",
        "type": "避難所",
        "flood": "N",
        "earthquake": "備用",
        "debris_flow": "N",
        "tsunami": "N",
        "relief_station": "Y",
        "accessible": "Y",
        "indoor": "Y",
        "outdoor": "N",
        "service_village": "聯成里、合成里、成福里、萬福里、鴻福里、新光里、百福里",
        "capacity": "92",
        "area": "368"
      },
      "geometry": {
        "type": "Point",
        "coordinates": [
          121.587730972836,
          25.045019986595
        ]
      }
    },
    {
      "type": "Feature",
      "properties": {
        "city": "taipei",
        "id": "SA115-0006",
        "name": "南港公園",
        "address": "東新街170-1號",
        "type": "避難所",
        "flood": "N",
        "earthquake": "Y",
        "debris_flow": "N",
        "tsunami": "N",
        "relief_station": "N",
        "accessible": "Y",
        "indoor": "N",
        "outdoor": "Y",
        "service_village": "全區",
        "capacity": "8655",
        "area": "34620"
      },
      "geometry": {
        "type": "Point",
        "coordinates": [
          121.591223041337,
          25.045753989856
        ]
      }
    },
    {
      "type": "Feature",
      "properties": {
        "city": "taipei",
        "id": "SA115-0007",
        "name": "臺北市南港運動中心",
        "address": "玉成街69號",
        "type": "避難所",
        "flood": "N",
        "earthquake": "備用",
        "debris_flow": "N",
        "tsunami": "N",
        "relief_station": "Y",
        "accessible": "N",
        "indoor": "Y",
        "outdoor": "N",
        "service_village": "合成里、玉成里、萬福里",
        "capacity": "240",
        "area": "1288"
      },
      "geometry": {
        "type": "Point",
        "coordinates": [
          121.581549319244,
          25.048817407828
        ]
      }
    },
    {
      "type": "Feature",
      "properties": {
        "city": "taipei",
        "id": "SA115-0008",
        "name": "臺北市極限運動訓練中心",
        "address": "忠孝東路七段382號",
        "type": "避難所",
        "flood": "Y",
        "earthquake": "備用",
        "debris_flow": "N",
        "tsunami": "N",
        "relief_station": "Y",
        "accessible": "N",
        "indoor": "Y",
        "outdoor": "N",
        "service_village": "中南里、新富里、新光里、南港里",
        "capacity": "50",
        "area": "599.77"
      },
      "geometry": {
        "type": "Point",
        "coordinates": [
          121.607287880782,
          25.051897882974
        ]
      }
    },
    {
      "type": "Feature",
      "properties": {
        "city": "taipei",
        "id": "SA115-0009",
        "name": "臺北市南港區玉成國民小學",
        "address": "向陽路31號",
        "type": "避難所",
        "flood": "N",
        "earthquake": "備用",
        "debris_flow": "N",
        "tsunami": "N",
        "relief_station": "Y",
        "accessible": "N",
        "indoor": "Y",
        "outdoor": "N",
        "service_village": "西新里、東新里、玉成里、新光里、東明里、合成里、重陽里",
        "capacity": "30",
        "area": "150"
      },
      "geometry": {
        "type": "Point",
        "coordinates": [
          121.594757186992,
          25.053614496744
        ]
      }
    },
    {
      "type": "Feature",
      "properties": {
        "city": "taipei",
        "id": "SA115-0010",
        "name": "臺北市南港區東新國民小學",
        "address": "興南街62號",
        "type": "避難所",
        "flood": "N",
        "earthquake": "備用",
        "debris_flow": "N",
        "tsunami": "N",
        "relief_station": "Y",
        "accessible": "Y",
        "indoor": "Y",
        "outdoor": "N",
        "service_village": "南港里、東新里、東明里、重陽里、重陽里",
        "capacity": "45",
        "area": "180"
      },
      "geometry": {
        "type": "Point",
        "coordinates": [
          121.60202899091,
          25.056173994698
        ]
      }
    },
    {
      "type": "Feature",
      "properties": {
        "city": "taipei",
        "id": "SA115-0011",
        "name": "臺北市立南港高級工業職業學校",
        "address": "興中路29號",
        "type": "避難所",
        "flood": "Y",
        "earthquake": "備用",
        "debris_flow": "N",
        "tsunami": "N",
        "relief_station": "Y",
        "accessible": "Y",
        "indoor": "Y",
        "outdoor": "N",
        "service_village": "南港里、東新里、東明里",
        "capacity": "160",
        "area": "1597"
      },
      "geometry": {
        "type": "Point",
        "coordinates": [
          121.607191991809,
          25.056334717691
        ]
      }
    },
    {
      "type": "Feature",
      "properties": {
        "city": "taipei",
        "id": "SA115-0012",
        "name": "臺北市南港區南港國民小學",
        "address": "惠民街67號",
        "type": "避難所",
        "flood": "Y",
        "earthquake": "備用",
        "debris_flow": "N",
        "tsunami": "N",
        "relief_station": "Y",
        "accessible": "Y",
        "indoor": "Y",
        "outdoor": "N",
        "service_village": "南港里、中南里、三重里、新富里、中研里、九如里",
        "capacity": "50",
        "area": "726.3025"
      },
      "geometry": {
        "type": "Point",
        "coordinates": [
          121.610426232969,
          25.057482996517
        ]
      }
    },
    {
      "type": "Feature",
      "properties": {
        "city": "taipei",
        "id": "SA115-0013",
        "name": "臺北市南港區胡適國民小學",
        "address": "舊莊街一段1號",
        "type": "避難所",
        "flood": "Y",
        "earthquake": "備用",
        "debris_flow": "N",
        "tsunami": "N",
        "relief_station": "Y",
        "accessible": "Y",
        "indoor": "Y",
        "outdoor": "N",
        "service_village": "中研里、九如里",
        "capacity": "225",
        "area": "2254.88"
      },
      "geometry": {
        "type": "Point",
        "coordinates": [
          121.617209036656,
          25.042408981846
        ]
      }
    },
    {
      "type": "Feature",
      "properties": {
        "city": "taipei",
        "id": "SA115-0014",
        "name": "臺北市誠正國民中學",
        "address": "富康街1巷24號",
        "type": "避難所",
        "flood": "N",
        "earthquake": "備用",
        "debris_flow": "N",
        "tsunami": "N",
        "relief_station": "Y",
        "accessible": "Y",
        "indoor": "Y",
        "outdoor": "N",
        "service_village": "三重里、中南里、中研里、新富里、舊庄里、九如里",
        "capacity": "143",
        "area": "300"
      },
      "geometry": {
        "type": "Point",
        "coordinates": [
          121.618744936594,
          25.054112088426
        ]
      }
    },
    {
      "type": "Feature",
      "properties": {
        "city": "taipei",
        "id": "SA115-0015",
        "name": "臺北市南港區修德國民小學",
        "address": "東新街118巷86號",
        "type": "避難所",
        "flood": "N",
        "earthquake": "Y",
        "debris_flow": "N",
        "tsunami": "N",
        "relief_station": "Y",
        "accessible": "Y",
        "indoor": "Y",
        "outdoor": "N",
        "service_village": "鴻福里、成福里、仁福里、新光里、百福里",
        "capacity": "95",
        "area": "3123.7084"
      },
      "geometry": {
        "type": "Point",
        "coordinates": [
          121.589621008183,
          25.045569001253
        ]
      }
    },
    {
      "type": "Feature",
      "properties": {
        "city": "taipei",
        "id": "SA115-0016",
        "name": "玉成公園",
        "address": "中坡南路55號",
        "type": "避難所",
        "flood": "N",
        "earthquake": "Y",
        "debris_flow": "N",
        "tsunami": "N",
        "relief_station": "N",
        "accessible": "Y",
        "indoor": "N",
        "outdoor": "Y",
        "service_village": "全區",
        "capacity": "3523",
        "area": "40587"
      },
      "geometry": {
        "type": "Point",
        "coordinates": [
          121.585750412934,
          25.041864200049
        ]
      }
    },
    {
      "type": "Feature",
      "properties": {
        "city": "taipei",
        "id": "SA115-0017",
        "name": "臺北市市場處中研市場地下停車場\r\n",
        "address": "臺北市南港區研究院路二段70巷12號",
        "type": "避難所",
        "flood": "N",
        "earthquake": "N",
        "debris_flow": "N",
        "tsunami": "N",
        "relief_station": "Y",
        "accessible": "Y",
        "indoor": "Y",
        "outdoor": "N",
        "service_village": "全區",
        "capacity": "100",
        "area": "400"
      },
      "geometry": {
        "type": "Point",
        "coordinates": [
          121.6144870136,
          25.045543017353
        ]
      }
    },
    {
      "type": "Feature",
      "properties": {
        "city": "taipei",
        "id": "SA115-0018",
        "name": "南港展覽館站",
        "address": "臺北市南港區研究院路1段1號",
        "type": "避難所",
        "flood": "N",
        "earthquake": "N",
        "debris_flow": "N",
        "tsunami": "N",
        "relief_station": "Y",
        "accessible": "Y",
        "indoor": "Y",
        "outdoor": "N",
        "service_village": "全區",
        "capacity": "1091",
        "area": "4364"
      },
      "geometry": {
        "type": "Point",
        "coordinates": [
          121.61683042609,
          25.054857910171
        ]
      }
    },
    {
      "type": "Feature",
      "properties": {
        "city": "taipei",
        "id": "SA115-0019",
        "name": "南港轉運站西站",
        "address": "臺北市南港區忠孝東路7段359號",
        "type": "避難所",
        "flood": "Y",
        "earthquake": "N",
        "debris_flow": "N",
        "tsunami": "N",
        "relief_station": "Y",
        "accessible": "Y",
        "indoor": "Y",
        "outdoor": "N",
        "service_village": "全區",
        "capacity": "748",
        "area": "2995"
      },
      "geometry": {
        "type": "Point",
        "coordinates": [
          121.606040988865,
          25.052491992271
        ]
      }
    },
    {
      "type": "Feature",
      "properties": {
        "city": "taipei",
        "id": "SA115-0020",
        "name": "臺北市立圖書館南港分館",
        "address": "臺北市南港區南港路一段350號",
        "type": "避難所",
        "flood": "N",
        "earthquake": "N",
        "debris_flow": "N",
        "tsunami": "N",
        "relief_station": "Y",
        "accessible": "Y",
        "indoor": "Y",
        "outdoor": "N",
        "service_village": "全區",
        "capacity": "391",
        "area": "1565.25"
      },
      "geometry": {
        "type": "Point",
        "coordinates": [
          121.60826101974,
          25.054860089465
        ]
      }
    },
    {
      "type": "Feature",
      "properties": {
        "city": "taipei",
        "id": "SA115-0021",
        "name": "臺北市立圖書館舊莊分館",
        "address": "臺北市南港區舊莊街一段91巷11號2-5樓",
        "type": "避難所",
        "flood": "N",
        "earthquake": "N",
        "debris_flow": "N",
        "tsunami": "N",
        "relief_station": "Y",
        "accessible": "Y",
        "indoor": "Y",
        "outdoor": "N",
        "service_village": "全區",
        "capacity": "107",
        "area": "1268"
      },
      "geometry": {
        "type": "Point",
        "coordinates": [
          121.619457566002,
          25.041346114614
        ]
      }
    },
    {
      "type": "Feature",
      "properties": {
        "city": "taipei",
        "id": "SA115-0022",
        "name": "臺北流行音樂中心",
        "address": "臺北市南港區市民大道八段99號",
        "type": "避難所",
        "flood": "N",
        "earthquake": "N",
        "debris_flow": "N",
        "tsunami": "N",
        "relief_station": "Y",
        "accessible": "Y",
        "indoor": "Y",
        "outdoor": "N",
        "service_village": "東明里\r\n新光里",
        "capacity": "1278",
        "area": "18483.35"
      },
      "geometry": {
        "type": "Point",
        "coordinates": [
          121.598506999015,
          25.052639010853
        ]
      }
    },
    {
      "type": "Feature",
      "properties": {
        "city": "taipei",
        "id": "SA116-0001",
        "name": "臺北市立景興國民中學",
        "address": "景興路46巷2號",
        "type": "避難所",
        "flood": "N",
        "earthquake": "Y",
        "debris_flow": "N",
        "tsunami": "N",
        "relief_station": "Y",
        "accessible": "Y",
        "indoor": "Y",
        "outdoor": "N",
        "service_village": "萬祥里、萬有里、萬隆里、萬和里、興福里、景華里、景東里、興豐里、興安里、博嘉里",
        "capacity": "169",
        "area": "676"
      },
      "geometry": {
        "type": "Point",
        "coordinates": [
          121.544345906723,
          24.996190119999
        ]
      }
    },
    {
      "type": "Feature",
      "properties": {
        "city": "taipei",
        "id": "SA116-0002",
        "name": "臺北市文山區萬興國民小學",
        "address": "秀明路二段114號",
        "type": "避難所",
        "flood": "N",
        "earthquake": "備用",
        "debris_flow": "N",
        "tsunami": "N",
        "relief_station": "Y",
        "accessible": "Y",
        "indoor": "Y",
        "outdoor": "N",
        "service_village": "萬興里、政大里、里、博嘉里",
        "capacity": "152",
        "area": "608"
      },
      "geometry": {
        "type": "Point",
        "coordinates": [
          121.576625118766,
          24.990433386988
        ]
      }
    },
    {
      "type": "Feature",
      "properties": {
        "city": "taipei",
        "id": "SA116-0003",
        "name": "臺北市文山區景興國民小學",
        "address": "景華街150巷21號",
        "type": "避難所",
        "flood": "N",
        "earthquake": "Y",
        "debris_flow": "N",
        "tsunami": "N",
        "relief_station": "Y",
        "accessible": "Y",
        "indoor": "Y",
        "outdoor": "N",
        "service_village": "興福里、景東里、景華里、興安里、博嘉里",
        "capacity": "158",
        "area": "693"
      },
      "geometry": {
        "type": "Point",
        "coordinates": [
          121.548205689317,
          24.99608610058
        ]
      }
    },
    {
      "type": "Feature",
      "properties": {
        "city": "taipei",
        "id": "SA116-0004",
        "name": "景華公園",
        "address": "景興路與景華街交义口",
        "type": "避難所",
        "flood": "N",
        "earthquake": "Y",
        "debris_flow": "N",
        "tsunami": "N",
        "relief_station": "N",
        "accessible": "Y",
        "indoor": "N",
        "outdoor": "Y",
        "service_village": "全區",
        "capacity": "1347",
        "area": "16802"
      },
      "geometry": {
        "type": "Point",
        "coordinates": [
          121.544614798177,
          24.995096910277
        ]
      }
    },
    {
      "type": "Feature",
      "properties": {
        "city": "taipei",
        "id": "SA116-0005",
        "name": "行政中心大禮堂",
        "address": "木柵路三段220號10樓",
        "type": "避難所",
        "flood": "Y",
        "earthquake": "N",
        "debris_flow": "N",
        "tsunami": "N",
        "relief_station": "N",
        "accessible": "Y",
        "indoor": "Y",
        "outdoor": "N",
        "service_village": "木新里、老泉里",
        "capacity": "60",
        "area": "658.69"
      },
      "geometry": {
        "type": "Point",
        "coordinates": [
          121.570086815194,
          24.989603704302
        ]
      }
    },
    {
      "type": "Feature",
      "properties": {
        "city": "taipei",
        "id": "SA116-0006",
        "name": "臺北市文山運動中心",
        "address": "興隆路三段222號",
        "type": "避難所",
        "flood": "Y",
        "earthquake": "備用",
        "debris_flow": "N",
        "tsunami": "N",
        "relief_station": "Y",
        "accessible": "N",
        "indoor": "Y",
        "outdoor": "N",
        "service_village": "全區",
        "capacity": "189",
        "area": "1892.98"
      },
      "geometry": {
        "type": "Point",
        "coordinates": [
          121.559693087619,
          24.997035979758
        ]
      }
    },
    {
      "type": "Feature",
      "properties": {
        "city": "taipei",
        "id": "SA116-0007",
        "name": "臺北市文山區力行國民小學",
        "address": "木新路三段155巷7號",
        "type": "避難所",
        "flood": "N",
        "earthquake": "備用",
        "debris_flow": "N",
        "tsunami": "N",
        "relief_station": "Y",
        "accessible": "Y",
        "indoor": "Y",
        "outdoor": "N",
        "service_village": "樟腳里、老泉里、樟新里、順興里、木新里、樟樹里",
        "capacity": "60",
        "area": "316.8"
      },
      "geometry": {
        "type": "Point",
        "coordinates": [
          121.5610001616,
          24.980921687084
        ]
      }
    },
    {
      "type": "Feature",
      "properties": {
        "city": "taipei",
        "id": "SA116-0008",
        "name": "臺北市立木柵高級工業職業學校",
        "address": "木柵路四段77號",
        "type": "避難所",
        "flood": "Y",
        "earthquake": "備用",
        "debris_flow": "N",
        "tsunami": "N",
        "relief_station": "Y",
        "accessible": "Y",
        "indoor": "Y",
        "outdoor": "N",
        "service_village": "博嘉里、萬美里、萬芳里",
        "capacity": "169",
        "area": "1633.85"
      },
      "geometry": {
        "type": "Point",
        "coordinates": [
          121.571876183884,
          24.995887994299
        ]
      }
    },
    {
      "type": "Feature",
      "properties": {
        "city": "taipei",
        "id": "SA116-0009",
        "name": "臺北市文山區木柵國民小學",
        "address": "木柵路三段191號",
        "type": "避難所",
        "flood": "N",
        "earthquake": "備用",
        "debris_flow": "N",
        "tsunami": "N",
        "relief_station": "Y",
        "accessible": "Y",
        "indoor": "Y",
        "outdoor": "N",
        "service_village": "木柵里、木新里、順興里、樟腳里、忠順里、博嘉里、萬芳里、萬美里、明義里",
        "capacity": "155",
        "area": "1552"
      },
      "geometry": {
        "type": "Point",
        "coordinates": [
          121.57023257649,
          24.990292780562
        ]
      }
    },
    {
      "type": "Feature",
      "properties": {
        "city": "taipei",
        "id": "SA116-0010",
        "name": "臺北市立木柵國民中學",
        "address": "木柵路三段102巷12號",
        "type": "避難所",
        "flood": "Y",
        "earthquake": "備用",
        "debris_flow": "N",
        "tsunami": "N",
        "relief_station": "Y",
        "accessible": "Y",
        "indoor": "Y",
        "outdoor": "N",
        "service_village": "木柵里、木新里、順興里、樟腳里、忠順里、博嘉里、萬芳里、萬美里、明義里",
        "capacity": "56",
        "area": "222"
      },
      "geometry": {
        "type": "Point",
        "coordinates": [
          121.56763301304,
          24.98743798816
        ]
      }
    },
    {
      "type": "Feature",
      "properties": {
        "city": "taipei",
        "id": "SA116-0011",
        "name": "臺北市立北政國民中學",
        "address": "指南路三段2巷14號",
        "type": "避難所",
        "flood": "N",
        "earthquake": "備用",
        "debris_flow": "N",
        "tsunami": "N",
        "relief_station": "Y",
        "accessible": "Y",
        "indoor": "Y",
        "outdoor": "N",
        "service_village": "指南里、萬興里、政大里",
        "capacity": "30",
        "area": "202"
      },
      "geometry": {
        "type": "Point",
        "coordinates": [
          121.578282975395,
          24.984879998949
        ]
      }
    },
    {
      "type": "Feature",
      "properties": {
        "city": "taipei",
        "id": "SA116-0012",
        "name": "臺北市文山區永建國民小學",
        "address": "試院路2號\r\n木柵路一段311巷1號",
        "type": "避難所",
        "flood": "Y",
        "earthquake": "備用",
        "debris_flow": "N",
        "tsunami": "N",
        "relief_station": "Y",
        "accessible": "Y",
        "indoor": "Y",
        "outdoor": "N",
        "service_village": "試院里、華興里",
        "capacity": "175",
        "area": "1360"
      },
      "geometry": {
        "type": "Point",
        "coordinates": [
          121.552168840698,
          24.987886276305
        ]
      }
    },
    {
      "type": "Feature",
      "properties": {
        "city": "taipei",
        "id": "SA116-0013",
        "name": "臺北巿文山區志清國民小學",
        "address": "景福街21巷5號",
        "type": "避難所",
        "flood": "N",
        "earthquake": "備用",
        "debris_flow": "N",
        "tsunami": "N",
        "relief_station": "Y",
        "accessible": "Y",
        "indoor": "Y",
        "outdoor": "N",
        "service_village": "景華里、景仁里、萬隆里、萬有里",
        "capacity": "66",
        "area": "268"
      },
      "geometry": {
        "type": "Point",
        "coordinates": [
          121.538844276936,
          24.99869098654
        ]
      }
    },
    {
      "type": "Feature",
      "properties": {
        "city": "taipei",
        "id": "SA116-0014",
        "name": "臺北巿文山區辛亥國民小學",
        "address": "辛亥路四段103號",
        "type": "避難所",
        "flood": "Y",
        "earthquake": "備用",
        "debris_flow": "N",
        "tsunami": "N",
        "relief_station": "Y",
        "accessible": "Y",
        "indoor": "Y",
        "outdoor": "N",
        "service_village": "興昌里、興光里、興泰里、萬美里",
        "capacity": "144",
        "area": "576"
      },
      "geometry": {
        "type": "Point",
        "coordinates": [
          121.558559016119,
          25.006349992476
        ]
      }
    },
    {
      "type": "Feature",
      "properties": {
        "city": "taipei",
        "id": "SA116-0015",
        "name": "臺北巿文山區明道國民小學",
        "address": "木柵路二段138巷61號",
        "type": "避難所",
        "flood": "N",
        "earthquake": "備用",
        "debris_flow": "N",
        "tsunami": "N",
        "relief_station": "Y",
        "accessible": "Y",
        "indoor": "Y",
        "outdoor": "N",
        "service_village": "明義里、明興里、順興里、木柵里、忠順里、樟林里",
        "capacity": "500",
        "area": "954.75"
      },
      "geometry": {
        "type": "Point",
        "coordinates": [
          121.562610241381,
          24.987325712567
        ]
      }
    },
    {
      "type": "Feature",
      "properties": {
        "city": "taipei",
        "id": "SA116-0016",
        "name": "臺北市文山區武功國民小學",
        "address": "興隆路一段68號",
        "type": "避難所",
        "flood": "N",
        "earthquake": "備用",
        "debris_flow": "N",
        "tsunami": "N",
        "relief_station": "Y",
        "accessible": "Y",
        "indoor": "Y",
        "outdoor": "N",
        "service_village": "萬盛里、萬祥里、萬有里、興豐里、興豐里",
        "capacity": "315",
        "area": "1240"
      },
      "geometry": {
        "type": "Point",
        "coordinates": [
          121.540489895987,
          25.003889484798
        ]
      }
    },
    {
      "type": "Feature",
      "properties": {
        "city": "taipei",
        "id": "SA116-0017",
        "name": "臺北市指南實驗國民小學",
        "address": "指南路三段38巷5-2號",
        "type": "避難所",
        "flood": "N",
        "earthquake": "備用",
        "debris_flow": "N",
        "tsunami": "N",
        "relief_station": "Y",
        "accessible": "Y",
        "indoor": "Y",
        "outdoor": "N",
        "service_village": "指南里",
        "capacity": "30",
        "area": "62"
      },
      "geometry": {
        "type": "Point",
        "coordinates": [
          121.583661977939,
          24.976406020567
        ]
      }
    },
    {
      "type": "Feature",
      "properties": {
        "city": "taipei",
        "id": "SA116-0018",
        "name": "臺北市博嘉實驗國民小學",
        "address": "木柵路四段159巷14-1號",
        "type": "避難所",
        "flood": "Y",
        "earthquake": "備用",
        "debris_flow": "N",
        "tsunami": "N",
        "relief_station": "Y",
        "accessible": "Y",
        "indoor": "Y",
        "outdoor": "N",
        "service_village": "博嘉里、萬興里",
        "capacity": "30",
        "area": "67.5"
      },
      "geometry": {
        "type": "Point",
        "coordinates": [
          121.575836968411,
          25.002141019796
        ]
      }
    },
    {
      "type": "Feature",
      "properties": {
        "city": "taipei",
        "id": "SA116-0019",
        "name": "臺北市立景美女子高級中學",
        "address": "木新路三段312號",
        "type": "避難所",
        "flood": "N",
        "earthquake": "備用",
        "debris_flow": "N",
        "tsunami": "N",
        "relief_station": "Y",
        "accessible": "Y",
        "indoor": "Y",
        "outdoor": "N",
        "service_village": "樟林里、樟文里、樟樹里",
        "capacity": "300",
        "area": "1407.33"
      },
      "geometry": {
        "type": "Point",
        "coordinates": [
          121.556228427941,
          24.980741685713
        ]
      }
    },
    {
      "type": "Feature",
      "properties": {
        "city": "taipei",
        "id": "SA116-0020",
        "name": "臺北市文山區景美國民小學",
        "address": "景文街108號",
        "type": "避難所",
        "flood": "N",
        "earthquake": "備用",
        "debris_flow": "N",
        "tsunami": "N",
        "relief_station": "Y",
        "accessible": "Y",
        "indoor": "Y",
        "outdoor": "N",
        "service_village": "景美里、景行里、景東里、試院里",
        "capacity": "74",
        "area": "152"
      },
      "geometry": {
        "type": "Point",
        "coordinates": [
          121.540790219577,
          24.989490716248
        ]
      }
    },
    {
      "type": "Feature",
      "properties": {
        "city": "taipei",
        "id": "SA116-0021",
        "name": "臺北市立景美國民中學",
        "address": "景中街27號",
        "type": "避難所",
        "flood": "Y",
        "earthquake": "備用",
        "debris_flow": "N",
        "tsunami": "N",
        "relief_station": "Y",
        "accessible": "Y",
        "indoor": "Y",
        "outdoor": "N",
        "service_village": "景美里、景行里、景仁里、景慶里、景東里、景華里、試院里",
        "capacity": "80",
        "area": "690"
      },
      "geometry": {
        "type": "Point",
        "coordinates": [
          121.542971023146,
          24.993030980692
        ]
      }
    },
    {
      "type": "Feature",
      "properties": {
        "city": "taipei",
        "id": "SA116-0022",
        "name": "臺北市文山區溪口國民小學",
        "address": "景福街225號",
        "type": "避難所",
        "flood": "Y",
        "earthquake": "備用",
        "debris_flow": "N",
        "tsunami": "N",
        "relief_station": "Y",
        "accessible": "Y",
        "indoor": "Y",
        "outdoor": "N",
        "service_village": "景慶里、景美里、景仁里",
        "capacity": "90",
        "area": "600"
      },
      "geometry": {
        "type": "Point",
        "coordinates": [
          121.538745035203,
          24.994114006401
        ]
      }
    },
    {
      "type": "Feature",
      "properties": {
        "city": "taipei",
        "id": "SA116-0023",
        "name": "臺北市立萬芳高級中學",
        "address": "興隆路三段115巷1號",
        "type": "避難所",
        "flood": "N",
        "earthquake": "備用",
        "debris_flow": "N",
        "tsunami": "N",
        "relief_station": "Y",
        "accessible": "Y",
        "indoor": "Y",
        "outdoor": "N",
        "service_village": "興得里、興昌里、興光里、興家里、明興里、萬美里、萬芳里、博嘉里、明義里",
        "capacity": "131",
        "area": "1300.06"
      },
      "geometry": {
        "type": "Point",
        "coordinates": [
          121.558781220372,
          25.000558809843
        ]
      }
    },
    {
      "type": "Feature",
      "properties": {
        "city": "taipei",
        "id": "SA116-0024",
        "name": "臺北市文山區萬芳國民小學",
        "address": "萬和街1號",
        "type": "避難所",
        "flood": "N",
        "earthquake": "備用",
        "debris_flow": "N",
        "tsunami": "N",
        "relief_station": "Y",
        "accessible": "Y",
        "indoor": "Y",
        "outdoor": "N",
        "service_village": "萬芳里、博嘉里、萬美里",
        "capacity": "135",
        "area": "600"
      },
      "geometry": {
        "type": "Point",
        "coordinates": [
          121.567571992785,
          25.001314983238
        ]
      }
    },
    {
      "type": "Feature",
      "properties": {
        "city": "taipei",
        "id": "SA116-0025",
        "name": "臺北市立萬福國民小學",
        "address": "羅斯福五段170巷32號",
        "type": "避難所",
        "flood": "N",
        "earthquake": "備用",
        "debris_flow": "N",
        "tsunami": "N",
        "relief_station": "Y",
        "accessible": "Y",
        "indoor": "Y",
        "outdoor": "N",
        "service_village": "萬年里、萬和里、萬隆里",
        "capacity": "32",
        "area": "130"
      },
      "geometry": {
        "type": "Point",
        "coordinates": [
          121.5702959,
          24.9894668
        ]
      }
    },
    {
      "type": "Feature",
      "properties": {
        "city": "taipei",
        "id": "SA116-0026",
        "name": "臺北市文山區實踐國民小學",
        "address": "忠順街一段4號",
        "type": "避難所",
        "flood": "N",
        "earthquake": "備用",
        "debris_flow": "N",
        "tsunami": "N",
        "relief_station": "Y",
        "accessible": "Y",
        "indoor": "Y",
        "outdoor": "N",
        "service_village": "樟樹里、樟林里、樟文里",
        "capacity": "75",
        "area": "500"
      },
      "geometry": {
        "type": "Point",
        "coordinates": [
          121.557577998171,
          24.983663994346
        ]
      }
    },
    {
      "type": "Feature",
      "properties": {
        "city": "taipei",
        "id": "SA116-0027",
        "name": "臺北市立實踐國民中學",
        "address": "辛亥路七段67號",
        "type": "避難所",
        "flood": "N",
        "earthquake": "備用",
        "debris_flow": "N",
        "tsunami": "N",
        "relief_station": "Y",
        "accessible": "N",
        "indoor": "Y",
        "outdoor": "N",
        "service_village": "老泉里、華興里、試院里、樟林里、樟新里、樟腳里、樟文里、樟樹里、明義里",
        "capacity": "300",
        "area": "1039"
      },
      "geometry": {
        "type": "Point",
        "coordinates": [
          121.554738125556,
          24.983436090398
        ]
      }
    },
    {
      "type": "Feature",
      "properties": {
        "city": "taipei",
        "id": "SA116-0028",
        "name": "臺北市文山區興華國民小學",
        "address": "興隆路三段125巷6號",
        "type": "避難所",
        "flood": "N",
        "earthquake": "備用",
        "debris_flow": "N",
        "tsunami": "N",
        "relief_station": "Y",
        "accessible": "Y",
        "indoor": "Y",
        "outdoor": "N",
        "service_village": "興家里、興得里、興光里",
        "capacity": "30",
        "area": "180"
      },
      "geometry": {
        "type": "Point",
        "coordinates": [
          121.558675273116,
          24.998845716472
        ]
      }
    },
    {
      "type": "Feature",
      "properties": {
        "city": "taipei",
        "id": "SA116-0029",
        "name": "臺北市文山區興隆國民小學",
        "address": "福興路2號",
        "type": "避難所",
        "flood": "Y",
        "earthquake": "備用",
        "debris_flow": "N",
        "tsunami": "N",
        "relief_station": "Y",
        "accessible": "Y",
        "indoor": "Y",
        "outdoor": "N",
        "service_village": "興旺里、興泰里、興業里、興邦里、興得里",
        "capacity": "133",
        "area": "864"
      },
      "geometry": {
        "type": "Point",
        "coordinates": [
          121.551985005639,
          25.002342981753
        ]
      }
    },
    {
      "type": "Feature",
      "properties": {
        "city": "taipei",
        "id": "SA116-0030",
        "name": "臺北市立興福國民中學",
        "address": "福興路80號",
        "type": "避難所",
        "flood": "N",
        "earthquake": "備用",
        "debris_flow": "N",
        "tsunami": "N",
        "relief_station": "Y",
        "accessible": "Y",
        "indoor": "Y",
        "outdoor": "N",
        "service_village": "興旺里、興泰里、興業里、興安里、興邦里、景東里、興豐里、興福里、萬盛里、萬芳里、萬美里、博嘉里",
        "capacity": "300",
        "area": "837"
      },
      "geometry": {
        "type": "Point",
        "coordinates": [
          121.549831024161,
          25.004859019539
        ]
      }
    },
    {
      "type": "Feature",
      "properties": {
        "city": "taipei",
        "id": "SA116-0031",
        "name": "臺北市文山區興德國民小學",
        "address": "興隆路二段235號",
        "type": "避難所",
        "flood": "Y",
        "earthquake": "備用",
        "debris_flow": "N",
        "tsunami": "N",
        "relief_station": "Y",
        "accessible": "Y",
        "indoor": "Y",
        "outdoor": "N",
        "service_village": "興豐里、興安里、興邦里、興豐里、興業里、興邦里、興旺里",
        "capacity": "30",
        "area": "135"
      },
      "geometry": {
        "type": "Point",
        "coordinates": [
          121.55086820086,
          25.001673519146
        ]
      }
    },
    {
      "type": "Feature",
      "properties": {
        "city": "taipei",
        "id": "SA116-0032",
        "name": "興隆公園",
        "address": "興隆路二段154巷與仙岩路交叉口.",
        "type": "避難所",
        "flood": "Y",
        "earthquake": "Y",
        "debris_flow": "N",
        "tsunami": "N",
        "relief_station": "N",
        "accessible": "Y",
        "indoor": "N",
        "outdoor": "Y",
        "service_village": "全區",
        "capacity": "1290",
        "area": "14862"
      },
      "geometry": {
        "type": "Point",
        "coordinates": [
          121.551462896891,
          25.000940982718
        ]
      }
    },
    {
      "type": "Feature",
      "properties": {
        "city": "taipei",
        "id": "SA116-0033",
        "name": "臺北市市場處木柵市場地下停車場",
        "address": "臺北市文山區保儀路13巷3號",
        "type": "避難所",
        "flood": "Y",
        "earthquake": "N",
        "debris_flow": "N",
        "tsunami": "N",
        "relief_station": "Y",
        "accessible": "Y",
        "indoor": "Y",
        "outdoor": "N",
        "service_village": "全區",
        "capacity": "315",
        "area": "1263"
      },
      "geometry": {
        "type": "Point",
        "coordinates": [
          121.56923797986,
          24.988542010537
        ]
      }
    },
    {
      "type": "Feature",
      "properties": {
        "city": "taipei",
        "id": "SA116-0034",
        "name": "臺北市市場處木新市場地下停車場",
        "address": "臺北市文山區木新路三段310巷4號",
        "type": "避難所",
        "flood": "N",
        "earthquake": "N",
        "debris_flow": "N",
        "tsunami": "N",
        "relief_station": "Y",
        "accessible": "Y",
        "indoor": "Y",
        "outdoor": "N",
        "service_village": "全區",
        "capacity": "450",
        "area": "1800"
      },
      "geometry": {
        "type": "Point",
        "coordinates": [
          121.557221767286,
          24.981475479427
        ]
      }
    },
    {
      "type": "Feature",
      "properties": {
        "city": "taipei",
        "id": "SA116-0035",
        "name": "木新區民活動中心(暫停用)",
        "address": "臺北市文山區木新路三段310巷4號2樓、2樓之1",
        "type": "避難所",
        "flood": "N",
        "earthquake": "N",
        "debris_flow": "N",
        "tsunami": "N",
        "relief_station": "Y",
        "accessible": "N",
        "indoor": "N",
        "outdoor": "N",
        "service_village": "無",
        "capacity": "204",
        "area": "626.76"
      },
      "geometry": {
        "type": "Point",
        "coordinates": [
          121.557221767286,
          24.981475479427
        ]
      }
    },
    {
      "type": "Feature",
      "properties": {
        "city": "taipei",
        "id": "SA116-0036",
        "name": "永建區民活動中心(暫停用)",
        "address": "臺北市文山區木柵路一段177號3樓之1",
        "type": "避難所",
        "flood": "Y",
        "earthquake": "N",
        "debris_flow": "N",
        "tsunami": "N",
        "relief_station": "Y",
        "accessible": "N",
        "indoor": "N",
        "outdoor": "N",
        "service_village": "無",
        "capacity": "162",
        "area": "773.37"
      },
      "geometry": {
        "type": "Point",
        "coordinates": [
          121.55103097742,
          24.987807001447
        ]
      }
    },
    {
      "type": "Feature",
      "properties": {
        "city": "taipei",
        "id": "SA116-0037",
        "name": "忠順區民活動中心",
        "address": "臺北市文山區忠順街2段22號2樓",
        "type": "避難所",
        "flood": "N",
        "earthquake": "備用",
        "debris_flow": "N",
        "tsunami": "備用",
        "relief_station": "Y",
        "accessible": "Y",
        "indoor": "N",
        "outdoor": "N",
        "service_village": "順興里",
        "capacity": "62",
        "area": "218.18"
      },
      "geometry": {
        "type": "Point",
        "coordinates": [
          121.563164117543,
          24.984668984536
        ]
      }
    },
    {
      "type": "Feature",
      "properties": {
        "city": "taipei",
        "id": "SA116-0038",
        "name": "景行區民活動中心",
        "address": "臺北市文山區羅斯福路六段393號6~9樓",
        "type": "避難所",
        "flood": "Y",
        "earthquake": "備用",
        "debris_flow": "N",
        "tsunami": "備用",
        "relief_station": "Y",
        "accessible": "Y",
        "indoor": "Y",
        "outdoor": "N",
        "service_village": "景行里",
        "capacity": "123",
        "area": "794.56"
      },
      "geometry": {
        "type": "Point",
        "coordinates": [
          121.540740933987,
          24.992100086525
        ]
      }
    },
    {
      "type": "Feature",
      "properties": {
        "city": "taipei",
        "id": "SA116-0039",
        "name": "萬芳區民活動中心",
        "address": "臺北市文山區萬美街一段51號3樓",
        "type": "避難所",
        "flood": "N",
        "earthquake": "備用",
        "debris_flow": "N",
        "tsunami": "備用",
        "relief_station": "Y",
        "accessible": "Y",
        "indoor": "Y",
        "outdoor": "N",
        "service_village": "萬芳里",
        "capacity": "166",
        "area": "794.04"
      },
      "geometry": {
        "type": "Point",
        "coordinates": [
          121.568484362945,
          25.002299605404
        ]
      }
    },
    {
      "type": "Feature",
      "properties": {
        "city": "taipei",
        "id": "SA116-0040",
        "name": "萬福區民活動中心",
        "address": "臺北市文山區萬隆街47之12號房屋地下層",
        "type": "避難所",
        "flood": "Y",
        "earthquake": "備用",
        "debris_flow": "N",
        "tsunami": "備用",
        "relief_station": "Y",
        "accessible": "Y",
        "indoor": "Y",
        "outdoor": "N",
        "service_village": "萬和里",
        "capacity": "99",
        "area": "396.69"
      },
      "geometry": {
        "type": "Point",
        "coordinates": [
          121.537019033701,
          25.000638982747
        ]
      }
    },
    {
      "type": "Feature",
      "properties": {
        "city": "taipei",
        "id": "SA116-0041",
        "name": "萬興區民活動中心",
        "address": "臺北市文山區萬壽路27號7樓",
        "type": "避難所",
        "flood": "Y",
        "earthquake": "備用",
        "debris_flow": "N",
        "tsunami": "備用",
        "relief_station": "Y",
        "accessible": "Y",
        "indoor": "Y",
        "outdoor": "N",
        "service_village": "萬興里",
        "capacity": "206",
        "area": "944.78"
      },
      "geometry": {
        "type": "Point",
        "coordinates": [
          121.576502994437,
          24.988683999976
        ]
      }
    },
    {
      "type": "Feature",
      "properties": {
        "city": "taipei",
        "id": "SA116-0042",
        "name": "樟新區民活動中心",
        "address": "臺北市文山區一壽街22號9~10樓",
        "type": "避難所",
        "flood": "N",
        "earthquake": "備用",
        "debris_flow": "N",
        "tsunami": "備用",
        "relief_station": "Y",
        "accessible": "Y",
        "indoor": "Y",
        "outdoor": "N",
        "service_village": "樟新里",
        "capacity": "279",
        "area": "1442.1"
      },
      "geometry": {
        "type": "Point",
        "coordinates": [
          121.55627268439,
          24.979711382175
        ]
      }
    },
    {
      "type": "Feature",
      "properties": {
        "city": "taipei",
        "id": "SA116-0043",
        "name": "樟腳區民活動中心",
        "address": "臺北市文山區恆光街45號7F~8F",
        "type": "避難所",
        "flood": "N",
        "earthquake": "備用",
        "debris_flow": "N",
        "tsunami": "備用",
        "relief_station": "Y",
        "accessible": "Y",
        "indoor": "Y",
        "outdoor": "N",
        "service_village": "樟腳里",
        "capacity": "97",
        "area": "704.87"
      },
      "geometry": {
        "type": "Point",
        "coordinates": [
          121.56731098032,
          24.982418988357
        ]
      }
    },
    {
      "type": "Feature",
      "properties": {
        "city": "taipei",
        "id": "SA116-0044",
        "name": "興隆區民活動中心",
        "address": "臺北市文山區興隆路二段97號4樓",
        "type": "避難所",
        "flood": "N",
        "earthquake": "備用",
        "debris_flow": "N",
        "tsunami": "備用",
        "relief_station": "Y",
        "accessible": "Y",
        "indoor": "Y",
        "outdoor": "N",
        "service_village": "興福里",
        "capacity": "165",
        "area": "905"
      },
      "geometry": {
        "type": "Point",
        "coordinates": [
          121.547472021332,
          24.999646020587
        ]
      }
    },
    {
      "type": "Feature",
      "properties": {
        "city": "taipei",
        "id": "SA116-0045",
        "name": "博客停車場-政大場",
        "address": "臺北市文山區萬壽路27號地下一至二樓",
        "type": "避難所",
        "flood": "N",
        "earthquake": "N",
        "debris_flow": "N",
        "tsunami": "N",
        "relief_station": "Y",
        "accessible": "Y",
        "indoor": "Y",
        "outdoor": "N",
        "service_village": "全區",
        "capacity": "1029",
        "area": "3190.04"
      },
      "geometry": {
        "type": "Point",
        "coordinates": [
          121.576502994437,
          24.988683999976
        ]
      }
    },
    {
      "type": "Feature",
      "properties": {
        "city": "taipei",
        "id": "SA116-0046",
        "name": "臺北市市場處萬和超市地下停車場",
        "address": "臺北市文山區萬隆街47之12號地下1層",
        "type": "避難所",
        "flood": "Y",
        "earthquake": "N",
        "debris_flow": "N",
        "tsunami": "N",
        "relief_station": "Y",
        "accessible": "Y",
        "indoor": "Y",
        "outdoor": "N",
        "service_village": "全區",
        "capacity": "338",
        "area": "735.61"
      },
      "geometry": {
        "type": "Point",
        "coordinates": [
          121.537019033701,
          25.000638982747
        ]
      }
    },
    {
      "type": "Feature",
      "properties": {
        "city": "taipei",
        "id": "SA116-0047",
        "name": "臺北市立圖書館力行分館",
        "address": "臺北市文山區一壽街22號5-8樓",
        "type": "避難所",
        "flood": "N",
        "earthquake": "N",
        "debris_flow": "N",
        "tsunami": "N",
        "relief_station": "Y",
        "accessible": "Y",
        "indoor": "Y",
        "outdoor": "N",
        "service_village": "全區",
        "capacity": "197",
        "area": "788.6"
      },
      "geometry": {
        "type": "Point",
        "coordinates": [
          121.55627268439,
          24.979711382175
        ]
      }
    },
    {
      "type": "Feature",
      "properties": {
        "city": "taipei",
        "id": "SA116-0048",
        "name": "臺北市立圖書館文山分館",
        "address": "臺北市文山區興隆路二段160號7-9樓",
        "type": "避難所",
        "flood": "Y",
        "earthquake": "N",
        "debris_flow": "N",
        "tsunami": "N",
        "relief_station": "Y",
        "accessible": "Y",
        "indoor": "Y",
        "outdoor": "N",
        "service_village": "全區",
        "capacity": "184",
        "area": "739.9"
      },
      "geometry": {
        "type": "Point",
        "coordinates": [
          121.551324008755,
          25.001628005412
        ]
      }
    },
    {
      "type": "Feature",
      "properties": {
        "city": "taipei",
        "id": "SA116-0049",
        "name": "臺北市立圖書館木柵分館",
        "address": "臺北市文山區保儀路13巷3號3、4樓",
        "type": "避難所",
        "flood": "Y",
        "earthquake": "N",
        "debris_flow": "N",
        "tsunami": "N",
        "relief_station": "Y",
        "accessible": "Y",
        "indoor": "Y",
        "outdoor": "N",
        "service_village": "木柵里、木新里、順興里、樟腳里、忠順里、博嘉里、萬芳里、萬美里、明義里",
        "capacity": "119",
        "area": "1654.12"
      },
      "geometry": {
        "type": "Point",
        "coordinates": [
          121.56923797986,
          24.988542010537
        ]
      }
    },
    {
      "type": "Feature",
      "properties": {
        "city": "taipei",
        "id": "SA116-0050",
        "name": "臺北市立圖書館景美分館",
        "address": "臺北市文山區羅斯福路五段176巷50號2-4樓",
        "type": "避難所",
        "flood": "N",
        "earthquake": "N",
        "debris_flow": "N",
        "tsunami": "N",
        "relief_station": "Y",
        "accessible": "Y",
        "indoor": "Y",
        "outdoor": "N",
        "service_village": "全區",
        "capacity": "183",
        "area": "733"
      },
      "geometry": {
        "type": "Point",
        "coordinates": [
          121.536555011541,
          25.003890993541
        ]
      }
    },
    {
      "type": "Feature",
      "properties": {
        "city": "taipei",
        "id": "SA116-0051",
        "name": "臺北市立圖書館景新分館",
        "address": "臺北市文山區景後街151號5-10樓",
        "type": "避難所",
        "flood": "N",
        "earthquake": "N",
        "debris_flow": "N",
        "tsunami": "N",
        "relief_station": "Y",
        "accessible": "Y",
        "indoor": "Y",
        "outdoor": "N",
        "service_village": "全區",
        "capacity": "264",
        "area": "1056"
      },
      "geometry": {
        "type": "Point",
        "coordinates": [
          121.54198899937,
          24.990058003454
        ]
      }
    },
    {
      "type": "Feature",
      "properties": {
        "city": "taipei",
        "id": "SA116-0052",
        "name": "臺北市立圖書館萬興分館",
        "address": "臺北市文山區萬壽路27號4-5樓",
        "type": "避難所",
        "flood": "N",
        "earthquake": "N",
        "debris_flow": "N",
        "tsunami": "N",
        "relief_station": "Y",
        "accessible": "Y",
        "indoor": "Y",
        "outdoor": "N",
        "service_village": "全區",
        "capacity": "166",
        "area": "664"
      },
      "geometry": {
        "type": "Point",
        "coordinates": [
          121.576502994437,
          24.988683999976
        ]
      }
    },
    {
      "type": "Feature",
      "properties": {
        "city": "taipei",
        "id": "SA116-0053",
        "name": "臺北市市場處興隆市場地下停車場",
        "address": "臺北市文山區興隆路二段97號",
        "type": "避難所",
        "flood": "N",
        "earthquake": "N",
        "debris_flow": "N",
        "tsunami": "N",
        "relief_station": "Y",
        "accessible": "Y",
        "indoor": "Y",
        "outdoor": "N",
        "service_village": "全區",
        "capacity": "439",
        "area": "1757"
      },
      "geometry": {
        "type": "Point",
        "coordinates": [
          121.547472021332,
          24.999646020587
        ]
      }
    },
    {
      "type": "Feature",
      "properties": {
        "city": "taipei",
        "id": "SA116-0054",
        "name": "興業區民活動中心",
        "address": "臺北市文山區興隆路二段160號10樓",
        "type": "避難所",
        "flood": "Y",
        "earthquake": "備用",
        "debris_flow": "N",
        "tsunami": "備用",
        "relief_station": "Y",
        "accessible": "Y",
        "indoor": "Y",
        "outdoor": "N",
        "service_village": "興業里",
        "capacity": "238",
        "area": "1097.96"
      },
      "geometry": {
        "type": "Point",
        "coordinates": [
          121.551324008755,
          25.001628005412
        ]
      }
    },
    {
      "type": "Feature",
      "properties": {
        "city": "taipei",
        "id": "SA116-0055",
        "name": "興豐區民活動中心",
        "address": "臺北市文山區興隆路二段95巷8號7~9樓",
        "type": "避難所",
        "flood": "N",
        "earthquake": "備用",
        "debris_flow": "N",
        "tsunami": "備用",
        "relief_station": "Y",
        "accessible": "Y",
        "indoor": "Y",
        "outdoor": "N",
        "service_village": "興豐里",
        "capacity": "103",
        "area": "558.99"
      },
      "geometry": {
        "type": "Point",
        "coordinates": [
          121.546879839872,
          24.999974884558
        ]
      }
    },
    {
      "type": "Feature",
      "properties": {
        "city": "newtaipei",
        "id": "SF220-0002",
        "name": "民生市民活動中心",
        "address": "新北市板橋區東丘里民生路一段30-1號1~3樓",
        "type": "避難所",
        "flood": "是",
        "earthquake": "是",
        "debris_flow": "是",
        "tsunami": "是",
        "relief_station": "是",
        "accessible": "是",
        "indoor": "291.0",
        "outdoor": "0.0",
        "service_village": "東丘里、九如里、長壽里、居仁里、正泰里、海山里、東安里、民生里、福壽里、富貴里",
        "capacity": "291.0",
        "area": "1167"
      },
      "geometry": {
        "type": "Point",
        "coordinates": [
          121.476056278439,
          25.01352180029
        ]
      }
    },
    {
      "type": "Feature",
      "properties": {
        "city": "newtaipei",
        "id": "SF220-0003",
        "name": "板橋莊敬市民活動中心　",
        "address": "新北市板橋區莊敬里民生路二段120號1樓",
        "type": "避難所",
        "flood": "是",
        "earthquake": "是",
        "debris_flow": "是",
        "tsunami": "是",
        "relief_station": "是",
        "accessible": "是",
        "indoor": "150.0",
        "outdoor": "0.0",
        "service_village": "莊敬里、埤墘里、華江里、介壽里、百壽里",
        "capacity": "150.0",
        "area": "602"
      },
      "geometry": {
        "type": "Point",
        "coordinates": [
          121.4707790322,
          25.019713009251
        ]
      }
    },
    {
      "type": "Feature",
      "properties": {
        "city": "newtaipei",
        "id": "SF220-0004",
        "name": "板橋國小",
        "address": "新北市板橋區黃石里文化路一段23號",
        "type": "避難所",
        "flood": "是",
        "earthquake": "是",
        "debris_flow": "否",
        "tsunami": "否",
        "relief_station": "是",
        "accessible": "是",
        "indoor": "774.0",
        "outdoor": "337.0",
        "service_village": "留侯里、流芳里、赤松里、黃石里、挹秀里、湳興里、社後里、金華里、自強里、光華里、建國里、光榮里、民權里、民安里、漢生里",
        "capacity": "1111.0",
        "area": "3097"
      },
      "geometry": {
        "type": "Point",
        "coordinates": [
          121.458235011184,
          25.010843991773
        ]
      }
    },
    {
      "type": "Feature",
      "properties": {
        "city": "newtaipei",
        "id": "SF220-0005",
        "name": "文德國小",
        "address": "新北市板橋區幸福里英士路179號",
        "type": "避難所",
        "flood": "否",
        "earthquake": "是",
        "debris_flow": "否",
        "tsunami": "否",
        "relief_station": "是",
        "accessible": "否",
        "indoor": "1445.0",
        "outdoor": "847.0",
        "service_village": "新翠里、德翠里、新海里、公館里、幸福里、文德里、新生里、金華里、港德里、國光里、漢生里、港尾里",
        "capacity": "2292.0",
        "area": "5780"
      },
      "geometry": {
        "type": "Point",
        "coordinates": [
          121.45852100172,
          25.022606987051
        ]
      }
    },
    {
      "type": "Feature",
      "properties": {
        "city": "newtaipei",
        "id": "SF220-0006",
        "name": "江翠國小",
        "address": "新北市板橋區柏翠里文化路二段413號",
        "type": "避難所",
        "flood": "否",
        "earthquake": "是",
        "debris_flow": "是",
        "tsunami": "是",
        "relief_station": "是",
        "accessible": "否",
        "indoor": "277.0",
        "outdoor": "56.0",
        "service_village": "江翠里、純翠里、溪頭里、聯翠里、松翠里、柏翠里、文翠里、青翠里",
        "capacity": "333.0",
        "area": "1111"
      },
      "geometry": {
        "type": "Point",
        "coordinates": [
          121.474122992472,
          25.03233301222
        ]
      }
    },
    {
      "type": "Feature",
      "properties": {
        "city": "newtaipei",
        "id": "SF220-0007",
        "name": "文聖國小",
        "address": "新北市板橋區松柏里文聖街86號",
        "type": "避難所",
        "flood": "否",
        "earthquake": "是",
        "debris_flow": "否",
        "tsunami": "否",
        "relief_station": "是",
        "accessible": "否",
        "indoor": "63.0",
        "outdoor": "531.0",
        "service_village": "嵐翠里、文聖里、福翠里、懷翠里、龍翠里、松柏里、港嘴里、松翠里、柏翠里",
        "capacity": "594.0",
        "area": "255"
      },
      "geometry": {
        "type": "Point",
        "coordinates": [
          121.477757972422,
          25.029182003359
        ]
      }
    },
    {
      "type": "Feature",
      "properties": {
        "city": "newtaipei",
        "id": "SF220-0008",
        "name": "埔墘國小",
        "address": "新北市板橋區光仁里永豐街42-8號",
        "type": "避難所",
        "flood": "是",
        "earthquake": "是",
        "debris_flow": "否",
        "tsunami": "否",
        "relief_station": "是",
        "accessible": "否",
        "indoor": "124.0",
        "outdoor": "25.0",
        "service_village": "介壽里、埔墘里、雙玉里、振興里、振義里、廣新里、玉光里、光仁里、西安里、東丘里、民生里、九如里、正泰里、港嘴里、埤墘里、莊敬里",
        "capacity": "149.0",
        "area": "497"
      },
      "geometry": {
        "type": "Point",
        "coordinates": [
          121.474083010794,
          25.018075017733
        ]
      }
    },
    {
      "type": "Feature",
      "properties": {
        "city": "newtaipei",
        "id": "SF220-0009",
        "name": "實踐國小",
        "address": "新北市板橋區國泰里實踐路93巷51號",
        "type": "避難所",
        "flood": "是",
        "earthquake": "是",
        "debris_flow": "是",
        "tsunami": "否",
        "relief_station": "是",
        "accessible": "否",
        "indoor": "830.0",
        "outdoor": "187.0",
        "service_village": "民族里、福祿里、福德里、國泰里、後埔里、福丘里",
        "capacity": "1017.0",
        "area": "3322"
      },
      "geometry": {
        "type": "Point",
        "coordinates": [
          121.466392363173,
          25.005017605147
        ]
      }
    },
    {
      "type": "Feature",
      "properties": {
        "city": "newtaipei",
        "id": "SF220-0010",
        "name": "後埔國小",
        "address": "新北市板橋區福星里重慶路157號",
        "type": "避難所",
        "flood": "是",
        "earthquake": "是",
        "debris_flow": "否",
        "tsunami": "否",
        "relief_station": "是",
        "accessible": "否",
        "indoor": "310.0",
        "outdoor": "503.0",
        "service_village": "廣德里、福德里、仁愛里、福星里、大豐里、華興里、鄉雲里、華貴里、華福里、華東里、景星里、重慶里、後埔里、湳興里",
        "capacity": "813.0",
        "area": "1243"
      },
      "geometry": {
        "type": "Point",
        "coordinates": [
          121.462698709901,
          25.003346211744
        ]
      }
    },
    {
      "type": "Feature",
      "properties": {
        "city": "newtaipei",
        "id": "SF220-0011",
        "name": "信義國小",
        "address": "新北市板橋區華德里四川路2段245巷60號",
        "type": "避難所",
        "flood": "否",
        "earthquake": "是",
        "debris_flow": "否",
        "tsunami": "否",
        "relief_station": "是",
        "accessible": "否",
        "indoor": "305.0",
        "outdoor": "639.0",
        "service_village": "華德里、信義里、華東里",
        "capacity": "944.0",
        "area": "1221"
      },
      "geometry": {
        "type": "Point",
        "coordinates": [
          121.452812674201,
          24.991736605294
        ]
      }
    },
    {
      "type": "Feature",
      "properties": {
        "city": "newtaipei",
        "id": "SF220-0012",
        "name": "中山國小",
        "address": "新北市板橋區中山里大觀路二段59巷31號",
        "type": "避難所",
        "flood": "是",
        "earthquake": "是",
        "debris_flow": "否",
        "tsunami": "否",
        "relief_station": "是",
        "accessible": "否",
        "indoor": "385.0",
        "outdoor": "297.0",
        "service_village": "中山里、大安里、復興里、聚安里、龍安里、福安里",
        "capacity": "682.0",
        "area": "1542"
      },
      "geometry": {
        "type": "Point",
        "coordinates": [
          121.447686888952,
          25.002304215451
        ]
      }
    },
    {
      "type": "Feature",
      "properties": {
        "city": "newtaipei",
        "id": "SF220-0013",
        "name": "沙崙國小",
        "address": "新北市板橋區溪北里篤行路二段132號",
        "type": "避難所",
        "flood": "否",
        "earthquake": "是",
        "debris_flow": "否",
        "tsunami": "否",
        "relief_station": "是",
        "accessible": "是",
        "indoor": "91.0",
        "outdoor": "250.0",
        "service_village": "溪北里、崑崙里、成和里、堂春里、溪福里、溪洲里 ",
        "capacity": "341.0",
        "area": "367"
      },
      "geometry": {
        "type": "Point",
        "coordinates": [
          121.430571964677,
          24.989751016251
        ]
      }
    },
    {
      "type": "Feature",
      "properties": {
        "city": "newtaipei",
        "id": "SF220-0014",
        "name": "溪洲國小",
        "address": "新北市板橋區溪福里金門街289號",
        "type": "避難所",
        "flood": "否",
        "earthquake": "是",
        "debris_flow": "是",
        "tsunami": "是",
        "relief_station": "是",
        "accessible": "否",
        "indoor": "741.0",
        "outdoor": "750.0",
        "service_village": "溪洲里、溪福里、堂春里",
        "capacity": "1491.0",
        "area": "2967"
      },
      "geometry": {
        "type": "Point",
        "coordinates": [
          121.430882765647,
          24.987323281815
        ]
      }
    },
    {
      "type": "Feature",
      "properties": {
        "city": "newtaipei",
        "id": "SF220-0015",
        "name": "重慶國小",
        "address": "新北市板橋區五權里廣和街31號",
        "type": "避難所",
        "flood": "是",
        "earthquake": "否",
        "debris_flow": "是",
        "tsunami": "是",
        "relief_station": "是",
        "accessible": "是",
        "indoor": "482.0",
        "outdoor": "305.0",
        "service_village": "五權里、廣福里、和平里、重慶里",
        "capacity": "787.0",
        "area": "1931"
      },
      "geometry": {
        "type": "Point",
        "coordinates": [
          121.462423029105,
          24.994453012475
        ]
      }
    },
    {
      "type": "Feature",
      "properties": {
        "city": "newtaipei",
        "id": "SF220-0017",
        "name": "大觀國小",
        "address": "新北市板橋區浮洲里大觀路一段30號",
        "type": "避難所",
        "flood": "是",
        "earthquake": "是",
        "debris_flow": "否",
        "tsunami": "否",
        "relief_station": "是",
        "accessible": "是",
        "indoor": "930.0",
        "outdoor": "462.0",
        "service_village": "湳興里、浮洲里、華中里、僑中里、大觀里、歡園里",
        "capacity": "1392.0",
        "area": "3720"
      },
      "geometry": {
        "type": "Point",
        "coordinates": [
          121.449349690904,
          25.008610507943
        ]
      }
    },
    {
      "type": "Feature",
      "properties": {
        "city": "newtaipei",
        "id": "SF220-0018",
        "name": "莒光國小",
        "address": "新北市板橋區華翠里莒光路163號",
        "type": "避難所",
        "flood": "是",
        "earthquake": "是",
        "debris_flow": "否",
        "tsunami": "否",
        "relief_station": "是",
        "accessible": "否",
        "indoor": "110.0",
        "outdoor": "186.0",
        "service_village": "華江里、華翠里、莒光里、忠翠里、港嘴里、永安里",
        "capacity": "296.0",
        "area": "442"
      },
      "geometry": {
        "type": "Point",
        "coordinates": [
          121.472895965666,
          25.000163016375
        ]
      }
    },
    {
      "type": "Feature",
      "properties": {
        "city": "newtaipei",
        "id": "SF220-0019",
        "name": "國光國小",
        "address": "新北市板橋區香社里中正路325巷30號",
        "type": "避難所",
        "flood": "是",
        "earthquake": "是",
        "debris_flow": "否",
        "tsunami": "否",
        "relief_station": "是",
        "accessible": "是",
        "indoor": "574.0",
        "outdoor": "686.0",
        "service_village": "社後里、香社里、香雅里、中正里、自立里、光榮里、國光里、港尾里、港德里",
        "capacity": "1260.0",
        "area": "2297"
      },
      "geometry": {
        "type": "Point",
        "coordinates": [
          121.453349702737,
          25.01942048083
        ]
      }
    },
    {
      "type": "Feature",
      "properties": {
        "city": "newtaipei",
        "id": "SF220-0020",
        "name": "板橋國中",
        "address": "新北市板橋區中正里中正路437號",
        "type": "避難所",
        "flood": "是",
        "earthquake": "是",
        "debris_flow": "是",
        "tsunami": "否",
        "relief_station": "是",
        "accessible": "否",
        "indoor": "377.0",
        "outdoor": "1250.0",
        "service_village": "新生里、社後里、香社里、香雅里、中正里、自立里、自強里、光華里、建國里、光榮里、國光里、港尾里、金華里、港德里、民權里",
        "capacity": "1627.0",
        "area": "1509"
      },
      "geometry": {
        "type": "Point",
        "coordinates": [
          121.454208009622,
          25.023894992202
        ]
      }
    },
    {
      "type": "Feature",
      "properties": {
        "city": "newtaipei",
        "id": "SF220-0021",
        "name": "忠孝國中",
        "address": "新北市板橋區福星里重慶路168號",
        "type": "避難所",
        "flood": "是",
        "earthquake": "是",
        "debris_flow": "是",
        "tsunami": "是",
        "relief_station": "是",
        "accessible": "是",
        "indoor": "216.0",
        "outdoor": "123.0",
        "service_village": "華貴里、華興里、華福里、景星里、留侯里、流芳里、赤松里、黃石里、挹秀里、湳興里、新興里",
        "capacity": "339.0",
        "area": "866"
      },
      "geometry": {
        "type": "Point",
        "coordinates": [
          121.46253245119,
          25.003205328732
        ]
      }
    },
    {
      "type": "Feature",
      "properties": {
        "city": "newtaipei",
        "id": "SF220-0022",
        "name": "新埔國中",
        "address": "新北市板橋區新海里新海路181號",
        "type": "避難所",
        "flood": "是",
        "earthquake": "是",
        "debris_flow": "否",
        "tsunami": "否",
        "relief_station": "是",
        "accessible": "是",
        "indoor": "444.0",
        "outdoor": "566.0",
        "service_village": "新生里、金華里、港德里、公館里、幸福里、文德里、陽明里、新埔里、宏翠里、仁翠里、新翠里、朝陽里、吉翠里、滿翠里、明翠里、德翠里、新海里",
        "capacity": "1010.0",
        "area": "1778"
      },
      "geometry": {
        "type": "Point",
        "coordinates": [
          121.459085019985,
          25.025742992305
        ]
      }
    },
    {
      "type": "Feature",
      "properties": {
        "city": "newtaipei",
        "id": "SF220-0023",
        "name": "中山國中",
        "address": "新北市板橋區新民里文化路1段188巷56號",
        "type": "避難所",
        "flood": "否",
        "earthquake": "是",
        "debris_flow": "是",
        "tsunami": "是",
        "relief_station": "是",
        "accessible": "是",
        "indoor": "936.0",
        "outdoor": "1125.0",
        "service_village": "民權里、民安里、新民里、漢生里、公館里、忠誠里、介壽里、百壽里、華江里、玉光里、光仁里、廣新里、埤墘里、莊敬里、雙玉里、香丘里、西安里",
        "capacity": "2061.0",
        "area": "3747"
      },
      "geometry": {
        "type": "Point",
        "coordinates": [
          121.467476227073,
          25.018553582494
        ]
      }
    },
    {
      "type": "Feature",
      "properties": {
        "city": "newtaipei",
        "id": "SF220-0024",
        "name": "江翠國中",
        "address": "新北市板橋區文化里松江街63號",
        "type": "避難所",
        "flood": "是",
        "earthquake": "是",
        "debris_flow": "是",
        "tsunami": "是",
        "relief_station": "是",
        "accessible": "是",
        "indoor": "391.0",
        "outdoor": "500.0",
        "service_village": "明翠里、宏翠里、滿翠里、朝陽里、吉翠里、仁翠里、江翠里、純翠里、溪頭里、聯翠里、文化里、華江里、松翠里、柏翠里、龍翠里、華翠里、莒光里、忠翠里、松柏里、嵐翠里、文聖里、懷翠里、文翠里、青翠里、埤墘里、莊敬里、永安里",
        "capacity": "891.0",
        "area": "1567"
      },
      "geometry": {
        "type": "Point",
        "coordinates": [
          121.468437715186,
          25.028944502132
        ]
      }
    },
    {
      "type": "Feature",
      "properties": {
        "city": "newtaipei",
        "id": "SF220-0025",
        "name": "光復高中",
        "address": "新北市板橋區富貴里光環路1段7號",
        "type": "避難所",
        "flood": "否",
        "earthquake": "否",
        "debris_flow": "是",
        "tsunami": "否",
        "relief_station": "是",
        "accessible": "否",
        "indoor": "219.0",
        "outdoor": "90.0",
        "service_village": "龍翠里、港嘴里、振義里、振興里、光復里、埔墘里、富貴里、長壽里、居仁里、福壽里、福翠里、九如里、正泰里、雙玉里",
        "capacity": "309.0",
        "area": "879"
      },
      "geometry": {
        "type": "Point",
        "coordinates": [
          121.482344968935,
          25.016853983988
        ]
      }
    },
    {
      "type": "Feature",
      "properties": {
        "city": "newtaipei",
        "id": "SF220-0026",
        "name": "溪崑國中",
        "address": "新北市板橋區崑崙里大觀路三段50巷30號",
        "type": "避難所",
        "flood": "是",
        "earthquake": "是",
        "debris_flow": "否",
        "tsunami": "否",
        "relief_station": "是",
        "accessible": "是",
        "indoor": "222.0",
        "outdoor": "506.0",
        "service_village": "崑崙里、成和里、溪北里、溪洲里、溪福里、堂春里",
        "capacity": "728.0",
        "area": "888"
      },
      "geometry": {
        "type": "Point",
        "coordinates": [
          121.431286019008,
          24.997986990492
        ]
      }
    },
    {
      "type": "Feature",
      "properties": {
        "city": "newtaipei",
        "id": "SF220-0027",
        "name": "重慶國中",
        "address": "新北市板橋區重慶里國慶路221號",
        "type": "避難所",
        "flood": "是",
        "earthquake": "是",
        "debris_flow": "是",
        "tsunami": "是",
        "relief_station": "是",
        "accessible": "否",
        "indoor": "198.0",
        "outdoor": "303.0",
        "service_village": "鄉雲里、廣德里、大豐里、仁愛里、重慶里、和平里、廣福里、五權里、華德里、信義里、華東里",
        "capacity": "501.0",
        "area": "794"
      },
      "geometry": {
        "type": "Point",
        "coordinates": [
          121.463157032366,
          24.998189120087
        ]
      }
    },
    {
      "type": "Feature",
      "properties": {
        "city": "newtaipei",
        "id": "SF220-0028",
        "name": "海山高中",
        "address": "新北市板橋區深丘里漢生東路215號",
        "type": "避難所",
        "flood": "是",
        "earthquake": "是",
        "debris_flow": "否",
        "tsunami": "否",
        "relief_station": "是",
        "accessible": "否",
        "indoor": "2020.0",
        "outdoor": "101.0",
        "service_village": "海山里、九如里、正泰里、雙玉里、深丘里、香丘里、長安里、東安里、東丘里、民生里、福丘里、福祿里、民族里、國泰里、福壽里",
        "capacity": "2121.0",
        "area": "8082"
      },
      "geometry": {
        "type": "Point",
        "coordinates": [
          121.47088640438,
          25.010153700137
        ]
      }
    },
    {
      "type": "Feature",
      "properties": {
        "city": "newtaipei",
        "id": "SF220-0029",
        "name": "大觀國中",
        "address": "新北市板橋區浮洲里僑中一街1號",
        "type": "避難所",
        "flood": "是",
        "earthquake": "是",
        "debris_flow": "是",
        "tsunami": "是",
        "relief_station": "是",
        "accessible": "是",
        "indoor": "55.0",
        "outdoor": "684.0",
        "service_village": "湳興里、浮洲里、華中里、僑中里、大觀里、歡園里、大安里、福安里、聚安里、龍安里、中山里、復興里",
        "capacity": "739.0",
        "area": "222"
      },
      "geometry": {
        "type": "Point",
        "coordinates": [
          121.448523738165,
          25.011251394177
        ]
      }
    },
    {
      "type": "Feature",
      "properties": {
        "city": "newtaipei",
        "id": "SF220-0030",
        "name": "板橋高中",
        "address": "新北市板橋區黃石里文化路一段25號",
        "type": "避難所",
        "flood": "是",
        "earthquake": "是",
        "debris_flow": "是",
        "tsunami": "是",
        "relief_station": "是",
        "accessible": "否",
        "indoor": "375.0",
        "outdoor": "187.0",
        "service_village": "留侯里、流芳里、赤松里、黃石里、挹秀里、湳興里、社後里、金華里、自強里、光華里、建國里、光榮里、民權里、民安里、漢生里",
        "capacity": "562.0",
        "area": "1503"
      },
      "geometry": {
        "type": "Point",
        "coordinates": [
          121.459102035248,
          25.011719020555
        ]
      }
    },
    {
      "type": "Feature",
      "properties": {
        "city": "newtaipei",
        "id": "SF220-0031",
        "name": "板橋第一運動公園",
        "address": "新北市板橋區深丘里漢生東路278號",
        "type": "避難所",
        "flood": "否",
        "earthquake": "是",
        "debris_flow": "否",
        "tsunami": "否",
        "relief_station": "否",
        "accessible": "是",
        "indoor": "0.0",
        "outdoor": "1630.0",
        "service_village": "海山里、九如里、正泰里、雙玉里、深丘里、香丘里、長安里、東安里、東丘里、民生里、福丘里、福祿里、民族里、國泰里",
        "capacity": "1630.0",
        "area": "0"
      },
      "geometry": {
        "type": "Point",
        "coordinates": [
          121.469291579662,
          25.010591109754
        ]
      }
    },
    {
      "type": "Feature",
      "properties": {
        "city": "newtaipei",
        "id": "SF220-0032",
        "name": "板橋第二運動公園",
        "address": "新北市板橋區社後里民權路117號",
        "type": "避難所",
        "flood": "否",
        "earthquake": "是",
        "debris_flow": "否",
        "tsunami": "否",
        "relief_station": "否",
        "accessible": "是",
        "indoor": "0.0",
        "outdoor": "1120.0",
        "service_village": "港德里、社後里、國光里、建國里、民權里、民安里、自強里、光榮里、自立里、香社里",
        "capacity": "1120.0",
        "area": "0"
      },
      "geometry": {
        "type": "Point",
        "coordinates": [
          121.458337438041,
          25.013819399762
        ]
      }
    },
    {
      "type": "Feature",
      "properties": {
        "city": "newtaipei",
        "id": "SF220-0033",
        "name": "浮洲運動公園",
        "address": "新北市板橋區浮洲里僑中一街124巷與80巷交會處",
        "type": "避難所",
        "flood": "否",
        "earthquake": "是",
        "debris_flow": "否",
        "tsunami": "否",
        "relief_station": "否",
        "accessible": "是",
        "indoor": "0.0",
        "outdoor": "935.0",
        "service_village": "湳興里、浮洲里、華中里、僑中里、大觀里、歡園里、大安里、福安里、聚安里、龍安里、中山里、復興里",
        "capacity": "935.0",
        "area": "0"
      },
      "geometry": {
        "type": "Point",
        "coordinates": [
          121.44746803746,
          25.017359999482
        ]
      }
    },
    {
      "type": "Feature",
      "properties": {
        "city": "newtaipei",
        "id": "SF220-0034",
        "name": "新埔國小",
        "address": "新北市板橋區新翠里陽明街206號",
        "type": "避難所",
        "flood": "是",
        "earthquake": "是",
        "debris_flow": "是",
        "tsunami": "是",
        "relief_station": "是",
        "accessible": "是",
        "indoor": "1176.0",
        "outdoor": "716.0",
        "service_village": "新翠里、明翠里、陽明里、忠誠里、文德里、幸福里、德翠里、新海里、朝陽里",
        "capacity": "1892.0",
        "area": "4707"
      },
      "geometry": {
        "type": "Point",
        "coordinates": [
          121.462593600835,
          25.025883179636
        ]
      }
    },
    {
      "type": "Feature",
      "properties": {
        "city": "newtaipei",
        "id": "SF220-0035",
        "name": "海山國小",
        "address": "新北市板橋區深丘里漢生東路280號 ",
        "type": "避難所",
        "flood": "是",
        "earthquake": "是",
        "debris_flow": "是",
        "tsunami": "是",
        "relief_station": "是",
        "accessible": "是",
        "indoor": "160.0",
        "outdoor": "97.0",
        "service_village": "深丘里、海山里、東安里、長安里、香丘里、福丘里、後埔里、國泰里、福祿里、民族里",
        "capacity": "257.0",
        "area": "642"
      },
      "geometry": {
        "type": "Point",
        "coordinates": [
          121.470862013041,
          25.009545006328
        ]
      }
    },
    {
      "type": "Feature",
      "properties": {
        "city": "newtaipei",
        "id": "SF220-0037",
        "name": "國光市民活動中心",
        "address": "新北市板橋區建國里國光路76號1樓",
        "type": "避難所",
        "flood": "是",
        "earthquake": "是",
        "debris_flow": "是",
        "tsunami": "是",
        "relief_station": "是",
        "accessible": "否",
        "indoor": "94.0",
        "outdoor": "0.0",
        "service_village": "建國里、國光里、公館里、漢生里、民權里、社後里、港德里",
        "capacity": "94.0",
        "area": "378"
      },
      "geometry": {
        "type": "Point",
        "coordinates": [
          121.458363002845,
          25.017716984738
        ]
      }
    },
    {
      "type": "Feature",
      "properties": {
        "city": "newtaipei",
        "id": "SF220-0038",
        "name": "四維公園市民活動中心",
        "address": "新北市板橋區陽明里陽明街166號1樓",
        "type": "避難所",
        "flood": "是",
        "earthquake": "是",
        "debris_flow": "是",
        "tsunami": "是",
        "relief_station": "是",
        "accessible": "否",
        "indoor": "73.0",
        "outdoor": "0.0",
        "service_village": "新翠里、明翠里、陽明里、忠誠里、文德里、幸福里、德翠里、新海里、朝陽里",
        "capacity": "73.0",
        "area": "295"
      },
      "geometry": {
        "type": "Point",
        "coordinates": [
          121.463382840838,
          25.024347405426
        ]
      }
    },
    {
      "type": "Feature",
      "properties": {
        "city": "newtaipei",
        "id": "SF220-0039",
        "name": "音樂公園市民活動中心",
        "address": "新北市板橋區福翠里懷德街235巷2號2樓",
        "type": "避難所",
        "flood": "是",
        "earthquake": "是",
        "debris_flow": "是",
        "tsunami": "是",
        "relief_station": "是",
        "accessible": "否",
        "indoor": "100.0",
        "outdoor": "0.0",
        "service_village": "福翠里、港嘴里、龍翠里、文聖里、懷翠里",
        "capacity": "100.0",
        "area": "401"
      },
      "geometry": {
        "type": "Point",
        "coordinates": [
          121.481123977099,
          25.028515013414
        ]
      }
    },
    {
      "type": "Feature",
      "properties": {
        "city": "newtaipei",
        "id": "SF220-0040",
        "name": "南雅公園市民活動中心",
        "address": "新北市板橋區華興里南雅南路2段1-1號1樓",
        "type": "避難所",
        "flood": "是",
        "earthquake": "是",
        "debris_flow": "是",
        "tsunami": "是",
        "relief_station": "是",
        "accessible": "否",
        "indoor": "84.0",
        "outdoor": "0.0",
        "service_village": "華興里、華福里、新興里、湳興里、華貴里、華東里、鄉雲里",
        "capacity": "84.0",
        "area": "338"
      },
      "geometry": {
        "type": "Point",
        "coordinates": [
          121.454672031782,
          25.003405010795
        ]
      }
    },
    {
      "type": "Feature",
      "properties": {
        "city": "newtaipei",
        "id": "SF220-0041",
        "name": "五權公園市民活動中心",
        "address": "新北市板橋區五權里廣權路130號1樓",
        "type": "避難所",
        "flood": "是",
        "earthquake": "是",
        "debris_flow": "是",
        "tsunami": "是",
        "relief_station": "是",
        "accessible": "否",
        "indoor": "144.0",
        "outdoor": "0.0",
        "service_village": "五權里、廣福里、和平里、重慶里、信義里",
        "capacity": "144.0",
        "area": "579"
      },
      "geometry": {
        "type": "Point",
        "coordinates": [
          121.465645032686,
          24.99299301067
        ]
      }
    },
    {
      "type": "Feature",
      "properties": {
        "city": "newtaipei",
        "id": "SF220-0042",
        "name": "溪洲公園市民活動中心",
        "address": "新北市板橋區溪洲里溪崑二街113號1樓",
        "type": "避難所",
        "flood": "是",
        "earthquake": "是",
        "debris_flow": "是",
        "tsunami": "是",
        "relief_station": "是",
        "accessible": "否",
        "indoor": "93.0",
        "outdoor": "0.0",
        "service_village": "溪洲里、溪福里、堂春里、溪北里",
        "capacity": "93.0",
        "area": "375"
      },
      "geometry": {
        "type": "Point",
        "coordinates": [
          121.426612018341,
          24.988571011922
        ]
      }
    },
    {
      "type": "Feature",
      "properties": {
        "city": "newtaipei",
        "id": "SF220-0043",
        "name": "新興市民活動中心",
        "address": "新北市板橋區新興里中興路63號2樓",
        "type": "避難所",
        "flood": "是",
        "earthquake": "是",
        "debris_flow": "是",
        "tsunami": "是",
        "relief_station": "是",
        "accessible": "否",
        "indoor": "122.0",
        "outdoor": "0.0",
        "service_village": "新興里、華興里、挹秀里、黃石里、自強里、湳興里、浮洲里、中山里、華東里、華貴里、福丘里、自強里、社後里、留侯里、赤松里、流芳里、光華里、光榮里、華東里、鄉雲里、華福里",
        "capacity": "122.0",
        "area": "488"
      },
      "geometry": {
        "type": "Point",
        "coordinates": [
          121.455430007286,
          25.007355988495
        ]
      }
    },
    {
      "type": "Feature",
      "properties": {
        "city": "newtaipei",
        "id": "SF220-0044",
        "name": "和平公園市民活動中心",
        "address": "新北市板橋區重慶路355號2樓",
        "type": "避難所",
        "flood": "是",
        "earthquake": "是",
        "debris_flow": "是",
        "tsunami": "是",
        "relief_station": "否",
        "accessible": "是",
        "indoor": "143.0",
        "outdoor": "0.0",
        "service_village": "廣德里、和平里、重慶里、廣福里、五權里、大豐里、仁愛里、福德里、福星里、國泰里、後埔里、景星里、信義里",
        "capacity": "143.0",
        "area": "575"
      },
      "geometry": {
        "type": "Point",
        "coordinates": [
          121.464812039148,
          24.997806989121
        ]
      }
    },
    {
      "type": "Feature",
      "properties": {
        "city": "newtaipei",
        "id": "SF241-0002",
        "name": "厚德國小體操館地下室大禮堂",
        "address": "新北市三重區立德里自強路2段93號B1",
        "type": "避難所",
        "flood": "否",
        "earthquake": "是",
        "debris_flow": "是",
        "tsunami": "是",
        "relief_station": "是",
        "accessible": "否",
        "indoor": "100.0",
        "outdoor": "0.0",
        "service_village": "立德里、六合里、厚德里、永德里、維德里",
        "capacity": "100.0",
        "area": "400"
      },
      "geometry": {
        "type": "Point",
        "coordinates": [
          121.488158670327,
          25.070470435541
        ]
      }
    },
    {
      "type": "Feature",
      "properties": {
        "city": "newtaipei",
        "id": "SF241-0003",
        "name": "永盛市民活動中心",
        "address": "新北市三重區永盛里車路頭街133號",
        "type": "避難所",
        "flood": "是",
        "earthquake": "是",
        "debris_flow": "是",
        "tsunami": "是",
        "relief_station": "是",
        "accessible": "是",
        "indoor": "100.0",
        "outdoor": "0.0",
        "service_village": "永盛里、永福里、永清里、永安里、溪美里、福隆里、慈福里、慈生里、慈惠里、慈愛里、福樂里、仁華里、永順里、永豐里、永吉里",
        "capacity": "100.0",
        "area": "400"
      },
      "geometry": {
        "type": "Point",
        "coordinates": [
          121.484043363357,
          25.0760438748
        ]
      }
    },
    {
      "type": "Feature",
      "properties": {
        "city": "newtaipei",
        "id": "SF241-0004",
        "name": "六張市民活動中心",
        "address": "新北市三重區福安里六張街66號",
        "type": "避難所",
        "flood": "是",
        "earthquake": "是",
        "debris_flow": "是",
        "tsunami": "是",
        "relief_station": "是",
        "accessible": "是",
        "indoor": "100.0",
        "outdoor": "0.0",
        "service_village": "福安里、正安里、自強里、雙園里、三安里、信安里、安慶里、尚德里",
        "capacity": "100.0",
        "area": "400"
      },
      "geometry": {
        "type": "Point",
        "coordinates": [
          121.49380697007,
          25.070154003366
        ]
      }
    },
    {
      "type": "Feature",
      "properties": {
        "city": "newtaipei",
        "id": "SF241-0005",
        "name": "和平市民活動中心",
        "address": "新北市三重區立德里自強路2段90號",
        "type": "避難所",
        "flood": "是",
        "earthquake": "是",
        "debris_flow": "是",
        "tsunami": "是",
        "relief_station": "否",
        "accessible": "是",
        "indoor": "100.0",
        "outdoor": "0.0",
        "service_village": "立德里、六合里、厚德里、培德里、永德里、永煇里　　",
        "capacity": "100.0",
        "area": "400"
      },
      "geometry": {
        "type": "Point",
        "coordinates": [
          121.487755437274,
          25.070617937275
        ]
      }
    },
    {
      "type": "Feature",
      "properties": {
        "city": "newtaipei",
        "id": "SF241-0006",
        "name": "菜寮市民活動中心",
        "address": "新北市三重區菜寮里中寮街57巷18號",
        "type": "避難所",
        "flood": "是",
        "earthquake": "是",
        "debris_flow": "是",
        "tsunami": "是",
        "relief_station": "是",
        "accessible": "是",
        "indoor": "100.0",
        "outdoor": "0.0",
        "service_village": "菜寮里、過田里、永春里、中正里、吉利里、大同里、中民里、平和里、大安里、仁德里、忠孝里、仁義里、光輝里、福利里　",
        "capacity": "100.0",
        "area": "400"
      },
      "geometry": {
        "type": "Point",
        "coordinates": [
          121.492767027343,
          25.057942995363
        ]
      }
    },
    {
      "type": "Feature",
      "properties": {
        "city": "newtaipei",
        "id": "SF241-0007",
        "name": "正義市民活動中心",
        "address": "新北市三重區雙園里雙園街1號",
        "type": "避難所",
        "flood": "否",
        "earthquake": "是",
        "debris_flow": "是",
        "tsunami": "是",
        "relief_station": "否",
        "accessible": "是",
        "indoor": "100.0",
        "outdoor": "0.0",
        "service_village": "雙園里、永興里、重新里、正德里、正義里、正安里、自強里、文化里、中央里、錦通里、錦安里、長安里、光華里、長生里、開元里、大德里、長元里、長江里、三安里、福安里、信安里、安慶里",
        "capacity": "100.0",
        "area": "400"
      },
      "geometry": {
        "type": "Point",
        "coordinates": [
          121.497534989145,
          25.068238989947
        ]
      }
    },
    {
      "type": "Feature",
      "properties": {
        "city": "newtaipei",
        "id": "SF241-0008",
        "name": "過圳市民活動中心",
        "address": "新北市三重區過田里過圳街19號",
        "type": "避難所",
        "flood": "否",
        "earthquake": "是",
        "debris_flow": "是",
        "tsunami": "是",
        "relief_station": "是",
        "accessible": "是",
        "indoor": "50.0",
        "outdoor": "0.0",
        "service_village": "過田里、福祉里、錦田里、重明里、光田里、光陽里、光明里、重陽里",
        "capacity": "50.0",
        "area": "200"
      },
      "geometry": {
        "type": "Point",
        "coordinates": [
          121.488105012797,
          25.060155985439
        ]
      }
    },
    {
      "type": "Feature",
      "properties": {
        "city": "newtaipei",
        "id": "SF241-0009",
        "name": "碧華國小",
        "address": "新北市三重區富福里五華街160號",
        "type": "避難所",
        "flood": "是",
        "earthquake": "是",
        "debris_flow": "是",
        "tsunami": "是",
        "relief_station": "是",
        "accessible": "是",
        "indoor": "625.0",
        "outdoor": "1250.0",
        "service_village": "富福里、五常里、仁忠里、慈惠里、慈化里、慈祐里、富貴里、碧華里、仁華里、五順里　",
        "capacity": "1875.0",
        "area": "2500"
      },
      "geometry": {
        "type": "Point",
        "coordinates": [
          121.490768697807,
          25.084404915145
        ]
      }
    },
    {
      "type": "Feature",
      "properties": {
        "city": "newtaipei",
        "id": "SF241-0010",
        "name": "重陽國小",
        "address": "新北市三重區六福里中正北路113號",
        "type": "避難所",
        "flood": "是",
        "earthquake": "是",
        "debris_flow": "是",
        "tsunami": "是",
        "relief_station": "是",
        "accessible": "是",
        "indoor": "208.0",
        "outdoor": "400.0",
        "service_village": "六福里、田中里、三民里、幸福里、培德里　",
        "capacity": "608.0",
        "area": "832"
      },
      "geometry": {
        "type": "Point",
        "coordinates": [
          121.484505991211,
          25.066302015943
        ]
      }
    },
    {
      "type": "Feature",
      "properties": {
        "city": "newtaipei",
        "id": "SF241-0011",
        "name": "興穀國小",
        "address": "新北市三重區五谷里神農街101號",
        "type": "避難所",
        "flood": "是",
        "earthquake": "是",
        "debris_flow": "是",
        "tsunami": "是",
        "relief_station": "否",
        "accessible": "是",
        "indoor": "118.5",
        "outdoor": "86.0",
        "service_village": "五谷里、頂崁里、谷王里、中興里、德厚里",
        "capacity": "204.5",
        "area": "474"
      },
      "geometry": {
        "type": "Point",
        "coordinates": [
          121.474219263437,
          25.056305172061
        ]
      }
    },
    {
      "type": "Feature",
      "properties": {
        "city": "newtaipei",
        "id": "SF241-0012",
        "name": "光興國小",
        "address": "新北市三重區光輝里正義南路62號",
        "type": "避難所",
        "flood": "是",
        "earthquake": "是",
        "debris_flow": "是",
        "tsunami": "是",
        "relief_station": "是",
        "accessible": "否",
        "indoor": "477.25",
        "outdoor": "1056.25",
        "service_village": "光輝里、同慶里、中民里、平和里、大安里、仁德里、光榮里、福星里、福利里、清和里、永興里、文化里、錦通里、光華里、大德里、忠孝里、仁義里",
        "capacity": "1533.5",
        "area": "1909"
      },
      "geometry": {
        "type": "Point",
        "coordinates": [
          121.498907609609,
          25.058881391333
        ]
      }
    },
    {
      "type": "Feature",
      "properties": {
        "city": "newtaipei",
        "id": "SF241-0013",
        "name": "三重國小",
        "address": "新北市三重區奕壽里三和路三段1號",
        "type": "避難所",
        "flood": "是",
        "earthquake": "是",
        "debris_flow": "是",
        "tsunami": "是",
        "relief_station": "是",
        "accessible": "是",
        "indoor": "1195.75",
        "outdoor": "812.5",
        "service_village": "奕壽里、錦安里、長安里、長生里、開元里、長元里、長江里、長泰里、長福里、介壽里、萬壽里、錦江里、龍濱里、龍門里、秀江里、三安里、福安里、順德里、承德里、瑞德里、崇德里、尚德里、中央里",
        "capacity": "2008.25",
        "area": "4783"
      },
      "geometry": {
        "type": "Point",
        "coordinates": [
          121.494515958195,
          25.071887949315
        ]
      }
    },
    {
      "type": "Feature",
      "properties": {
        "city": "newtaipei",
        "id": "SF241-0014",
        "name": "五華國小",
        "address": "新北市三重區富貴里集賢路89號",
        "type": "避難所",
        "flood": "是",
        "earthquake": "是",
        "debris_flow": "是",
        "tsunami": "是",
        "relief_station": "是",
        "accessible": "是",
        "indoor": "160.75",
        "outdoor": "1374.5",
        "service_village": "富貴里、五福里、五華里、富華里、富福里、碧華里",
        "capacity": "1535.25",
        "area": "643"
      },
      "geometry": {
        "type": "Point",
        "coordinates": [
          121.493453002299,
          25.086717985145
        ]
      }
    },
    {
      "type": "Feature",
      "properties": {
        "city": "newtaipei",
        "id": "SF241-0015",
        "name": "三光國小",
        "address": "新北市三重區同安里大同南路157號",
        "type": "避難所",
        "flood": "是",
        "earthquake": "是",
        "debris_flow": "是",
        "tsunami": "是",
        "relief_station": "否",
        "accessible": "是",
        "indoor": "117.5",
        "outdoor": "1385.0",
        "service_village": "同安里、成功里、福民里、光正里、同慶里、永春里、中正里、吉利里、大同里、中民里、平和里、大安里、仁德里、忠孝里、仁義里、光榮里、光輝里、福星里、福利里、清和里、福德里",
        "capacity": "1502.5",
        "area": "470"
      },
      "geometry": {
        "type": "Point",
        "coordinates": [
          121.496745832961,
          25.056153794311
        ]
      }
    },
    {
      "type": "Feature",
      "properties": {
        "city": "newtaipei",
        "id": "SF241-0016",
        "name": "修德國小",
        "address": "新北市三重區重陽里重陽路三段3號",
        "type": "避難所",
        "flood": "是",
        "earthquake": "是",
        "debris_flow": "是",
        "tsunami": "是",
        "relief_station": "是",
        "accessible": "是",
        "indoor": "762.5",
        "outdoor": "437.5",
        "service_village": "重陽里、錦田里、三民里、中山里、大園里、國隆里、民生里、正德里、正義里、幸福里　　　",
        "capacity": "1200.0",
        "area": "3050"
      },
      "geometry": {
        "type": "Point",
        "coordinates": [
          121.488903389074,
          25.066232697603
        ]
      }
    },
    {
      "type": "Feature",
      "properties": {
        "city": "newtaipei",
        "id": "SF241-0017",
        "name": "光榮國小",
        "address": "新北市三重區介壽路32號",
        "type": "避難所",
        "flood": "是",
        "earthquake": "是",
        "debris_flow": "是",
        "tsunami": "是",
        "relief_station": "否",
        "accessible": "是",
        "indoor": "50.0",
        "outdoor": "336.875",
        "service_village": "奕壽里、長泰里、長福里、萬壽里、錦江里、龍濱里、介壽里、龍門里、秀江里、順德里、承德里、瑞德里、崇德里",
        "capacity": "386.875",
        "area": "200"
      },
      "geometry": {
        "type": "Point",
        "coordinates": [
          121.498572607606,
          25.069958083869
        ]
      }
    },
    {
      "type": "Feature",
      "properties": {
        "city": "newtaipei",
        "id": "SF241-0018",
        "name": "厚德國小",
        "address": "新北市三重區立德里忠孝路一段70號",
        "type": "避難所",
        "flood": "否",
        "earthquake": "是",
        "debris_flow": "是",
        "tsunami": "是",
        "relief_station": "否",
        "accessible": "是",
        "indoor": "225.0",
        "outdoor": "625.0",
        "service_village": "立德里、信安里、六合里、厚德里、維德里、尚德里",
        "capacity": "850.0",
        "area": "900"
      },
      "geometry": {
        "type": "Point",
        "coordinates": [
          121.488730386593,
          25.071822211645
        ]
      }
    },
    {
      "type": "Feature",
      "properties": {
        "city": "newtaipei",
        "id": "SF241-0019",
        "name": "集美國小",
        "address": "新北市三重區光明里集美街10號",
        "type": "避難所",
        "flood": "否",
        "earthquake": "是",
        "debris_flow": "是",
        "tsunami": "是",
        "relief_station": "是",
        "accessible": "是",
        "indoor": "52.5",
        "outdoor": "212.5",
        "service_village": "光明里、成功里、福祉里、福民里、過田里、重明里、光田里、光陽里、光正里、同安里、菜寮里、福德里　",
        "capacity": "265.0",
        "area": "210"
      },
      "geometry": {
        "type": "Point",
        "coordinates": [
          121.487923460774,
          25.056467109852
        ]
      }
    },
    {
      "type": "Feature",
      "properties": {
        "city": "newtaipei",
        "id": "SF241-0020",
        "name": "二重國小",
        "address": "新北市三重區二重里大有街10號",
        "type": "避難所",
        "flood": "是",
        "earthquake": "是",
        "debris_flow": "是",
        "tsunami": "是",
        "relief_station": "是",
        "accessible": "是",
        "indoor": "997.5",
        "outdoor": "384.0",
        "service_village": "二重里、大有里、田心里、福田里、田安里、博愛里、永發里",
        "capacity": "1381.5",
        "area": "3990"
      },
      "geometry": {
        "type": "Point",
        "coordinates": [
          121.476122552749,
          25.065785026429
        ]
      }
    },
    {
      "type": "Feature",
      "properties": {
        "city": "newtaipei",
        "id": "SF241-0021",
        "name": "正義國小",
        "address": "新北市三重區正義里信義西街31號",
        "type": "避難所",
        "flood": "是",
        "earthquake": "是",
        "debris_flow": "是",
        "tsunami": "是",
        "relief_station": "是",
        "accessible": "是",
        "indoor": "262.5",
        "outdoor": "475.0",
        "service_village": "正義里、光榮里、福星里、清和里、永興里、中山里、大園里、國隆里、民生里、重新里、正德里、正安里、自強里、文化里、中央里、雙園里、錦通里、錦安里、長安里、光華里、長生里、開元里、長元里、長江里、大德里、安慶里　",
        "capacity": "737.5",
        "area": "1050"
      },
      "geometry": {
        "type": "Point",
        "coordinates": [
          121.496147029799,
          25.064478993912
        ]
      }
    },
    {
      "type": "Feature",
      "properties": {
        "city": "newtaipei",
        "id": "SF241-0022",
        "name": "永福國小",
        "address": "新北市三重區永福里永福街66號",
        "type": "避難所",
        "flood": "否",
        "earthquake": "是",
        "debris_flow": "是",
        "tsunami": "是",
        "relief_station": "是",
        "accessible": "是",
        "indoor": "156.5",
        "outdoor": "550.25",
        "service_village": "永福里、永清里、永安里、慈福里、慈生里、慈愛里、永吉里、永順里、永豐里、福樂里、仁華里",
        "capacity": "706.75",
        "area": "626"
      },
      "geometry": {
        "type": "Point",
        "coordinates": [
          121.480637910534,
          25.077007298859
        ]
      }
    },
    {
      "type": "Feature",
      "properties": {
        "city": "newtaipei",
        "id": "SF241-0023",
        "name": "三和國中",
        "address": "新北市三重區永盛里三和路四段216號",
        "type": "避難所",
        "flood": "是",
        "earthquake": "是",
        "debris_flow": "是",
        "tsunami": "是",
        "relief_station": "是",
        "accessible": "是",
        "indoor": "305.75",
        "outdoor": "848.5",
        "service_village": "永盛里、永福里、永清里、永安里、溪美里、福隆里、五常里、慈福里、慈生里、慈惠里、慈愛里、永吉里、永順里、永豐里、福樂里、五順里",
        "capacity": "1154.25",
        "area": "1223"
      },
      "geometry": {
        "type": "Point",
        "coordinates": [
          121.486502225272,
          25.076579109336
        ]
      }
    },
    {
      "type": "Feature",
      "properties": {
        "city": "newtaipei",
        "id": "SF241-0024",
        "name": "二重國中",
        "address": "新北市三重區福田里忠孝路三段89號",
        "type": "避難所",
        "flood": "是",
        "earthquake": "是",
        "debris_flow": "是",
        "tsunami": "是",
        "relief_station": "否",
        "accessible": "否",
        "indoor": "110.25",
        "outdoor": "184.25",
        "service_village": "福田里、大有里、二重里、田心里、田中里、田安里、六福里、博愛里、永發里　",
        "capacity": "294.5",
        "area": "441"
      },
      "geometry": {
        "type": "Point",
        "coordinates": [
          121.480449988265,
          25.065619016562
        ]
      }
    },
    {
      "type": "Feature",
      "properties": {
        "city": "newtaipei",
        "id": "SF241-0025",
        "name": "光榮國中",
        "address": "新北市三重區奕壽里介壽路26號",
        "type": "避難所",
        "flood": "是",
        "earthquake": "是",
        "debris_flow": "是",
        "tsunami": "是",
        "relief_station": "是",
        "accessible": "否",
        "indoor": "699.75",
        "outdoor": "102.125",
        "service_village": "奕壽里、長泰里、長福里、介壽里、萬壽里、錦江里、龍濱里、龍門里、秀江里、順德里、承德里、瑞德里、崇德里",
        "capacity": "801.875",
        "area": "2799"
      },
      "geometry": {
        "type": "Point",
        "coordinates": [
          121.498572607606,
          25.069958083869
        ]
      }
    },
    {
      "type": "Feature",
      "properties": {
        "city": "newtaipei",
        "id": "SF241-0026",
        "name": "明志國中",
        "address": "新北市三重區重陽里中正北路107號",
        "type": "避難所",
        "flood": "是",
        "earthquake": "是",
        "debris_flow": "是",
        "tsunami": "是",
        "relief_station": "是",
        "accessible": "否",
        "indoor": "87.5",
        "outdoor": "62.5",
        "service_village": "重陽里、錦田里、三民里、中山里、大園里、國隆里、民生里、重新里、幸福里　",
        "capacity": "150.0",
        "area": "350"
      },
      "geometry": {
        "type": "Point",
        "coordinates": [
          121.488987375744,
          25.063432094205
        ]
      }
    },
    {
      "type": "Feature",
      "properties": {
        "city": "newtaipei",
        "id": "SF241-0027",
        "name": "格致中學",
        "address": "新北市三重區永德里大智街260號",
        "type": "避難所",
        "flood": "否",
        "earthquake": "是",
        "debris_flow": "是",
        "tsunami": "是",
        "relief_station": "否",
        "accessible": "是",
        "indoor": "129.25",
        "outdoor": "593.0",
        "service_village": "永德里、維德里、永盛里、永煇里",
        "capacity": "722.25",
        "area": "517"
      },
      "geometry": {
        "type": "Point",
        "coordinates": [
          121.488727033832,
          25.073839190916
        ]
      }
    },
    {
      "type": "Feature",
      "properties": {
        "city": "newtaipei",
        "id": "SF241-0028",
        "name": "三重商工",
        "address": "新北市三重區培德里中正北路163號",
        "type": "避難所",
        "flood": "否",
        "earthquake": "是",
        "debris_flow": "是",
        "tsunami": "是",
        "relief_station": "否",
        "accessible": "是",
        "indoor": "2074.0",
        "outdoor": "1048.625",
        "service_village": "培德里、福田里、田中里、六福里、永發里",
        "capacity": "3122.625",
        "area": "8296"
      },
      "geometry": {
        "type": "Point",
        "coordinates": [
          121.481724037547,
          25.06827599605
        ]
      }
    },
    {
      "type": "Feature",
      "properties": {
        "city": "newtaipei",
        "id": "SF241-0029",
        "name": "穀保家商",
        "address": "新北市三重區大有里中正北路560巷38號",
        "type": "避難所",
        "flood": "是",
        "earthquake": "是",
        "debris_flow": "是",
        "tsunami": "是",
        "relief_station": "是",
        "accessible": "是",
        "indoor": "694.0",
        "outdoor": "872.75",
        "service_village": "大有里",
        "capacity": "1566.75",
        "area": "2776"
      },
      "geometry": {
        "type": "Point",
        "coordinates": [
          121.471144986093,
          25.069688011459
        ]
      }
    },
    {
      "type": "Feature",
      "properties": {
        "city": "newtaipei",
        "id": "SF241-0030",
        "name": "新北高中",
        "address": "新北市三重區富貴里三信路1號",
        "type": "避難所",
        "flood": "是",
        "earthquake": "是",
        "debris_flow": "是",
        "tsunami": "是",
        "relief_station": "否",
        "accessible": "是",
        "indoor": "212.5",
        "outdoor": "62.5",
        "service_village": "富貴里、五福里、仁忠里、慈化里、慈祐里、五華里、富華里、富福里、碧華里、五順里、五常里　",
        "capacity": "275.0",
        "area": "850"
      },
      "geometry": {
        "type": "Point",
        "coordinates": [
          121.489286609687,
          25.087172619573
        ]
      }
    },
    {
      "type": "Feature",
      "properties": {
        "city": "newtaipei",
        "id": "SF241-0031",
        "name": "金陵女中",
        "address": "新北市三重區中興里重新路五段656號",
        "type": "避難所",
        "flood": "是",
        "earthquake": "是",
        "debris_flow": "是",
        "tsunami": "是",
        "relief_station": "否",
        "accessible": "是",
        "indoor": "313.25",
        "outdoor": "808.75",
        "service_village": "中興里、頂崁里、谷王里、德厚里、五谷里",
        "capacity": "1122.0",
        "area": "1253"
      },
      "geometry": {
        "type": "Point",
        "coordinates": [
          121.466400325981,
          25.042507594937
        ]
      }
    },
    {
      "type": "Feature",
      "properties": {
        "city": "newtaipei",
        "id": "SF241-0032",
        "name": "東海高中",
        "address": "新北市三重區二重里忠孝路三段93巷12號",
        "type": "避難所",
        "flood": "是",
        "earthquake": "是",
        "debris_flow": "是",
        "tsunami": "是",
        "relief_station": "否",
        "accessible": "是",
        "indoor": "280.5",
        "outdoor": "128.25",
        "service_village": "二重里、光陽里、田心里、田安里、博愛里",
        "capacity": "408.75",
        "area": "1122"
      },
      "geometry": {
        "type": "Point",
        "coordinates": [
          121.4789580095,
          25.064781580616
        ]
      }
    },
    {
      "type": "Feature",
      "properties": {
        "city": "newtaipei",
        "id": "SF241-0033",
        "name": "三重高中",
        "address": "新北市三重區光明里集美街212號",
        "type": "避難所",
        "flood": "否",
        "earthquake": "是",
        "debris_flow": "是",
        "tsunami": "是",
        "relief_station": "是",
        "accessible": "是",
        "indoor": "450.0",
        "outdoor": "101.5",
        "service_village": "光明里、成功里、福祉里、福民里、重明里、光田里、光正里、同安里、同慶里、菜寮里、永春里、中正里、吉利里、永煇里、福德里　",
        "capacity": "551.5",
        "area": "1800"
      },
      "geometry": {
        "type": "Point",
        "coordinates": [
          121.491472610036,
          25.054693080045
        ]
      }
    },
    {
      "type": "Feature",
      "properties": {
        "city": "newtaipei",
        "id": "SF241-0034",
        "name": "綜合運動場(防災公園)",
        "address": "新北市三重區錦田里中正北路特2號",
        "type": "避難所",
        "flood": "否",
        "earthquake": "是",
        "debris_flow": "是",
        "tsunami": "是",
        "relief_station": "否",
        "accessible": "是",
        "indoor": "0.0",
        "outdoor": "2040.0",
        "service_village": "錦田里、大有里、博愛里、福田里、田中里、三民里、過田里、二重里、田心里、田安里、光田里、光陽里、重明里、福祉里、福德里、福民里、成功里、頂崁里、谷王里、德厚里、五谷里、中興里",
        "capacity": "2040.0",
        "area": "0"
      },
      "geometry": {
        "type": "Point",
        "coordinates": [
          121.490185987898,
          25.062646206963
        ]
      }
    },
    {
      "type": "Feature",
      "properties": {
        "city": "newtaipei",
        "id": "SF241-0035",
        "name": "碧華國中",
        "address": "新北市三重區富貴里三信路166號",
        "type": "避難所",
        "flood": "是",
        "earthquake": "是",
        "debris_flow": "是",
        "tsunami": "是",
        "relief_station": "是",
        "accessible": "是",
        "indoor": "294.0",
        "outdoor": "629.625",
        "service_village": "富貴里、富華里、富福里、碧華里、五華里、慈祐里、慈化里、五福里、仁忠里、五順里、五常里",
        "capacity": "923.625",
        "area": "1176"
      },
      "geometry": {
        "type": "Point",
        "coordinates": [
          121.488511170202,
          25.086579198646
        ]
      }
    },
    {
      "type": "Feature",
      "properties": {
        "city": "newtaipei",
        "id": "SF241-0036",
        "name": "清傳高商",
        "address": "新北市三重區谷王里五谷王北街141巷1號",
        "type": "避難所",
        "flood": "是",
        "earthquake": "是",
        "debris_flow": "是",
        "tsunami": "是",
        "relief_station": "否",
        "accessible": "否",
        "indoor": "91.5",
        "outdoor": "1183.375",
        "service_village": "谷王里、頂崁里、中興里、德厚里、五谷里",
        "capacity": "1274.875",
        "area": "366"
      },
      "geometry": {
        "type": "Point",
        "coordinates": [
          121.476868317219,
          25.05203580719
        ]
      }
    },
    {
      "type": "Feature",
      "properties": {
        "city": "newtaipei",
        "id": "SF235-0001",
        "name": "中和區公所",
        "address": "新北市中和區漳和里景平路634之2號",
        "type": "避難所",
        "flood": "是",
        "earthquake": "是",
        "debris_flow": "是",
        "tsunami": "是",
        "relief_station": "否",
        "accessible": "是",
        "indoor": "65.5",
        "outdoor": "0.0",
        "service_village": "新南里、南山里、瓦里、錦昌里、錦和里、德行里、\r\n中山里、碧河里、正行里、連河里、連城里、枋寮里、漳和里",
        "capacity": "65.5",
        "area": "262"
      },
      "geometry": {
        "type": "Point",
        "coordinates": [
          121.50022423896,
          24.998103205579
        ]
      }
    },
    {
      "type": "Feature",
      "properties": {
        "city": "newtaipei",
        "id": "SF235-0002",
        "name": "中和國小",
        "address": "新北市中和區漳和里中和路100號",
        "type": "避難所",
        "flood": "是",
        "earthquake": "是",
        "debris_flow": "是",
        "tsunami": "是",
        "relief_station": "是",
        "accessible": "是",
        "indoor": "282.0",
        "outdoor": "1387.5",
        "service_village": "中原里、連和里、連城里、力行里、枋寮里、漳和里、廟美里、福真里、福善里、福美里、福祥里、瓦里、福和里、佳和里、安樂里、新南里、南山里、德行里、中山里、碧河里、正行里",
        "capacity": "1669.5",
        "area": "1128"
      },
      "geometry": {
        "type": "Point",
        "coordinates": [
          121.501541035949,
          24.999900998082
        ]
      }
    },
    {
      "type": "Feature",
      "properties": {
        "city": "newtaipei",
        "id": "SF235-0003",
        "name": "南山高中",
        "address": "新北市中和區枋寮里廣福路41號",
        "type": "避難所",
        "flood": "是",
        "earthquake": "是",
        "debris_flow": "是",
        "tsunami": "是",
        "relief_station": "否",
        "accessible": "是",
        "indoor": "1392.5",
        "outdoor": "500.0",
        "service_village": "連和里、連城里、力行里、枋寮里、漳和里、廟美里、福真里、福善里、福美里、福祥里、瓦里、福和里、佳和里、安樂里、安平里、中安里、泰安里、宜安里、安順里",
        "capacity": "1892.5",
        "area": "5570"
      },
      "geometry": {
        "type": "Point",
        "coordinates": [
          121.50344800274,
          25.001628717874
        ]
      }
    },
    {
      "type": "Feature",
      "properties": {
        "city": "newtaipei",
        "id": "SF235-0004",
        "name": "漳和國中",
        "address": "新北市中和區枋寮里廣福路39號",
        "type": "避難所",
        "flood": "是",
        "earthquake": "是",
        "debris_flow": "是",
        "tsunami": "是",
        "relief_station": "否",
        "accessible": "是",
        "indoor": "147.0",
        "outdoor": "562.5",
        "service_village": "福和里、安樂里、安和里、安平里、中安里、泰安里、秀山里、秀成里、秀福里、秀景里、秀明里、秀峰里、秀仁里、秀水里、宜安里、安順里、秀義里、秀士里",
        "capacity": "709.5",
        "area": "588"
      },
      "geometry": {
        "type": "Point",
        "coordinates": [
          121.505530821861,
          25.002672683915
        ]
      }
    },
    {
      "type": "Feature",
      "properties": {
        "city": "newtaipei",
        "id": "SF235-0005",
        "name": "秀山國小",
        "address": "新北市中和區秀山里立人街2號",
        "type": "避難所",
        "flood": "是",
        "earthquake": "是",
        "debris_flow": "是",
        "tsunami": "是",
        "relief_station": "否",
        "accessible": "是",
        "indoor": "2311.25",
        "outdoor": "1887.5",
        "service_village": "安和里、秀山里、秀成里、秀福里、秀景里、秀明里、秀峰里、秀仁里、秀水里、秀義里、秀士里",
        "capacity": "4198.75",
        "area": "9245"
      },
      "geometry": {
        "type": "Point",
        "coordinates": [
          121.521164412387,
          24.994223096871
        ]
      }
    },
    {
      "type": "Feature",
      "properties": {
        "city": "newtaipei",
        "id": "SF235-0006",
        "name": "景新國小",
        "address": "新北市中和區景南里景新街467巷37號",
        "type": "避難所",
        "flood": "是",
        "earthquake": "是",
        "debris_flow": "是",
        "tsunami": "是",
        "relief_station": "否",
        "accessible": "是",
        "indoor": "334.0",
        "outdoor": "533.5",
        "service_village": "安和里、安平里、中安里、泰安里、秀山里、秀成里、秀福里、秀景里、秀明里、秀峰里、秀仁里、秀義里、東南里、崇南里、景南里、景平里、景新里、秀水里、宜安里、安順里、秀士里、興南里、景本里",
        "capacity": "867.5",
        "area": "1336"
      },
      "geometry": {
        "type": "Point",
        "coordinates": [
          121.514994074365,
          24.989300488955
        ]
      }
    },
    {
      "type": "Feature",
      "properties": {
        "city": "newtaipei",
        "id": "SF235-0007",
        "name": "中和國中",
        "address": "新北市中和區忠孝里興南路2段3巷17號",
        "type": "避難所",
        "flood": "是",
        "earthquake": "是",
        "debris_flow": "是",
        "tsunami": "是",
        "relief_station": "否",
        "accessible": "是",
        "indoor": "275.0",
        "outdoor": "625.0",
        "service_village": "頂南里、華新里、東南里、華南里、忠孝里、崇南里、景南里、橫路里、內南里、壽南里、外南里、復興里、和興里、景平里、景新里、景福里、興南里、景本里、福南里、正南里",
        "capacity": "900.0",
        "area": "1100"
      },
      "geometry": {
        "type": "Point",
        "coordinates": [
          121.50854000892,
          24.9861680041
        ]
      }
    },
    {
      "type": "Feature",
      "properties": {
        "city": "newtaipei",
        "id": "SF235-0008",
        "name": "復興國小",
        "address": "新北市中和區中興里復興路301巷6號",
        "type": "避難所",
        "flood": "是",
        "earthquake": "否",
        "debris_flow": "是",
        "tsunami": "是",
        "relief_station": "否",
        "accessible": "是",
        "indoor": "556.5",
        "outdoor": "343.125",
        "service_village": "外南里、復興里、和興里、景安里、景文里、福南里、中興里、吉興里",
        "capacity": "899.625",
        "area": "2226"
      },
      "geometry": {
        "type": "Point",
        "coordinates": [
          121.501930040075,
          24.989638992115
        ]
      }
    },
    {
      "type": "Feature",
      "properties": {
        "city": "newtaipei",
        "id": "SF235-0009",
        "name": "華夏科技大學",
        "address": "新北市中和區華新里工專路111號",
        "type": "避難所",
        "flood": "是",
        "earthquake": "是",
        "debris_flow": "是",
        "tsunami": "是",
        "relief_station": "否",
        "accessible": "是",
        "indoor": "1697.75",
        "outdoor": "0.0",
        "service_village": "頂南里、華新里、華南里、忠孝里、橫路里、內南里、正南里",
        "capacity": "1697.75",
        "area": "6791"
      },
      "geometry": {
        "type": "Point",
        "coordinates": [
          121.507732999282,
          24.98058611759
        ]
      }
    },
    {
      "type": "Feature",
      "properties": {
        "city": "newtaipei",
        "id": "SF235-0010",
        "name": "錦和高中",
        "address": "新北市中和區錦中里錦和路163號",
        "type": "避難所",
        "flood": "是",
        "earthquake": "是",
        "debris_flow": "是",
        "tsunami": "是",
        "relief_station": "是",
        "accessible": "是",
        "indoor": "680.5",
        "outdoor": "1000.0",
        "service_village": "仁和里、中正里、建和里、力行里、錦和里、錦昌里、\r\n灰里、德行里、中山里、碧河里、錦中里、錦盛里、正行里",
        "capacity": "1680.5",
        "area": "2722"
      },
      "geometry": {
        "type": "Point",
        "coordinates": [
          121.491089305603,
          24.99254030408
        ]
      }
    },
    {
      "type": "Feature",
      "properties": {
        "city": "newtaipei",
        "id": "SF235-0011",
        "name": "積穗國中",
        "address": "新北市中和區嘉新里民安街66號",
        "type": "避難所",
        "flood": "是",
        "earthquake": "是",
        "debris_flow": "是",
        "tsunami": "是",
        "relief_station": "否",
        "accessible": "是",
        "indoor": "404.75",
        "outdoor": "100.0",
        "service_village": "平河里、信和里、積穗里、民享里、員山里、嘉穗里、文元里、嘉新里、民安里、安穗里、瑞穗里、明穗里、清穗里、自強里、德穗里、民生里、國光里、壽德里、民有里、員富里、嘉穗里、冠穗里、國華里",
        "capacity": "504.75",
        "area": "1619"
      },
      "geometry": {
        "type": "Point",
        "coordinates": [
          121.479785973895,
          25.000303999987
        ]
      }
    },
    {
      "type": "Feature",
      "properties": {
        "city": "newtaipei",
        "id": "SF235-0012",
        "name": "積穗國小",
        "address": "新北市中和區文元里員山路154號",
        "type": "避難所",
        "flood": "是",
        "earthquake": "是",
        "debris_flow": "是",
        "tsunami": "是",
        "relief_station": "否",
        "accessible": "是",
        "indoor": "222.5",
        "outdoor": "202.5",
        "service_village": "平河里、信和里、仁和里、中正里、建和里、灰里、積穗里、員山里、嘉穗里、文元里、嘉新里、安穗里、錦中里、錦盛里、員富里、嘉慶里",
        "capacity": "425.0",
        "area": "890"
      },
      "geometry": {
        "type": "Point",
        "coordinates": [
          121.481467970405,
          24.99903200427
        ]
      }
    },
    {
      "type": "Feature",
      "properties": {
        "city": "newtaipei",
        "id": "SF235-0013",
        "name": "自強國小",
        "address": "新北市中和區自強里莒光路200號",
        "type": "避難所",
        "flood": "是",
        "earthquake": "是",
        "debris_flow": "是",
        "tsunami": "是",
        "relief_station": "否",
        "accessible": "是",
        "indoor": "602.75",
        "outdoor": "4560.25",
        "service_village": "民享里、瑞穗里、明穗里、清穗里、自強里、德穗里、民生里、國光里、壽德里、明德里、民有里、員富里、冠穗里、國華里",
        "capacity": "5163.0",
        "area": "2411"
      },
      "geometry": {
        "type": "Point",
        "coordinates": [
          121.472022068441,
          24.998898983467
        ]
      }
    },
    {
      "type": "Feature",
      "properties": {
        "city": "newtaipei",
        "id": "SF235-0014",
        "name": "自強國中",
        "address": "新北市中和區明穗里莒光路191號",
        "type": "避難所",
        "flood": "是",
        "earthquake": "是",
        "debris_flow": "是",
        "tsunami": "是",
        "relief_station": "否",
        "accessible": "是",
        "indoor": "416.5",
        "outdoor": "279.0",
        "service_village": "積穗里、民享里、員山里、嘉新里、民安里、安穗里、瑞穗里、明穗里、清穗里、自強里、德穗里、民生里、國光里、壽德里、明德里、民有里、冠穗里、國華里",
        "capacity": "695.5",
        "area": "1666"
      },
      "geometry": {
        "type": "Point",
        "coordinates": [
          121.472635288477,
          24.998838214669
        ]
      }
    },
    {
      "type": "Feature",
      "properties": {
        "city": "newtaipei",
        "id": "SF235-0015",
        "name": "興南國小",
        "address": "新北市中和區忠孝里興南路1段135巷24號",
        "type": "避難所",
        "flood": "是",
        "earthquake": "是",
        "debris_flow": "是",
        "tsunami": "是",
        "relief_station": "否",
        "accessible": "是",
        "indoor": "592.75",
        "outdoor": "423.75",
        "service_village": "東南里、華南里、忠孝里、崇南里、景南里、壽南里、景平里、景新里、景福里、景安里、景文里、興南里、景本里、中興里、吉興里",
        "capacity": "1016.5",
        "area": "2371"
      },
      "geometry": {
        "type": "Point",
        "coordinates": [
          121.509127664151,
          24.986730094527
        ]
      }
    },
    {
      "type": "Feature",
      "properties": {
        "city": "newtaipei",
        "id": "SF235-0016",
        "name": "光復國小",
        "address": "新北市中和區中原里光環路2段1號",
        "type": "避難所",
        "flood": "是",
        "earthquake": "是",
        "debris_flow": "是",
        "tsunami": "是",
        "relief_station": "否",
        "accessible": "是",
        "indoor": "387.75",
        "outdoor": "193.875",
        "service_village": "中原里",
        "capacity": "581.625",
        "area": "1551"
      },
      "geometry": {
        "type": "Point",
        "coordinates": [
          121.482576393281,
          25.014698116581
        ]
      }
    },
    {
      "type": "Feature",
      "properties": {
        "city": "newtaipei",
        "id": "SF235-0017",
        "name": "錦和國小",
        "address": "新北市中和區錦中里圓通路292號",
        "type": "避難所",
        "flood": "是",
        "earthquake": "是",
        "debris_flow": "是",
        "tsunami": "是",
        "relief_station": "否",
        "accessible": "是",
        "indoor": "116.5",
        "outdoor": "106.25",
        "service_village": "中正里、建和里、錦和里、錦昌里、錦中里、錦盛里",
        "capacity": "222.75",
        "area": "466"
      },
      "geometry": {
        "type": "Point",
        "coordinates": [
          121.489617024311,
          24.989400987974
        ]
      }
    },
    {
      "type": "Feature",
      "properties": {
        "city": "newtaipei",
        "id": "SF235-0018",
        "name": "中和高中",
        "address": "新北市中和區嘉慶里連城路460號",
        "type": "避難所",
        "flood": "是",
        "earthquake": "是",
        "debris_flow": "是",
        "tsunami": "是",
        "relief_station": "否",
        "accessible": "是",
        "indoor": "1117.75",
        "outdoor": "1709.75",
        "service_village": "平河里、信和里、仁和里、灰里、嘉穗里、文元里、民安里、明德里、嘉慶里",
        "capacity": "2827.5",
        "area": "4471"
      },
      "geometry": {
        "type": "Point",
        "coordinates": [
          121.478344118911,
          24.993985302278
        ]
      }
    },
    {
      "type": "Feature",
      "properties": {
        "city": "newtaipei",
        "id": "SF235-0019",
        "name": "竹林中學",
        "address": "新北市中和區華新里華新街143巷12號",
        "type": "避難所",
        "flood": "是",
        "earthquake": "是",
        "debris_flow": "是",
        "tsunami": "是",
        "relief_station": "否",
        "accessible": "是",
        "indoor": "338.25",
        "outdoor": "87.0",
        "service_village": "頂南里、華新里、橫路里、內南里、正南里",
        "capacity": "425.25",
        "area": "1353"
      },
      "geometry": {
        "type": "Point",
        "coordinates": [
          121.506352447947,
          24.980646591061
        ]
      }
    },
    {
      "type": "Feature",
      "properties": {
        "city": "newtaipei",
        "id": "SF235-0020",
        "name": "山北市民活動中心",
        "address": "新北市中和區福美里莊敬路49巷29弄2號",
        "type": "避難所",
        "flood": "是",
        "earthquake": "是",
        "debris_flow": "是",
        "tsunami": "是",
        "relief_station": "否",
        "accessible": "是",
        "indoor": "92.75",
        "outdoor": "0.0",
        "service_village": "中原里、福真里、福善里、福美里、福祥里、佳和里",
        "capacity": "92.75",
        "area": "371"
      },
      "geometry": {
        "type": "Point",
        "coordinates": [
          121.501681516646,
          25.006459879226
        ]
      }
    },
    {
      "type": "Feature",
      "properties": {
        "city": "newtaipei",
        "id": "SF235-0021",
        "name": "復興大樓",
        "address": "新北市中和區外南里南山路236號6樓",
        "type": "避難所",
        "flood": "是",
        "earthquake": "是",
        "debris_flow": "是",
        "tsunami": "是",
        "relief_station": "否",
        "accessible": "否",
        "indoor": "25.0",
        "outdoor": "0.0",
        "service_village": "壽南里、復興里、外南里、和興里、景福里、景文里、景安里、福南里、中興里、吉興里",
        "capacity": "25.0",
        "area": "100"
      },
      "geometry": {
        "type": "Point",
        "coordinates": [
          121.506688027413,
          24.989749004594
        ]
      }
    },
    {
      "type": "Feature",
      "properties": {
        "city": "newtaipei",
        "id": "SF235-0022",
        "name": "鶴齡交誼中心",
        "address": "新北市中和區廟美里廟美街6巷3號",
        "type": "避難所",
        "flood": "是",
        "earthquake": "是",
        "debris_flow": "是",
        "tsunami": "是",
        "relief_station": "否",
        "accessible": "是",
        "indoor": "82.5",
        "outdoor": "0.0",
        "service_village": "廟美里、新南里、南山里",
        "capacity": "82.5",
        "area": "330"
      },
      "geometry": {
        "type": "Point",
        "coordinates": [
          121.501281029313,
          25.001522016247
        ]
      }
    },
    {
      "type": "Feature",
      "properties": {
        "city": "newtaipei",
        "id": "SF235-0023",
        "name": "錦和運動公園",
        "address": "新北市中和區錦中里錦和路350號（錦和路-和城路間）",
        "type": "避難所",
        "flood": "是",
        "earthquake": "是",
        "debris_flow": "是",
        "tsunami": "是",
        "relief_station": "否",
        "accessible": "是",
        "indoor": 0,
        "outdoor": "2732.0",
        "service_village": "仁和里、中正里、建和里、力行里、錦和里、錦昌里、\r\n灰里、德行里、中山里、碧河里、錦中里、錦盛里、正行里",
        "capacity": "2732.0",
        "area": "0"
      },
      "geometry": {
        "type": "Point",
        "coordinates": [
          121.490615560436,
          24.992453509473
        ]
      }
    },
    {
      "type": "Feature",
      "properties": {
        "city": "newtaipei",
        "id": "SF235-0024",
        "name": "中和公園",
        "address": "新北市中和區中安里中安街6號",
        "type": "避難所",
        "flood": "是",
        "earthquake": "是",
        "debris_flow": "是",
        "tsunami": "是",
        "relief_station": "否",
        "accessible": "是",
        "indoor": 0,
        "outdoor": "1660.0",
        "service_village": "福和里、安樂里、安和里、安平里、中安里、泰安里、秀山里、秀成里、秀福里、秀景里、秀明里、秀峰里、秀仁里、秀水里、宜安里、安順里、秀義里、秀士里",
        "capacity": "1660.0",
        "area": "0"
      },
      "geometry": {
        "type": "Point",
        "coordinates": [
          121.513462030102,
          25.00342102023
        ]
      }
    },
    {
      "type": "Feature",
      "properties": {
        "city": "newtaipei",
        "id": "SF234-0001",
        "name": "民權市民活動中心",
        "address": "新北市永和區民族里民權路60號",
        "type": "避難所",
        "flood": "是",
        "earthquake": "是",
        "debris_flow": "是",
        "tsunami": "是",
        "relief_station": "是",
        "accessible": "是",
        "indoor": "170.0",
        "outdoor": "0.0",
        "service_village": "民治里、永元里、永安里、民族里、民權里、潭墘里、潭安里、民本里、智光里、民生里、秀得里、民富里、秀元里",
        "capacity": "170.0",
        "area": "680"
      },
      "geometry": {
        "type": "Point",
        "coordinates": [
          121.519872006737,
          24.998041011858
        ]
      }
    },
    {
      "type": "Feature",
      "properties": {
        "city": "newtaipei",
        "id": "SF234-0002",
        "name": "忠孝市民活動中心",
        "address": "新北市永和區頂溪里忠孝街26巷8號",
        "type": "避難所",
        "flood": "是",
        "earthquake": "是",
        "debris_flow": "是",
        "tsunami": "是",
        "relief_station": "是",
        "accessible": "是",
        "indoor": "375.0",
        "outdoor": "0.0",
        "service_village": "文化里、永成里、勵行里、上溪里、河堤里、頂溪里、光復里、復興里、新廍里、網溪里",
        "capacity": "375.0",
        "area": "1500"
      },
      "geometry": {
        "type": "Point",
        "coordinates": [
          121.515266989132,
          25.016861988705
        ]
      }
    },
    {
      "type": "Feature",
      "properties": {
        "city": "newtaipei",
        "id": "SF234-0003",
        "name": "網溪國小",
        "address": "新北市永和區上林里竹林路79號",
        "type": "避難所",
        "flood": "是",
        "earthquake": "是",
        "debris_flow": "是",
        "tsunami": "是",
        "relief_station": "是",
        "accessible": "否",
        "indoor": "250.0",
        "outdoor": "100.0",
        "service_village": "豫溪里、中興里、竹林里、上林里、正興里、永興里、桂林里、光復里、復興里、中興里、網溪里、勵行里、上林里、桂林里、正興里、永興里",
        "capacity": "350.0",
        "area": "1000"
      },
      "geometry": {
        "type": "Point",
        "coordinates": [
          121.519339001514,
          25.012938000733
        ]
      }
    },
    {
      "type": "Feature",
      "properties": {
        "city": "newtaipei",
        "id": "SF234-0004",
        "name": "竹林小學",
        "address": "新北市永和區勵行里竹林路34號",
        "type": "避難所",
        "flood": "是",
        "earthquake": "是",
        "debris_flow": "是",
        "tsunami": "是",
        "relief_station": "是",
        "accessible": "否",
        "indoor": "18.0",
        "outdoor": "136.0",
        "service_village": "中興里、勵行里、光復里、復興里、上林里、網溪里、正興里、永興里、桂林里、後溪里",
        "capacity": "154.0",
        "area": "72"
      },
      "geometry": {
        "type": "Point",
        "coordinates": [
          121.517310078031,
          25.014491712216
        ]
      }
    },
    {
      "type": "Feature",
      "properties": {
        "city": "newtaipei",
        "id": "SF234-0005",
        "name": "頂溪國小",
        "address": "新北市永和區文化里文化路133號",
        "type": "避難所",
        "flood": "否",
        "earthquake": "是",
        "debris_flow": "是",
        "tsunami": "是",
        "relief_station": "是",
        "accessible": "是",
        "indoor": "408.0",
        "outdoor": "0.0",
        "service_village": "文化里、仁愛里、永成里、忠義里、中溪里、上溪里、新生里、大同里、新廍里、下溪里、信義里、後溪里、和平里",
        "capacity": "408.0",
        "area": "1632"
      },
      "geometry": {
        "type": "Point",
        "coordinates": [
          121.511469986994,
          25.01537000994
        ]
      }
    },
    {
      "type": "Feature",
      "properties": {
        "city": "newtaipei",
        "id": "SF234-0006",
        "name": "莊敬高職永和校區",
        "address": "新北市永和區復興里博愛街36號",
        "type": "避難所",
        "flood": "是",
        "earthquake": "是",
        "debris_flow": "是",
        "tsunami": "是",
        "relief_station": "是",
        "accessible": "是",
        "indoor": "202.0",
        "outdoor": "47.0",
        "service_village": "光復里、復興里、中興里、網溪里、勵行里、上林里、桂林里、正興里、永興里",
        "capacity": "249.0",
        "area": "811"
      },
      "geometry": {
        "type": "Point",
        "coordinates": [
          121.519351993464,
          25.015671004083
        ]
      }
    },
    {
      "type": "Feature",
      "properties": {
        "city": "newtaipei",
        "id": "SF234-0007",
        "name": "及人小學",
        "address": "新北市永和區新廍里文化路172號",
        "type": "避難所",
        "flood": "否",
        "earthquake": "是",
        "debris_flow": "是",
        "tsunami": "是",
        "relief_station": "是",
        "accessible": "是",
        "indoor": "52.0",
        "outdoor": "26.0",
        "service_village": "新廍里、文化里、仁愛里、永成里、忠義里、河堤里、頂溪里、上溪里、新生里、下溪里、信義里",
        "capacity": "78.0",
        "area": "210"
      },
      "geometry": {
        "type": "Point",
        "coordinates": [
          121.512036268372,
          25.015665304389
        ]
      }
    },
    {
      "type": "Feature",
      "properties": {
        "city": "newtaipei",
        "id": "SF234-0008",
        "name": "永平高中",
        "address": "新北市永和區保安里永平路205號",
        "type": "避難所",
        "flood": "是",
        "earthquake": "是",
        "debris_flow": "是",
        "tsunami": "是",
        "relief_station": "是",
        "accessible": "是",
        "indoor": "479.0",
        "outdoor": "1265.0",
        "service_village": "豫溪里、保安里、中溪里、協和里、保平里、新生里、大同里、前溪里、和平里、下溪里、信義里、保順里、仁愛里、忠義里、後溪里",
        "capacity": "1744.0",
        "area": "1918"
      },
      "geometry": {
        "type": "Point",
        "coordinates": [
          121.508625923427,
          25.010751497471
        ]
      }
    },
    {
      "type": "Feature",
      "properties": {
        "city": "newtaipei",
        "id": "SF234-0009",
        "name": "復興商工",
        "address": "新北市永和區得和里秀朗路1段201號",
        "type": "避難所",
        "flood": "是",
        "earthquake": "是",
        "debris_flow": "是",
        "tsunami": "是",
        "relief_station": "是",
        "accessible": "是",
        "indoor": "185.0",
        "outdoor": "625.0",
        "service_village": "永安里、大新里、福和里、得和里、店街里、永樂里、永元里、雙和里、安和里、協和里、水源里",
        "capacity": "810.0",
        "area": "740"
      },
      "geometry": {
        "type": "Point",
        "coordinates": [
          121.518621007688,
          25.003408992199
        ]
      }
    },
    {
      "type": "Feature",
      "properties": {
        "city": "newtaipei",
        "id": "SF234-0010",
        "name": "永和國小",
        "address": "新北市永和區潭墘里秀朗路1段120號",
        "type": "避難所",
        "flood": "是",
        "earthquake": "是",
        "debris_flow": "是",
        "tsunami": "是",
        "relief_station": "是",
        "accessible": "是",
        "indoor": "181.0",
        "outdoor": "121.0",
        "service_village": "潭墘里、永安里、潭安里、大新里、雙和里、安和里、水源里、店街里、永樂里、得和里、民治里、民權里、保平里、福和里",
        "capacity": "302.0",
        "area": "727"
      },
      "geometry": {
        "type": "Point",
        "coordinates": [
          121.516989973149,
          25.003608816771
        ]
      }
    },
    {
      "type": "Feature",
      "properties": {
        "city": "newtaipei",
        "id": "SF234-0011",
        "name": "秀朗國小",
        "address": "新北市永和區民權里得和路202號",
        "type": "避難所",
        "flood": "是",
        "earthquake": "是",
        "debris_flow": "是",
        "tsunami": "是",
        "relief_station": "是",
        "accessible": "是",
        "indoor": "50.0",
        "outdoor": "500.0",
        "service_village": "民權里、永元里、民本里、民生里、秀得里、民富里、秀元里、民樂里、民治里、民族里、秀林里、勵行里、得和里、智光里、秀朗里",
        "capacity": "550.0",
        "area": "202"
      },
      "geometry": {
        "type": "Point",
        "coordinates": [
          121.521409918331,
          24.999678500462
        ]
      }
    },
    {
      "type": "Feature",
      "properties": {
        "city": "newtaipei",
        "id": "SF234-0012",
        "name": "永和國中",
        "address": "新北市永和區秀和里國中路111號",
        "type": "避難所",
        "flood": "是",
        "earthquake": "是",
        "debris_flow": "是",
        "tsunami": "是",
        "relief_station": "是",
        "accessible": "是",
        "indoor": "767.0",
        "outdoor": "327.0",
        "service_village": "秀和里、河濱里、永福里、福林里、永貞里、秀林里、秀朗里、秀成里、竹林里、豫溪里、光明里、民樂里",
        "capacity": "1094.0",
        "area": "3069"
      },
      "geometry": {
        "type": "Point",
        "coordinates": [
          121.523319232056,
          25.006689417645
        ]
      }
    },
    {
      "type": "Feature",
      "properties": {
        "city": "newtaipei",
        "id": "SF234-0013",
        "name": "福和國中",
        "address": "新北市永和區秀和里永利路71號",
        "type": "避難所",
        "flood": "是",
        "earthquake": "是",
        "debris_flow": "是",
        "tsunami": "是",
        "relief_station": "是",
        "accessible": "否",
        "indoor": "505.0",
        "outdoor": "208.0",
        "service_village": "福林里、光明里、永貞里、永福里、秀林里、秀朗里、秀成里、大新里、民樂里、福和里、秀和里、河濱里、民生里、秀得里、店街里、民富里、秀元里、永樂里",
        "capacity": "713.0",
        "area": "2022"
      },
      "geometry": {
        "type": "Point",
        "coordinates": [
          121.520868028291,
          25.004003017677
        ]
      }
    },
    {
      "type": "Feature",
      "properties": {
        "city": "newtaipei",
        "id": "SF234-0014",
        "name": "智光商工",
        "address": "新北市永和區智光里中正路100號",
        "type": "避難所",
        "flood": "是",
        "earthquake": "是",
        "debris_flow": "是",
        "tsunami": "是",
        "relief_station": "是",
        "accessible": "否",
        "indoor": "271.0",
        "outdoor": "573.0",
        "service_village": "智光里、潭墘里、潭安里、民族里、民本里",
        "capacity": "844.0",
        "area": "1085"
      },
      "geometry": {
        "type": "Point",
        "coordinates": [
          121.519324836097,
          24.996623380574
        ]
      }
    },
    {
      "type": "Feature",
      "properties": {
        "city": "newtaipei",
        "id": "SF234-0015",
        "name": "育才小學",
        "address": "新北市永和區永貞里福和路125巷20號",
        "type": "避難所",
        "flood": "是",
        "earthquake": "是",
        "debris_flow": "是",
        "tsunami": "是",
        "relief_station": "是",
        "accessible": "否",
        "indoor": "20.0",
        "outdoor": "0.0",
        "service_village": "永貞里、河濱里、福林里、光明里、永福里、秀成里、竹林里、秀和里",
        "capacity": "20.0",
        "area": "80"
      },
      "geometry": {
        "type": "Point",
        "coordinates": [
          121.521642097049,
          25.007060610227
        ]
      }
    },
    {
      "type": "Feature",
      "properties": {
        "city": "newtaipei",
        "id": "SF234-0016",
        "name": "永平國小",
        "address": "新北市永和區保安里保生路25號",
        "type": "避難所",
        "flood": "否",
        "earthquake": "是",
        "debris_flow": "是",
        "tsunami": "是",
        "relief_station": "是",
        "accessible": "否",
        "indoor": "558.0",
        "outdoor": "312.0",
        "service_village": "保安里、雙和里、安和里、保順里、水源里、保平里、協和里、前溪里、和平里、大同里、中溪里",
        "capacity": "870.0",
        "area": "2235"
      },
      "geometry": {
        "type": "Point",
        "coordinates": [
          121.505716900111,
          25.008052608468
        ]
      }
    },
    {
      "type": "Feature",
      "properties": {
        "city": "newtaipei",
        "id": "SF234-0017",
        "name": "仁愛公園",
        "address": "新北市永和區仁愛路、永平路、保安路、保生路間",
        "type": "避難所",
        "flood": "是",
        "earthquake": "是",
        "debris_flow": "是",
        "tsunami": "是",
        "relief_station": "否",
        "accessible": "是",
        "indoor": "0.0",
        "outdoor": "4514.0",
        "service_village": "下溪里、上林里、上溪里、大同里、大新里、中溪里、中興里、仁愛里、文化里、水源里、正興里、民本里、民生里、民治里、民族里、民富里、民樂里、民權里、永元里、永安里、永成里、永貞里、永福里、永樂里、永興里、光明里、光復里、安和里、竹林里、秀元里、秀成里、秀和里、秀林里、秀朗里、秀得里、協和里、和平里、店街里、忠義里、河堤里、河濱里、信義里、保平里、保安里、保順里、前溪里、後溪里、桂林里、得和里、頂溪里、復興里、智光里、新生里、新廍里、福和里、福林里、網溪里、潭安里、潭墘里、豫溪里、勵行里、雙和里",
        "capacity": "4514.0",
        "area": "0"
      },
      "geometry": {
        "type": "Point",
        "coordinates": [
          121.508349937404,
          25.011612917812
        ]
      }
    },
    {
      "type": "Feature",
      "properties": {
        "city": "newtaipei",
        "id": "SF242-0001",
        "name": "福壽市民活動中心",
        "address": "新北市新莊區昌明街1號",
        "type": "避難所",
        "flood": "是",
        "earthquake": "是",
        "debris_flow": "是",
        "tsunami": "是",
        "relief_station": "是",
        "accessible": "是",
        "indoor": "120.0",
        "outdoor": "0.0",
        "service_village": "和平里、幸福里、頭前里、福基里、昌明里、昌平里、化成里、信義里、仁義里、仁愛里、思賢里、思源里、自強里、自立里、自信里、福興里、昌隆里、昌信里",
        "capacity": "120.0",
        "area": "480"
      },
      "geometry": {
        "type": "Point",
        "coordinates": [
          121.457632687622,
          25.052213713085
        ]
      }
    },
    {
      "type": "Feature",
      "properties": {
        "city": "newtaipei",
        "id": "SF242-0002",
        "name": "新泰市民活動中心",
        "address": "新北市新莊區建中街116巷3弄2號",
        "type": "避難所",
        "flood": "是",
        "earthquake": "是",
        "debris_flow": "是",
        "tsunami": "是",
        "relief_station": "是",
        "accessible": "是",
        "indoor": "250.0",
        "outdoor": "0.0",
        "service_village": "立德里、立言里、海山里、全安里、榮和里、興漢里、文德里、文明里、文聖里、文衡里、全泰里、忠孝里",
        "capacity": "250.0",
        "area": "1000"
      },
      "geometry": {
        "type": "Point",
        "coordinates": [
          121.445385972711,
          25.03721199233
        ]
      }
    },
    {
      "type": "Feature",
      "properties": {
        "city": "newtaipei",
        "id": "SF242-0003",
        "name": "四維市民活動中心",
        "address": "新北市新莊區四維路186巷2號",
        "type": "避難所",
        "flood": "是",
        "earthquake": "是",
        "debris_flow": "是",
        "tsunami": "是",
        "relief_station": "是",
        "accessible": "是",
        "indoor": "300.0",
        "outdoor": "0.0",
        "service_village": "南港里、瓊林里、四維里、民本里、萬安里、營盤里、民安里、光華里、光明里、光正里、光和里、八德里、西盛里、丹鳳里、雙鳳里、和鳳里、富國里、國泰里、豐年里、福營里、龍鳳里、裕民里、祥鳳里、富民里、泰豐里、龍福里、成德里、民有里、龍安里",
        "capacity": "300.0",
        "area": "1200"
      },
      "geometry": {
        "type": "Point",
        "coordinates": [
          121.421807008526,
          25.021281011878
        ]
      }
    },
    {
      "type": "Feature",
      "properties": {
        "city": "newtaipei",
        "id": "SF242-0004",
        "name": "豐年市民活動中心",
        "address": "新北市新莊區豐年街57號之5",
        "type": "避難所",
        "flood": "是",
        "earthquake": "是",
        "debris_flow": "是",
        "tsunami": "是",
        "relief_station": "是",
        "accessible": "否",
        "indoor": "100.0",
        "outdoor": "0.0",
        "service_village": "瓊林里、全安里、營盤里、丹鳳里、雙鳳里、和鳳里、富國里、國泰里、豐年里、福營里、龍鳳里、裕民里、祥鳳里、富民里、泰豐里、龍福里",
        "capacity": "100.0",
        "area": "400"
      },
      "geometry": {
        "type": "Point",
        "coordinates": [
          121.446594140235,
          25.029919904205
        ]
      }
    },
    {
      "type": "Feature",
      "properties": {
        "city": "newtaipei",
        "id": "SF242-0005",
        "name": "瓊泰活動中心",
        "address": "新北市新莊區瓊泰路85號",
        "type": "避難所",
        "flood": "否",
        "earthquake": "是",
        "debris_flow": "是",
        "tsunami": "是",
        "relief_station": "是",
        "accessible": "否",
        "indoor": "100.0",
        "outdoor": "0.0",
        "service_village": "海山里、瓊林里、營盤里、丹鳳里、雙鳳里、和鳳里、富國里、國泰里、豐年里、福營里、龍鳳里、裕民里",
        "capacity": "100.0",
        "area": "400"
      },
      "geometry": {
        "type": "Point",
        "coordinates": [
          121.443139706479,
          25.029397585909
        ]
      }
    },
    {
      "type": "Feature",
      "properties": {
        "city": "newtaipei",
        "id": "SF242-0006",
        "name": "牡丹心市民活動中心",
        "address": "新北市新莊區雙鳳路75號5樓",
        "type": "避難所",
        "flood": "是",
        "earthquake": "否",
        "debris_flow": "是",
        "tsunami": "是",
        "relief_station": "是",
        "accessible": "是",
        "indoor": "300.0",
        "outdoor": "0.0",
        "service_village": "瓊林里、營盤里、丹鳳里、雙鳳里、合鳳里、富國里、國泰里、豐年里、福營里、龍鳳里、裕民里、祥鳳里、富民里、泰豐里、龍福里",
        "capacity": "300.0",
        "area": "1200"
      },
      "geometry": {
        "type": "Point",
        "coordinates": [
          121.414928064409,
          25.027664208332
        ]
      }
    },
    {
      "type": "Feature",
      "properties": {
        "city": "newtaipei",
        "id": "SF242-0008",
        "name": "全安市民活動中心",
        "address": "新北市新莊區新莊路527號",
        "type": "避難所",
        "flood": "是",
        "earthquake": "是",
        "debris_flow": "是",
        "tsunami": "是",
        "relief_station": "是",
        "accessible": "是",
        "indoor": "200.0",
        "outdoor": "0.0",
        "service_village": "海山里、全安里、榮和里、興漢里、文德里、文明里、文聖里、文衡里、全泰里、泰豐里、忠孝里",
        "capacity": "200.0",
        "area": "800"
      },
      "geometry": {
        "type": "Point",
        "coordinates": [
          121.447891658846,
          25.033373206404
        ]
      }
    },
    {
      "type": "Feature",
      "properties": {
        "city": "newtaipei",
        "id": "SF242-0009",
        "name": "新莊區公所",
        "address": "新北市新莊區中正路176號",
        "type": "避難所",
        "flood": "是",
        "earthquake": "否",
        "debris_flow": "是",
        "tsunami": "是",
        "relief_station": "否",
        "accessible": "是",
        "indoor": "200.0",
        "outdoor": "0.0",
        "service_village": "海山里.全安里.榮和里.興漢里.文德里.文明里.文聖里.文衡里.全泰里.忠孝里",
        "capacity": "200.0",
        "area": "800"
      },
      "geometry": {
        "type": "Point",
        "coordinates": [
          121.450558109884,
          25.035834091267
        ]
      }
    },
    {
      "type": "Feature",
      "properties": {
        "city": "newtaipei",
        "id": "SF242-0010",
        "name": "福營行政大樓",
        "address": "新北市新莊區四維路9號",
        "type": "避難所",
        "flood": "是",
        "earthquake": "是",
        "debris_flow": "是",
        "tsunami": "是",
        "relief_station": "是",
        "accessible": "是",
        "indoor": "200.0",
        "outdoor": "0.0",
        "service_village": "瓊林里、營盤里、丹鳳里、雙鳳里、合鳳里、富國里、國泰里、豐年里、福營里、龍鳳里、裕民里、祥鳳里、富民里、泰豐里、龍福里",
        "capacity": "200.0",
        "area": "800"
      },
      "geometry": {
        "type": "Point",
        "coordinates": [
          121.423752029158,
          25.024295018532
        ]
      }
    },
    {
      "type": "Feature",
      "properties": {
        "city": "newtaipei",
        "id": "SF242-0011",
        "name": "裕民行政大樓",
        "address": "新北市新莊區裕民街136號",
        "type": "避難所",
        "flood": "是",
        "earthquake": "是",
        "debris_flow": "是",
        "tsunami": "是",
        "relief_station": "是",
        "accessible": "是",
        "indoor": "300.0",
        "outdoor": "0.0",
        "service_village": "瓊林里、營盤里、丹鳳里、雙鳳里、和鳳里、富國里、國泰里、四維里、豐年里、福營里、龍鳳里、裕民里、祥鳳里、富民里、泰豐里、龍福里",
        "capacity": "300.0",
        "area": "1200"
      },
      "geometry": {
        "type": "Point",
        "coordinates": [
          121.417771038328,
          25.021885011821
        ]
      }
    },
    {
      "type": "Feature",
      "properties": {
        "city": "newtaipei",
        "id": "SF242-0012",
        "name": "輔仁大學",
        "address": "新北市新莊區中正路510號",
        "type": "避難所",
        "flood": "否",
        "earthquake": "是",
        "debris_flow": "是",
        "tsunami": "是",
        "relief_station": "是",
        "accessible": "否",
        "indoor": "1309.0",
        "outdoor": "235.0",
        "service_village": "營盤里、福營里、建安里",
        "capacity": "1544.0",
        "area": "5239"
      },
      "geometry": {
        "type": "Point",
        "coordinates": [
          121.434193030668,
          25.032931019102
        ]
      }
    },
    {
      "type": "Feature",
      "properties": {
        "city": "newtaipei",
        "id": "SF242-0013",
        "name": "新莊高中",
        "address": "新北市新莊區中平路135號",
        "type": "避難所",
        "flood": "是",
        "earthquake": "是",
        "debris_flow": "是",
        "tsunami": "是",
        "relief_station": "是",
        "accessible": "是",
        "indoor": "565.0",
        "outdoor": "368.0",
        "service_village": "立基里、中和里、中泰里、立志里、中信里、中宏里、中全里、立泰里、中平里、立廷里",
        "capacity": "933.0",
        "area": "2263.29"
      },
      "geometry": {
        "type": "Point",
        "coordinates": [
          121.444604024964,
          25.048053984087
        ]
      }
    },
    {
      "type": "Feature",
      "properties": {
        "city": "newtaipei",
        "id": "SF242-0014",
        "name": "丹鳳高中",
        "address": "新北市新莊區龍安路72號",
        "type": "避難所",
        "flood": "是",
        "earthquake": "否",
        "debris_flow": "是",
        "tsunami": "是",
        "relief_station": "是",
        "accessible": "是",
        "indoor": "385.0",
        "outdoor": "607.0",
        "service_village": "民有里、光正里、光明里、成德里、龍安里、龍鳯里、民安里、裕民里、丹鳯里、雙鳳里、龍福里、祥鳳里",
        "capacity": "992.0",
        "area": "1542"
      },
      "geometry": {
        "type": "Point",
        "coordinates": [
          121.416169424269,
          25.021199288322
        ]
      }
    },
    {
      "type": "Feature",
      "properties": {
        "city": "newtaipei",
        "id": "SF242-0015",
        "name": "新莊國中",
        "address": "新北市新莊區中正路211號",
        "type": "避難所",
        "flood": "是",
        "earthquake": "是",
        "debris_flow": "是",
        "tsunami": "是",
        "relief_station": "是",
        "accessible": "是",
        "indoor": "400.0",
        "outdoor": "750.0",
        "service_village": "榮和里、興漢里、全安里、文衡里、文德里、立人里、文聖里、泰豐里",
        "capacity": "1150.0",
        "area": "1600"
      },
      "geometry": {
        "type": "Point",
        "coordinates": [
          121.452487707814,
          25.035938697418
        ]
      }
    },
    {
      "type": "Feature",
      "properties": {
        "city": "newtaipei",
        "id": "SF242-0016",
        "name": "新泰國中",
        "address": "新北市新莊區新泰路359號",
        "type": "避難所",
        "flood": "是",
        "earthquake": "是",
        "debris_flow": "是",
        "tsunami": "是",
        "relief_station": "是",
        "accessible": "是",
        "indoor": "296.0",
        "outdoor": "170.0",
        "service_village": "中華里、中和里、中誠里、中宏里、中全里、中泰里、立志里、立基里、立廷里、立言里、立泰里、思賢里、忠孝里、立德里、立功里、自立里、自強里",
        "capacity": "466.0",
        "area": "1187"
      },
      "geometry": {
        "type": "Point",
        "coordinates": [
          121.444377881216,
          25.042594599092
        ]
      }
    },
    {
      "type": "Feature",
      "properties": {
        "city": "newtaipei",
        "id": "SF242-0017",
        "name": "福營國中",
        "address": "新北市新莊區富國路105號",
        "type": "避難所",
        "flood": "否",
        "earthquake": "是",
        "debris_flow": "是",
        "tsunami": "是",
        "relief_station": "是",
        "accessible": "否",
        "indoor": "106.0",
        "outdoor": "213.0",
        "service_village": "富民里、民安里、民全里、萬安里、後港里、西盛里、富國里、民本里、四維里、後德里、建安里、建福里、福營里、營盤里、南港里、瓊林里、成德里、龍安里、民有里、八德里",
        "capacity": "319.0",
        "area": "425"
      },
      "geometry": {
        "type": "Point",
        "coordinates": [
          121.42251050166,
          25.025323687599
        ]
      }
    },
    {
      "type": "Feature",
      "properties": {
        "city": "newtaipei",
        "id": "SF242-0018",
        "name": "頭前國中",
        "address": "新北市新莊區思源路485號",
        "type": "避難所",
        "flood": "否",
        "earthquake": "是",
        "debris_flow": "是",
        "tsunami": "是",
        "relief_station": "是",
        "accessible": "是",
        "indoor": "189.0",
        "outdoor": "150.0",
        "service_village": "思源里、幸福里、昌平里、昌信里、昌隆里、仁愛里、仁義里、信義里、和平里、昌明里、昌信里、自信里、福基里、福興里、頭前里、化成里",
        "capacity": "339.0",
        "area": "756"
      },
      "geometry": {
        "type": "Point",
        "coordinates": [
          121.459313007751,
          25.054701000943
        ]
      }
    },
    {
      "type": "Feature",
      "properties": {
        "city": "newtaipei",
        "id": "SF242-0019",
        "name": "中平國中",
        "address": "新北市新莊區中平路385號",
        "type": "避難所",
        "flood": "是",
        "earthquake": "是",
        "debris_flow": "是",
        "tsunami": "是",
        "relief_station": "是",
        "accessible": "是",
        "indoor": "82.0",
        "outdoor": "187.0",
        "service_village": "立廷里、中港里、中原里、中信里、中平里、中隆里",
        "capacity": "269.0",
        "area": "328"
      },
      "geometry": {
        "type": "Point",
        "coordinates": [
          121.44453076713,
          25.053755899451
        ]
      }
    },
    {
      "type": "Feature",
      "properties": {
        "city": "newtaipei",
        "id": "SF242-0020",
        "name": "新莊國小",
        "address": "新北市新莊區中正路86號",
        "type": "避難所",
        "flood": "是",
        "earthquake": "是",
        "debris_flow": "是",
        "tsunami": "是",
        "relief_station": "是",
        "accessible": "是",
        "indoor": "312.0",
        "outdoor": "717.0",
        "service_village": "立人里、思源里、文衡里、文聖里、興漢里、榮和里、文德里、文明里、恆安里、思賢里、立德里、中美里",
        "capacity": "1029.0",
        "area": "1249.6"
      },
      "geometry": {
        "type": "Point",
        "coordinates": [
          121.456423262812,
          25.036967701761
        ]
      }
    },
    {
      "type": "Feature",
      "properties": {
        "city": "newtaipei",
        "id": "SF242-0021",
        "name": "民安國小",
        "address": "新北市新莊區民安路261號",
        "type": "避難所",
        "flood": "否",
        "earthquake": "是",
        "debris_flow": "是",
        "tsunami": "是",
        "relief_station": "是",
        "accessible": "否",
        "indoor": "219.0",
        "outdoor": "984.0",
        "service_village": "民安里、瓊林里、四維里、成德里、後港里、八德里、西盛里、民有里、後德里、建福里、民全里、光華里、光明里、光正里、光和里、建安里、民本里",
        "capacity": "1203.0",
        "area": "877"
      },
      "geometry": {
        "type": "Point",
        "coordinates": [
          121.427798392916,
          25.021632590807
        ]
      }
    },
    {
      "type": "Feature",
      "properties": {
        "city": "newtaipei",
        "id": "SF242-0022",
        "name": "國泰國小",
        "address": "新北市新莊區中正路386號",
        "type": "避難所",
        "flood": "否",
        "earthquake": "是",
        "debris_flow": "是",
        "tsunami": "否",
        "relief_station": "是",
        "accessible": "是",
        "indoor": "71.0",
        "outdoor": "506.0",
        "service_village": "忠孝里、國泰里、海山里、福營里、營盤里",
        "capacity": "577.0",
        "area": "285"
      },
      "geometry": {
        "type": "Point",
        "coordinates": [
          121.441711513997,
          25.0341707864
        ]
      }
    },
    {
      "type": "Feature",
      "properties": {
        "city": "newtaipei",
        "id": "SF242-0023",
        "name": "頭前國小",
        "address": "新北市新莊區化成路231號",
        "type": "避難所",
        "flood": "是",
        "earthquake": "是",
        "debris_flow": "是",
        "tsunami": "是",
        "relief_station": "是",
        "accessible": "是",
        "indoor": "190.0",
        "outdoor": "125.0",
        "service_village": "化成里、頭前里、福基里",
        "capacity": "315.0",
        "area": "762"
      },
      "geometry": {
        "type": "Point",
        "coordinates": [
          121.466128919956,
          25.052925713851
        ]
      }
    },
    {
      "type": "Feature",
      "properties": {
        "city": "newtaipei",
        "id": "SF242-0024",
        "name": "中港國小",
        "address": "新北市新莊區中港一街142號",
        "type": "避難所",
        "flood": "是",
        "earthquake": "是",
        "debris_flow": "是",
        "tsunami": "是",
        "relief_station": "是",
        "accessible": "否",
        "indoor": "477.0",
        "outdoor": "87.0",
        "service_village": "中泰里、立志里、立基里、立廷里、中宏里、中全里、中和里、中港里、立功里、中華里、立泰里、中誠里",
        "capacity": "564.0",
        "area": "1910"
      },
      "geometry": {
        "type": "Point",
        "coordinates": [
          121.447179029438,
          25.045078995193
        ]
      }
    },
    {
      "type": "Feature",
      "properties": {
        "city": "newtaipei",
        "id": "SF242-0025",
        "name": "思賢國小",
        "address": "新北市新莊區自立街229號",
        "type": "避難所",
        "flood": "否",
        "earthquake": "是",
        "debris_flow": "是",
        "tsunami": "是",
        "relief_station": "是",
        "accessible": "否",
        "indoor": "141.0",
        "outdoor": "144.0",
        "service_village": "自立里、仁愛里、思賢里、自強里、仁義里、中美里、自信里、思源里、中泰里、中誠里、信義里、化成里、幸福里、中華里",
        "capacity": "285.0",
        "area": "567"
      },
      "geometry": {
        "type": "Point",
        "coordinates": [
          121.456595008008,
          25.045600014294
        ]
      }
    },
    {
      "type": "Feature",
      "properties": {
        "city": "newtaipei",
        "id": "SF242-0026",
        "name": "丹鳳國小",
        "address": "新北市新莊區新北大道七段437號",
        "type": "避難所",
        "flood": "是",
        "earthquake": "否",
        "debris_flow": "是",
        "tsunami": "是",
        "relief_station": "是",
        "accessible": "是",
        "indoor": "255.0",
        "outdoor": "135.0",
        "service_village": "雙鳳里、富國里、丹鳯里、合鳳里、龍鳳里、龍福里、祥鳳里",
        "capacity": "390.0",
        "area": "1022"
      },
      "geometry": {
        "type": "Point",
        "coordinates": [
          121.413779995131,
          25.024030988581
        ]
      }
    },
    {
      "type": "Feature",
      "properties": {
        "city": "newtaipei",
        "id": "SF242-0027",
        "name": "豐年國小",
        "address": "新北市新莊區瓊泰路116號",
        "type": "避難所",
        "flood": "是",
        "earthquake": "是",
        "debris_flow": "是",
        "tsunami": "是",
        "relief_station": "是",
        "accessible": "否",
        "indoor": "129.0",
        "outdoor": "549.0",
        "service_village": "國泰里、海山里、豐年里、泰豐里、瓊林里、全安里",
        "capacity": "678.0",
        "area": "517.9245283018868"
      },
      "geometry": {
        "type": "Point",
        "coordinates": [
          121.443331568243,
          25.030931390371
        ]
      }
    },
    {
      "type": "Feature",
      "properties": {
        "city": "newtaipei",
        "id": "SF242-0028",
        "name": "光華國小",
        "address": "新北市新莊區龍安路452號",
        "type": "避難所",
        "flood": "否",
        "earthquake": "是",
        "debris_flow": "是",
        "tsunami": "是",
        "relief_station": "是",
        "accessible": "是",
        "indoor": "600.0",
        "outdoor": "415.0",
        "service_village": "光華里、光明里、民安里、民本里、瓊林里、光和里、光正里、光榮里、成德里、民全里、民有里、西盛里",
        "capacity": "1015.0",
        "area": "2400"
      },
      "geometry": {
        "type": "Point",
        "coordinates": [
          121.425313996815,
          25.0181479822
        ]
      }
    },
    {
      "type": "Feature",
      "properties": {
        "city": "newtaipei",
        "id": "SF242-0029",
        "name": "榮富國小",
        "address": "新北市新莊區中和街193號",
        "type": "避難所",
        "flood": "是",
        "earthquake": "是",
        "debris_flow": "是",
        "tsunami": "是",
        "relief_station": "是",
        "accessible": "否",
        "indoor": "184.0",
        "outdoor": "300.0",
        "service_village": "中信里、中平里、中港里、中隆里、中原里、中宏里、中全里",
        "capacity": "484.0",
        "area": "736"
      },
      "geometry": {
        "type": "Point",
        "coordinates": [
          121.448193994094,
          25.051310018195
        ]
      }
    },
    {
      "type": "Feature",
      "properties": {
        "city": "newtaipei",
        "id": "SF242-0030",
        "name": "新泰國小",
        "address": "新北市新莊區公園一路91號",
        "type": "避難所",
        "flood": "是",
        "earthquake": "是",
        "debris_flow": "是",
        "tsunami": "是",
        "relief_station": "是",
        "accessible": "是",
        "indoor": "1104.0",
        "outdoor": "693.0",
        "service_village": "忠孝里、立言里、立德里、立功里、營盤里、全泰里",
        "capacity": "1797.0",
        "area": "4417"
      },
      "geometry": {
        "type": "Point",
        "coordinates": [
          121.443786705585,
          25.037840718887
        ]
      }
    },
    {
      "type": "Feature",
      "properties": {
        "city": "newtaipei",
        "id": "SF242-0031",
        "name": "裕民國小",
        "address": "新北市新莊區裕民街123號",
        "type": "避難所",
        "flood": "是",
        "earthquake": "否",
        "debris_flow": "是",
        "tsunami": "是",
        "relief_station": "是",
        "accessible": "否",
        "indoor": "332.0",
        "outdoor": "300.0",
        "service_village": "裕民里、南港里、合鳳里、龍鳳里、萬安里、龍安里、龍福里",
        "capacity": "632.0",
        "area": "1331"
      },
      "geometry": {
        "type": "Point",
        "coordinates": [
          121.418001373027,
          25.021856010436
        ]
      }
    },
    {
      "type": "Feature",
      "properties": {
        "city": "newtaipei",
        "id": "SF242-0032",
        "name": "昌隆國小",
        "address": "新北市新莊區昌隆街63號",
        "type": "避難所",
        "flood": "否",
        "earthquake": "是",
        "debris_flow": "是",
        "tsunami": "是",
        "relief_station": "是",
        "accessible": "否",
        "indoor": "58.0",
        "outdoor": "462.0",
        "service_village": "幸福里、信義里、和平里、中誠里、昌明里、昌信里、中港里、仁愛里、仁義里、自強里、自立里、自信里、昌隆里",
        "capacity": "520.0",
        "area": "232"
      },
      "geometry": {
        "type": "Point",
        "coordinates": [
          121.455527991734,
          25.051205998776
        ]
      }
    },
    {
      "type": "Feature",
      "properties": {
        "city": "newtaipei",
        "id": "SF242-0033",
        "name": "興化國小",
        "address": "新北市新莊區五工二路50巷2號",
        "type": "避難所",
        "flood": "是",
        "earthquake": "是",
        "debris_flow": "是",
        "tsunami": "是",
        "relief_station": "是",
        "accessible": "是",
        "indoor": "90.0",
        "outdoor": "509.0",
        "service_village": "福基里、福興里",
        "capacity": "599.0",
        "area": "360"
      },
      "geometry": {
        "type": "Point",
        "coordinates": [
          121.461637393321,
          25.065915987392
        ]
      }
    },
    {
      "type": "Feature",
      "properties": {
        "city": "newtaipei",
        "id": "SF242-0034",
        "name": "中信國小",
        "address": "新北市新莊區中信街168號",
        "type": "避難所",
        "flood": "否",
        "earthquake": "是",
        "debris_flow": "是",
        "tsunami": "是",
        "relief_station": "是",
        "accessible": "是",
        "indoor": "192.0",
        "outdoor": "892.0",
        "service_village": "中原里、中信里、中榮里、中隆里、昌平里、中平里",
        "capacity": "1084.0",
        "area": "770"
      },
      "geometry": {
        "type": "Point",
        "coordinates": [
          121.448013028804,
          25.056295993298
        ]
      }
    },
    {
      "type": "Feature",
      "properties": {
        "city": "newtaipei",
        "id": "SF242-0035",
        "name": "昌平國小",
        "address": "新北市新莊區昌平街200號",
        "type": "避難所",
        "flood": "是",
        "earthquake": "是",
        "debris_flow": "是",
        "tsunami": "是",
        "relief_station": "是",
        "accessible": "是",
        "indoor": "135.0",
        "outdoor": "400.0",
        "service_village": "昌平里、昌信里、昌明里、福基里、和平里、中隆里、福興里、昌隆里",
        "capacity": "535.0",
        "area": "540"
      },
      "geometry": {
        "type": "Point",
        "coordinates": [
          121.455580630086,
          25.056403700754
        ]
      }
    },
    {
      "type": "Feature",
      "properties": {
        "city": "newtaipei",
        "id": "SF242-0036",
        "name": "恆毅高級中學",
        "address": "新北市新莊區中正路108號",
        "type": "避難所",
        "flood": "是",
        "earthquake": "是",
        "debris_flow": "是",
        "tsunami": "是",
        "relief_station": "是",
        "accessible": "是",
        "indoor": "424.0",
        "outdoor": "224.0",
        "service_village": "恆安里、立人里、文德里.榮和里.中美里.興漢里.文明里",
        "capacity": "648.0",
        "area": "1696"
      },
      "geometry": {
        "type": "Point",
        "coordinates": [
          121.453759829259,
          25.036553510016
        ]
      }
    },
    {
      "type": "Feature",
      "properties": {
        "city": "newtaipei",
        "id": "SF242-0037",
        "name": "新莊體育場\r\n(防災公園)",
        "address": "新北市新莊區公園路11號",
        "type": "避難所",
        "flood": "是",
        "earthquake": "是",
        "debris_flow": "是",
        "tsunami": "是",
        "relief_station": "否",
        "accessible": "是",
        "indoor": "0.0",
        "outdoor": "8450.0",
        "service_village": "立德里、中美里、立人里、榮和里、興漢里、文聖里、全泰里、立言里、立泰里、立功里、中和里、中華里",
        "capacity": "8450.0",
        "area": "0"
      },
      "geometry": {
        "type": "Point",
        "coordinates": [
          121.448185360734,
          25.039697603807
        ]
      }
    },
    {
      "type": "Feature",
      "properties": {
        "city": "newtaipei",
        "id": "SF242-0038",
        "name": "頭前運動公園\r\n(防災公園)",
        "address": "新北市新莊區頭前路、頭前街口",
        "type": "避難所",
        "flood": "是",
        "earthquake": "是",
        "debris_flow": "是",
        "tsunami": "是",
        "relief_station": "否",
        "accessible": "是",
        "indoor": "0.0",
        "outdoor": "133.0",
        "service_village": "頭前里、化成里、信義里、和平里、福基里",
        "capacity": "133.0",
        "area": "0"
      },
      "geometry": {
        "type": "Point",
        "coordinates": [
          121.464096425269,
          25.052502737245
        ]
      }
    },
    {
      "type": "Feature",
      "properties": {
        "city": "newtaipei",
        "id": "SF231-0001 ",
        "name": "大豐社福館",
        "address": "新北市新店區民族路110號",
        "type": "避難所",
        "flood": "是",
        "earthquake": "是",
        "debris_flow": "是",
        "tsunami": "是",
        "relief_station": "是",
        "accessible": "是",
        "indoor": "1540.9",
        "outdoor": "0.0",
        "service_village": "國豐里、明德里、大豐里、大同里、江陵里、寶興里、寶安里、信義里、忠孝里、大鵬里、頂城里、下城里、永安里、中興里、新生里、新德里、張北里、五峯里、新安里、忠誠里、中正里、中華里、仁愛里、百忍里、百和里、福德里、百福里、福民里、中山里、和平里、中央里、安和里、吉祥里、寶福里、小城里、香坡里、建國里、復興里、美城里、安昌里、長春里、新和里、永平里",
        "capacity": "1540.9",
        "area": "6163.67"
      },
      "geometry": {
        "type": "Point",
        "coordinates": [
          121.537564025045,
          24.976892003313
        ]
      }
    },
    {
      "type": "Feature",
      "properties": {
        "city": "newtaipei",
        "id": "SF231-0002 ",
        "name": "文中廣明市民活動中心",
        "address": "新北市新店區北宜路1段39巷32號",
        "type": "避難所",
        "flood": "是",
        "earthquake": "是",
        "debris_flow": "是",
        "tsunami": "是",
        "relief_station": "否",
        "accessible": "是",
        "indoor": "45.1",
        "outdoor": "0.0",
        "service_village": "太平里、美潭里、員潭里、雙坑里、新店里、張南里、國校里、文中里、廣明里、文明里、中興里",
        "capacity": "45.1",
        "area": "180.66"
      },
      "geometry": {
        "type": "Point",
        "coordinates": [
          121.539064885013,
          24.958015275545
        ]
      }
    },
    {
      "type": "Feature",
      "properties": {
        "city": "newtaipei",
        "id": "SF231-0003 ",
        "name": "青潭國小",
        "address": "新北市新店區北宜路2段80號",
        "type": "避難所",
        "flood": "是",
        "earthquake": "是",
        "debris_flow": "是",
        "tsunami": "否",
        "relief_station": "是",
        "accessible": "否",
        "indoor": "64.0",
        "outdoor": "500.0",
        "service_village": "美潭里、員潭里、雙坑里、粗坑里、直潭里、青潭里、文中里、屈尺里",
        "capacity": "564.0",
        "area": "256"
      },
      "geometry": {
        "type": "Point",
        "coordinates": [
          121.552254986741,
          24.953141210113
        ]
      }
    },
    {
      "type": "Feature",
      "properties": {
        "city": "newtaipei",
        "id": "SF231-0004",
        "name": "龜山市民活動中心",
        "address": "新北市新店區新烏路3段136號",
        "type": "避難所",
        "flood": "是",
        "earthquake": "是",
        "debris_flow": "是",
        "tsunami": "是",
        "relief_station": "否",
        "accessible": "是",
        "indoor": "133.7",
        "outdoor": "0.0",
        "service_village": "屈尺里、龜山里、廣興里、直潭里",
        "capacity": "133.7",
        "area": "535.029"
      },
      "geometry": {
        "type": "Point",
        "coordinates": [
          121.552013839386,
          24.903139511544
        ]
      }
    },
    {
      "type": "Feature",
      "properties": {
        "city": "newtaipei",
        "id": "SF231-0005",
        "name": "雙城市民活動中心",
        "address": "新北市新店區安康路3段2號5樓",
        "type": "避難所",
        "flood": "是",
        "earthquake": "是",
        "debris_flow": "是",
        "tsunami": "是",
        "relief_station": "是",
        "accessible": "是",
        "indoor": "132.4",
        "outdoor": "0.0",
        "service_village": "雙城里、吉祥里、香坡里",
        "capacity": "132.4",
        "area": "529.66"
      },
      "geometry": {
        "type": "Point",
        "coordinates": [
          121.49374293233,
          24.953823999946
        ]
      }
    },
    {
      "type": "Feature",
      "properties": {
        "city": "newtaipei",
        "id": "SF231-0007",
        "name": "康橋高中",
        "address": "新北市新店區華城路800號",
        "type": "避難所",
        "flood": "是",
        "earthquake": "是",
        "debris_flow": "是",
        "tsunami": "是",
        "relief_station": "否",
        "accessible": "否",
        "indoor": "375.0",
        "outdoor": "937.5",
        "service_village": "塗潭里、華城里",
        "capacity": "1312.5",
        "area": "1500"
      },
      "geometry": {
        "type": "Point",
        "coordinates": [
          121.51819889297,
          24.944659933065
        ]
      }
    },
    {
      "type": "Feature",
      "properties": {
        "city": "newtaipei",
        "id": "SF231-0008 ",
        "name": "新店高中",
        "address": "新北市新店區中央路93號",
        "type": "避難所",
        "flood": "是",
        "earthquake": "是",
        "debris_flow": "是",
        "tsunami": "否",
        "relief_station": "是",
        "accessible": "否",
        "indoor": "300.0",
        "outdoor": "971.0",
        "service_village": "福民里、新生里、中山里、中央里、百福里、和平里、頂城里、中正里",
        "capacity": "1271.0",
        "area": "1200"
      },
      "geometry": {
        "type": "Point",
        "coordinates": [
          121.531880005045,
          24.97553400927
        ]
      }
    },
    {
      "type": "Feature",
      "properties": {
        "city": "newtaipei",
        "id": "SF231-0009",
        "name": "崇光高中",
        "address": "新北市新店區三民路18號",
        "type": "避難所",
        "flood": "是",
        "earthquake": "是",
        "debris_flow": "是",
        "tsunami": "是",
        "relief_station": "是",
        "accessible": "否",
        "indoor": "131.5",
        "outdoor": "268.7",
        "service_village": "中正里、中華里、仁愛里、百忍里、福德里、福民里",
        "capacity": "400.2",
        "area": "526"
      },
      "geometry": {
        "type": "Point",
        "coordinates": [
          121.539070001589,
          24.971769487006
        ]
      }
    },
    {
      "type": "Feature",
      "properties": {
        "city": "newtaipei",
        "id": "SF231-0010",
        "name": "及人中學",
        "address": "新北市新店區安興路1號",
        "type": "避難所",
        "flood": "是",
        "earthquake": "是",
        "debris_flow": "是",
        "tsunami": "否",
        "relief_station": "是",
        "accessible": "否",
        "indoor": "85.0",
        "outdoor": "2664.2",
        "service_village": "柴埕里、安和里",
        "capacity": "2749.2",
        "area": "340"
      },
      "geometry": {
        "type": "Point",
        "coordinates": [
          121.514878068825,
          24.966285207759
        ]
      }
    },
    {
      "type": "Feature",
      "properties": {
        "city": "newtaipei",
        "id": "SF231-0011",
        "name": "安康高中",
        "address": "新北市新店區安興路25號",
        "type": "避難所",
        "flood": "是",
        "earthquake": "是",
        "debris_flow": "是",
        "tsunami": "否",
        "relief_station": "是",
        "accessible": "否",
        "indoor": "463.5",
        "outdoor": "267.3",
        "service_village": "下城里、柴埕里、永安里、安和里、新和里、永平里、公崙里、德安里",
        "capacity": "730.8",
        "area": "1854"
      },
      "geometry": {
        "type": "Point",
        "coordinates": [
          121.514945040231,
          24.968892985475
        ]
      }
    },
    {
      "type": "Feature",
      "properties": {
        "city": "newtaipei",
        "id": "SF231-0012 ",
        "name": "耕莘健康管理專科學校",
        "address": "新北市新店區民族路112號",
        "type": "避難所",
        "flood": "是",
        "earthquake": "是",
        "debris_flow": "是",
        "tsunami": "否",
        "relief_station": "否",
        "accessible": "否",
        "indoor": "87.1",
        "outdoor": "0.0",
        "service_village": "江陵里、中華里、仁愛里、百忍里、百和里、福德里、百福里、中央里、建國里",
        "capacity": "87.1",
        "area": "348.6"
      },
      "geometry": {
        "type": "Point",
        "coordinates": [
          121.537055997894,
          24.977066011623
        ]
      }
    },
    {
      "type": "Feature",
      "properties": {
        "city": "newtaipei",
        "id": "SF231-0013  ",
        "name": "景文科技大學",
        "address": "新北市新店區安忠路99號",
        "type": "避難所",
        "flood": "是",
        "earthquake": "是",
        "debris_flow": "是",
        "tsunami": "否",
        "relief_station": "是",
        "accessible": "否",
        "indoor": "130.8",
        "outdoor": "1725.0",
        "service_village": "公崙里、安昌里、柴埕里",
        "capacity": "1855.8",
        "area": "523.26"
      },
      "geometry": {
        "type": "Point",
        "coordinates": [
          121.509274179819,
          24.951987902146
        ]
      }
    },
    {
      "type": "Feature",
      "properties": {
        "city": "newtaipei",
        "id": "SF231-0014",
        "name": "南強工商",
        "address": "新北市新店區文化路42號",
        "type": "避難所",
        "flood": "是",
        "earthquake": "是",
        "debris_flow": "是",
        "tsunami": "否",
        "relief_station": "是",
        "accessible": "否",
        "indoor": "450.5",
        "outdoor": "264.5",
        "service_village": "寶興里、寶安里、信義里、新安里、寶福里",
        "capacity": "715.0",
        "area": "1802"
      },
      "geometry": {
        "type": "Point",
        "coordinates": [
          121.54490799715,
          24.980828019316
        ]
      }
    },
    {
      "type": "Feature",
      "properties": {
        "city": "newtaipei",
        "id": "SF231-0016 ",
        "name": "能仁家商",
        "address": "新北市新店區文中路53巷10號",
        "type": "避難所",
        "flood": "是",
        "earthquake": "是",
        "debris_flow": "是",
        "tsunami": "否",
        "relief_station": "是",
        "accessible": "否",
        "indoor": "475.0",
        "outdoor": "345.1",
        "service_village": "張南里、廣明里、文明里",
        "capacity": "820.1",
        "area": "1900"
      },
      "geometry": {
        "type": "Point",
        "coordinates": [
          121.540927263694,
          24.958395196571
        ]
      }
    },
    {
      "type": "Feature",
      "properties": {
        "city": "newtaipei",
        "id": "SF231-0017",
        "name": "莊敬高職",
        "address": "新北市新店區民生路45號",
        "type": "避難所",
        "flood": "是",
        "earthquake": "是",
        "debris_flow": "是",
        "tsunami": "否",
        "relief_station": "否",
        "accessible": "否",
        "indoor": "55.0",
        "outdoor": "0.0",
        "service_village": "江陵里、寶安里、忠孝里、大鵬里、中山里、和平里、復興里",
        "capacity": "55.0",
        "area": "220"
      },
      "geometry": {
        "type": "Point",
        "coordinates": [
          121.532237409396,
          24.985753896174
        ]
      }
    },
    {
      "type": "Feature",
      "properties": {
        "city": "newtaipei",
        "id": "SF231-0018",
        "name": "中正國小",
        "address": "新北市新店區三民路36號",
        "type": "避難所",
        "flood": "是",
        "earthquake": "是",
        "debris_flow": "是",
        "tsunami": "否",
        "relief_station": "是",
        "accessible": "否",
        "indoor": "67.5",
        "outdoor": "720.5",
        "service_village": "國豐里、明德里、新生里、新德里、忠誠里　",
        "capacity": "788.0",
        "area": "270"
      },
      "geometry": {
        "type": "Point",
        "coordinates": [
          121.537327595836,
          24.970702345164
        ]
      }
    },
    {
      "type": "Feature",
      "properties": {
        "city": "newtaipei",
        "id": "SF231-0019  ",
        "name": "北新國小",
        "address": "新北市新店區寶橋路8號",
        "type": "避難所",
        "flood": "是",
        "earthquake": "是",
        "debris_flow": "是",
        "tsunami": "否",
        "relief_station": "是",
        "accessible": "否",
        "indoor": "500.0",
        "outdoor": "611.0",
        "service_village": "大豐里、大同里、張北里、五峯里、忠誠里　",
        "capacity": "1111.0",
        "area": "2001"
      },
      "geometry": {
        "type": "Point",
        "coordinates": [
          121.543895379428,
          24.973708388849
        ]
      }
    },
    {
      "type": "Feature",
      "properties": {
        "city": "newtaipei",
        "id": "SF231-0020",
        "name": "大豐國小",
        "address": "新北市新店區民族路108號",
        "type": "避難所",
        "flood": "是",
        "earthquake": "是",
        "debris_flow": "是",
        "tsunami": "否",
        "relief_station": "是",
        "accessible": "否",
        "indoor": "1541.0",
        "outdoor": "1875.0",
        "service_village": "國豐里、明德里、大豐里、大同里、寶興里、信義里、忠孝里、大鵬里、百和里、建國里、復興里",
        "capacity": "3416.0",
        "area": "6164"
      },
      "geometry": {
        "type": "Point",
        "coordinates": [
          121.538205995009,
          24.977551994369
        ]
      }
    },
    {
      "type": "Feature",
      "properties": {
        "city": "newtaipei",
        "id": "SF231-0021",
        "name": "安坑國小",
        "address": "新北市新店區安忠路36號 ",
        "type": "避難所",
        "flood": "是",
        "earthquake": "是",
        "debris_flow": "是",
        "tsunami": "否",
        "relief_station": "否",
        "accessible": "否",
        "indoor": "218.2",
        "outdoor": "400.0",
        "service_village": "下城里、公崙里、德安里、日興里、玫瑰里、明城里、小城里、香坡里、安昌里、達觀里",
        "capacity": "618.2",
        "area": "873"
      },
      "geometry": {
        "type": "Point",
        "coordinates": [
          121.514157308971,
          24.96130141195
        ]
      }
    },
    {
      "type": "Feature",
      "properties": {
        "city": "newtaipei",
        "id": "SF231-0022",
        "name": "屈尺國小",
        "address": "新北市新店區屈尺路55號",
        "type": "避難所",
        "flood": "是",
        "earthquake": "是",
        "debris_flow": "是",
        "tsunami": "否",
        "relief_station": "是",
        "accessible": "否",
        "indoor": "88.2",
        "outdoor": "500.0",
        "service_village": "粗坑里、屈尺里、龜山里、廣興里　",
        "capacity": "588.2",
        "area": "353"
      },
      "geometry": {
        "type": "Point",
        "coordinates": [
          121.546273912092,
          24.922509586868
        ]
      }
    },
    {
      "type": "Feature",
      "properties": {
        "city": "newtaipei",
        "id": "SF231-0023",
        "name": "屈尺國小廣興分校",
        "address": "新北市新店區廣興路57號",
        "type": "避難所",
        "flood": "是",
        "earthquake": "是",
        "debris_flow": "是",
        "tsunami": "否",
        "relief_station": "否",
        "accessible": "否",
        "indoor": "37.5",
        "outdoor": "0.0",
        "service_village": "廣興里",
        "capacity": "37.5",
        "area": "150"
      },
      "geometry": {
        "type": "Point",
        "coordinates": [
          121.539551961021,
          24.912635998294
        ]
      }
    },
    {
      "type": "Feature",
      "properties": {
        "city": "newtaipei",
        "id": "SF231-0024",
        "name": "新和國小",
        "address": "新北市新店區安和路3段100號",
        "type": "避難所",
        "flood": "是",
        "earthquake": "是",
        "debris_flow": "是",
        "tsunami": "否",
        "relief_station": "是",
        "accessible": "否",
        "indoor": "78.7",
        "outdoor": "491.3",
        "service_village": "永安里、新和里、永平里",
        "capacity": "570.0",
        "area": "315"
      },
      "geometry": {
        "type": "Point",
        "coordinates": [
          121.518178107924,
          24.984615507994
        ]
      }
    },
    {
      "type": "Feature",
      "properties": {
        "city": "newtaipei",
        "id": "SF231-0025",
        "name": "新店國小",
        "address": "新北市新店區新店路2號",
        "type": "避難所",
        "flood": "是",
        "earthquake": "是",
        "debris_flow": "是",
        "tsunami": "否",
        "relief_station": "否",
        "accessible": "否",
        "indoor": "793.0",
        "outdoor": "588.3",
        "service_village": "新店里、國校里",
        "capacity": "1381.3",
        "area": "3172"
      },
      "geometry": {
        "type": "Point",
        "coordinates": [
          121.540227207141,
          24.9529094924
        ]
      }
    },
    {
      "type": "Feature",
      "properties": {
        "city": "newtaipei",
        "id": "SF231-0026  ",
        "name": "直潭國小",
        "address": "新北市新店區直潭路92號",
        "type": "避難所",
        "flood": "是",
        "earthquake": "是",
        "debris_flow": "是",
        "tsunami": "否",
        "relief_station": "是",
        "accessible": "否",
        "indoor": "40.0",
        "outdoor": "62.5",
        "service_village": "太平里、塗潭里、粗坑里、直潭里、青潭里、美城里、華城里",
        "capacity": "102.5",
        "area": "160"
      },
      "geometry": {
        "type": "Point",
        "coordinates": [
          121.530819008089,
          24.942165609876
        ]
      }
    },
    {
      "type": "Feature",
      "properties": {
        "city": "newtaipei",
        "id": "SF231-0027 ",
        "name": "雙城國小",
        "address": "新北市新店區安康路3段322號",
        "type": "避難所",
        "flood": "是",
        "earthquake": "是",
        "debris_flow": "是",
        "tsunami": "否",
        "relief_station": "是",
        "accessible": "否",
        "indoor": "180.0",
        "outdoor": "187.5",
        "service_village": "雙城里、日興里、玫瑰里、明城里、吉祥里、小城里、香坡里、長春里、達觀里",
        "capacity": "367.5",
        "area": "720"
      },
      "geometry": {
        "type": "Point",
        "coordinates": [
          121.486539524741,
          24.952070380073
        ]
      }
    },
    {
      "type": "Feature",
      "properties": {
        "city": "newtaipei",
        "id": "SF231-0028  ",
        "name": "雙峰國小",
        "address": "新北市新店區北宜路3段66號",
        "type": "避難所",
        "flood": "是",
        "earthquake": "是",
        "debris_flow": "是",
        "tsunami": "否",
        "relief_station": "是",
        "accessible": "否",
        "indoor": "87.7",
        "outdoor": "198.7",
        "service_village": "美潭里、員潭里、雙坑里",
        "capacity": "286.4",
        "area": "351"
      },
      "geometry": {
        "type": "Point",
        "coordinates": [
          121.575470092509,
          24.951450203057
        ]
      }
    },
    {
      "type": "Feature",
      "properties": {
        "city": "newtaipei",
        "id": "SF231-0029",
        "name": "龜山國小",
        "address": "新北市新店區新烏路3段99巷10號",
        "type": "避難所",
        "flood": "是",
        "earthquake": "是",
        "debris_flow": "是",
        "tsunami": "否",
        "relief_station": "否",
        "accessible": "否",
        "indoor": "11.7",
        "outdoor": "16.6",
        "service_village": "龜山里",
        "capacity": "28.3",
        "area": "47"
      },
      "geometry": {
        "type": "Point",
        "coordinates": [
          121.553213289731,
          24.902191685933
        ]
      }
    },
    {
      "type": "Feature",
      "properties": {
        "city": "newtaipei",
        "id": "SF231-0030",
        "name": "五峰國中",
        "address": "新北市新店區中興路1段253號",
        "type": "避難所",
        "flood": "是",
        "earthquake": "是",
        "debris_flow": "是",
        "tsunami": "否",
        "relief_station": "是",
        "accessible": "否",
        "indoor": "125.0",
        "outdoor": "542.5",
        "service_village": "中興里、新德里、張北里、五峯里、長春里",
        "capacity": "667.5",
        "area": "500"
      },
      "geometry": {
        "type": "Point",
        "coordinates": [
          121.543996129904,
          24.966374516937
        ]
      }
    },
    {
      "type": "Feature",
      "properties": {
        "city": "newtaipei",
        "id": "SF231-0031",
        "name": "文山國中",
        "address": "新北市新店區文中路38號",
        "type": "避難所",
        "flood": "是",
        "earthquake": "是",
        "debris_flow": "是",
        "tsunami": "否",
        "relief_station": "是",
        "accessible": "否",
        "indoor": "215.5",
        "outdoor": "556.8",
        "service_village": "新店里、張南里、國校里、文中里、廣明里、文明里、太平里、頂城里、美城里",
        "capacity": "772.3",
        "area": "862"
      },
      "geometry": {
        "type": "Point",
        "coordinates": [
          121.539151389869,
          24.956748487873
        ]
      }
    },
    {
      "type": "Feature",
      "properties": {
        "city": "newtaipei",
        "id": "SF231-0032  ",
        "name": "直潭派出所",
        "address": "新北市新店區直潭十街27號",
        "type": "避難所",
        "flood": "是",
        "earthquake": "是",
        "debris_flow": "是",
        "tsunami": "否",
        "relief_station": "否",
        "accessible": "否",
        "indoor": "50.0",
        "outdoor": "25.0",
        "service_village": "直潭里、青潭里、塗潭里",
        "capacity": "75.0",
        "area": "200"
      },
      "geometry": {
        "type": "Point",
        "coordinates": [
          121.532575856564,
          24.941686865734
        ]
      }
    },
    {
      "type": "Feature",
      "properties": {
        "city": "newtaipei",
        "id": "SF231-0035",
        "name": "廣興里辦公處",
        "address": "新北市新店區平廣路1段35巷3號",
        "type": "避難所",
        "flood": "否",
        "earthquake": "是",
        "debris_flow": "否",
        "tsunami": "否",
        "relief_station": "否",
        "accessible": "否",
        "indoor": "37.5",
        "outdoor": "0.0",
        "service_village": "廣興里",
        "capacity": "37.5",
        "area": "150"
      },
      "geometry": {
        "type": "Point",
        "coordinates": [
          121.534803026139,
          24.902413010086
        ]
      }
    },
    {
      "type": "Feature",
      "properties": {
        "city": "newtaipei",
        "id": "SF231-0036",
        "name": "達觀國中小",
        "address": "新北市新店區僑信路1號",
        "type": "避難所",
        "flood": "是",
        "earthquake": "否",
        "debris_flow": "是",
        "tsunami": "否",
        "relief_station": "否",
        "accessible": "否",
        "indoor": "30.0",
        "outdoor": "362.2",
        "service_village": "德安里、雙城里、玫瑰里、明城里、吉祥里、小城里、達觀里、日興里、安昌里",
        "capacity": "392.2",
        "area": "120"
      },
      "geometry": {
        "type": "Point",
        "coordinates": [
          121.500042770756,
          24.953850696308
        ]
      }
    },
    {
      "type": "Feature",
      "properties": {
        "city": "newtaipei",
        "id": "SF231-0037",
        "name": "太平防災公園",
        "address": "新北市新店區精忠路10-1號旁",
        "type": "避難所",
        "flood": "是",
        "earthquake": "是",
        "debris_flow": "是",
        "tsunami": "否",
        "relief_station": "否",
        "accessible": "否",
        "indoor": "0.0",
        "outdoor": "1875.0",
        "service_village": "太平里、美城里、頂城里、下城里、柴埕里、安和里、永安里、新和里、永平里、公崙里、安昌里、德安里、達觀里、明城里、小城里、雙城里、香坡里、日興里、玫瑰里、吉祥里、塗潭里、華城里、青潭里、員潭里、雙坑里、粗坑里、美潭里、屈尺里、龜山里、廣興里、直潭里",
        "capacity": "1875.0",
        "area": "0"
      },
      "geometry": {
        "type": "Point",
        "coordinates": [
          121.532728002189,
          24.959217000268
        ]
      }
    },
    {
      "type": "Feature",
      "properties": {
        "city": "newtaipei",
        "id": "SF231-0038",
        "name": "十四張歷史公園",
        "address": "新北市新店區央北二路及啟文路交叉路口",
        "type": "避難所",
        "flood": "是",
        "earthquake": "是",
        "debris_flow": "是",
        "tsunami": "是",
        "relief_station": "否",
        "accessible": "否",
        "indoor": "0.0",
        "outdoor": "502.0",
        "service_village": "新店里、張南里、國校里、文中里、新德里、廣明里、文明里、中興里、新生里、張北里、五峯里、長春里、新安里、忠誠里、中正里、中華里、仁愛里、建國里、百忍里、百和里、福德里、百福里、福民里、中山里、和平里、中央里、國豐里、明德里、大豐里、大同里、江陵里、復興里、寶興里、寶福里、寶安里、信義里、忠孝里、大鵬里",
        "capacity": "502.0",
        "area": "0"
      },
      "geometry": {
        "type": "Point",
        "coordinates": [
          121.527395323652,
          24.979301217124
        ]
      }
    },
    {
      "type": "Feature",
      "properties": {
        "city": "newtaipei",
        "id": "SF231-0039",
        "name": "柴埕市民活動中心",
        "address": "新北市新店區安民街79號",
        "type": "避難所",
        "flood": "是",
        "earthquake": "是",
        "debris_flow": "是",
        "tsunami": "是",
        "relief_station": "否",
        "accessible": "是",
        "indoor": "277.75",
        "outdoor": "82.875",
        "service_village": "柴埕里、安和里、下城里、公崙里、安昌里、德安里",
        "capacity": "360.625",
        "area": "1111"
      },
      "geometry": {
        "type": "Point",
        "coordinates": [
          121.5165700398,
          24.967379004214
        ]
      }
    },
    {
      "type": "Feature",
      "properties": {
        "city": "newtaipei",
        "id": "SF231-0040",
        "name": "日興市民活動中心",
        "address": "新北市新店區安康路3段580號",
        "type": "避難所",
        "flood": "是",
        "earthquake": "是",
        "debris_flow": "是",
        "tsunami": "是",
        "relief_station": "否",
        "accessible": "是",
        "indoor": "95.25",
        "outdoor": "16.875",
        "service_village": "日興里、香坡里、雙城里、德安里、玫瑰里、吉祥里",
        "capacity": "112.125",
        "area": "381"
      },
      "geometry": {
        "type": "Point",
        "coordinates": [
          121.481066132791,
          24.948725749986
        ]
      }
    },
    {
      "type": "Feature",
      "properties": {
        "city": "newtaipei",
        "id": "SF236-0001",
        "name": "清和市民 活動中心",
        "address": "新北市土城區青雲路368號1樓",
        "type": "避難所",
        "flood": "是",
        "earthquake": "是",
        "debris_flow": "是",
        "tsunami": "否",
        "relief_station": "是",
        "accessible": "是",
        "indoor": "30.0",
        "outdoor": "0.0",
        "service_village": "清和里 清化里",
        "capacity": "30.0",
        "area": "120"
      },
      "geometry": {
        "type": "Point",
        "coordinates": [
          121.458607000047,
          24.973838014982
        ]
      }
    },
    {
      "type": "Feature",
      "properties": {
        "city": "newtaipei",
        "id": "SF236-0002",
        "name": "清化市民 活動中心",
        "address": "新北市土城區青雲路368號4樓",
        "type": "避難所",
        "flood": "是",
        "earthquake": "否",
        "debris_flow": "是",
        "tsunami": "否",
        "relief_station": "是",
        "accessible": "否",
        "indoor": "30.0",
        "outdoor": "0.0",
        "service_village": "清化里 清和里",
        "capacity": "30.0",
        "area": "120"
      },
      "geometry": {
        "type": "Point",
        "coordinates": [
          121.458607000047,
          24.973838014982
        ]
      }
    },
    {
      "type": "Feature",
      "properties": {
        "city": "newtaipei",
        "id": "SF236-0003",
        "name": "青雲、柑林市民活動中心",
        "address": "新北市土城區清水路141巷18號B1",
        "type": "避難所",
        "flood": "否",
        "earthquake": "否",
        "debris_flow": "是",
        "tsunami": "否",
        "relief_station": "是",
        "accessible": "否",
        "indoor": "50.0",
        "outdoor": "0.0",
        "service_village": "青雲里 柑林里",
        "capacity": "50.0",
        "area": "200"
      },
      "geometry": {
        "type": "Point",
        "coordinates": [
          121.458426429074,
          24.982256228747
        ]
      }
    },
    {
      "type": "Feature",
      "properties": {
        "city": "newtaipei",
        "id": "SF236-0004",
        "name": "青山市民 活動中心",
        "address": "新北市土城區明德路1段74之1號1樓",
        "type": "避難所",
        "flood": "是",
        "earthquake": "是",
        "debris_flow": "是",
        "tsunami": "否",
        "relief_station": "是",
        "accessible": "是",
        "indoor": "18.0",
        "outdoor": "0.0",
        "service_village": "青山里 清水里\r\n清溪里 永富里",
        "capacity": "18.0",
        "area": "72"
      },
      "geometry": {
        "type": "Point",
        "coordinates": [
          121.464492018085,
          24.979944985816
        ]
      }
    },
    {
      "type": "Feature",
      "properties": {
        "city": "newtaipei",
        "id": "SF236-0005",
        "name": "永富市民 活動中心",
        "address": "新北市土城區明德路1段74之1號2樓",
        "type": "避難所",
        "flood": "是",
        "earthquake": "否",
        "debris_flow": "是",
        "tsunami": "否",
        "relief_station": "是",
        "accessible": "否",
        "indoor": "25.0",
        "outdoor": "0.0",
        "service_village": "清水里 永富里\r\n青山里",
        "capacity": "25.0",
        "area": "100"
      },
      "geometry": {
        "type": "Point",
        "coordinates": [
          121.464492018085,
          24.979944985816
        ]
      }
    },
    {
      "type": "Feature",
      "properties": {
        "city": "newtaipei",
        "id": "SF236-0006",
        "name": "廷寮市民 活動中心",
        "address": "新北市土城區永豐路240之1號",
        "type": "避難所",
        "flood": "是",
        "earthquake": "是",
        "debris_flow": "是",
        "tsunami": "是",
        "relief_station": "是",
        "accessible": "是",
        "indoor": "80.0",
        "outdoor": "0.0",
        "service_village": "廷寮里 永豐里\r\n金城里",
        "capacity": "80.0",
        "area": "320"
      },
      "geometry": {
        "type": "Point",
        "coordinates": [
          121.467375979511,
          24.980847004326
        ]
      }
    },
    {
      "type": "Feature",
      "properties": {
        "city": "newtaipei",
        "id": "SF236-0007",
        "name": "清水高中",
        "address": "新北市土城區明德路1段72號",
        "type": "避難所",
        "flood": "是",
        "earthquake": "是",
        "debris_flow": "是",
        "tsunami": "是",
        "relief_station": "是",
        "accessible": "是",
        "indoor": "1591.0",
        "outdoor": "450.0",
        "service_village": "永富里 永豐里\r\n金城里 清水里   \r\n清和里 清化里\r\n清溪里 峯廷里   \r\n平和里 廷寮里\r\n延壽里 安和里   \r\n延吉里 延和里\r\n青山里 延祿里",
        "capacity": "2041.0",
        "area": "6367"
      },
      "geometry": {
        "type": "Point",
        "coordinates": [
          121.465311516759,
          24.982013513791
        ]
      }
    },
    {
      "type": "Feature",
      "properties": {
        "city": "newtaipei",
        "id": "SF236-0008",
        "name": "中正國中",
        "address": "新北市土城區金城路2段247號",
        "type": "避難所",
        "flood": "是",
        "earthquake": "是",
        "debris_flow": "是",
        "tsunami": "是",
        "relief_station": "是",
        "accessible": "是",
        "indoor": "88.0",
        "outdoor": "583.0",
        "service_village": "中正里 柑林里   \r\n青雲里",
        "capacity": "671.0",
        "area": "353"
      },
      "geometry": {
        "type": "Point",
        "coordinates": [
          121.456842022695,
          24.983456290785
        ]
      }
    },
    {
      "type": "Feature",
      "properties": {
        "city": "newtaipei",
        "id": "SF236-0009",
        "name": "安和國小",
        "address": "新北市土城區延和路23號",
        "type": "避難所",
        "flood": "是",
        "earthquake": "是",
        "debris_flow": "是",
        "tsunami": "是",
        "relief_station": "是",
        "accessible": "是",
        "indoor": "2120.0",
        "outdoor": "173.0",
        "service_village": "安和里 延和里\r\n延壽里 平和里\r\n延祿里 峯廷里\r\n延吉里",
        "capacity": "2293.0",
        "area": "8482"
      },
      "geometry": {
        "type": "Point",
        "coordinates": [
          121.464774404403,
          24.988807213953
        ]
      }
    },
    {
      "type": "Feature",
      "properties": {
        "city": "newtaipei",
        "id": "SF236-0010",
        "name": "清水國小",
        "address": "新北市土城區金城路2段356號",
        "type": "避難所",
        "flood": "是",
        "earthquake": "是",
        "debris_flow": "是",
        "tsunami": "是",
        "relief_station": "是",
        "accessible": "是",
        "indoor": "225.0",
        "outdoor": "785.0",
        "service_village": "清溪里 柑林里\r\n永豐里 峯廷里\r\n平和里 廷寮里\r\n延壽里 安和里\r\n青雲里 延吉里\r\n延和里 金城里\r\n延祿里 ",
        "capacity": "1010.0",
        "area": "903"
      },
      "geometry": {
        "type": "Point",
        "coordinates": [
          121.461508395831,
          24.984401895192
        ]
      }
    },
    {
      "type": "Feature",
      "properties": {
        "city": "newtaipei",
        "id": "SF236-0011",
        "name": "土城區公所",
        "address": "新北市土城區金城路1段101號",
        "type": "避難所",
        "flood": "是",
        "earthquake": "否",
        "debris_flow": "是",
        "tsunami": "是",
        "relief_station": "是",
        "accessible": "是",
        "indoor": "50.0",
        "outdoor": "112.0",
        "service_village": "埤塘里 土城里\r\n員林里 員仁里   \r\n長風里 員福里 ",
        "capacity": "162.0",
        "area": "200"
      },
      "geometry": {
        "type": "Point",
        "coordinates": [
          121.44287299432,
          24.972533204114
        ]
      }
    },
    {
      "type": "Feature",
      "properties": {
        "city": "newtaipei",
        "id": "SF236-0012",
        "name": "廣福市民 活動中心",
        "address": "新北市土城區學府路1段99巷底1樓",
        "type": "避難所",
        "flood": "是",
        "earthquake": "是",
        "debris_flow": "是",
        "tsunami": "否",
        "relief_station": "是",
        "accessible": "是",
        "indoor": "50.0",
        "outdoor": "0.0",
        "service_village": "廣福里 埤林里\r\n瑞興里 復興里\r\n學成里 廣興里",
        "capacity": "50.0",
        "area": "200"
      },
      "geometry": {
        "type": "Point",
        "coordinates": [
          121.45623233998,
          24.987894271212
        ]
      }
    },
    {
      "type": "Feature",
      "properties": {
        "city": "newtaipei",
        "id": "SF236-0013",
        "name": "廣興市民 活動中心",
        "address": "新北市土城區學府路1段99巷底2樓",
        "type": "避難所",
        "flood": "是",
        "earthquake": "否",
        "debris_flow": "是",
        "tsunami": "否",
        "relief_station": "是",
        "accessible": "否",
        "indoor": "50.0",
        "outdoor": "0.0",
        "service_village": "廣興里 廣福里",
        "capacity": "50.0",
        "area": "200"
      },
      "geometry": {
        "type": "Point",
        "coordinates": [
          121.45623233998,
          24.987894271212
        ]
      }
    },
    {
      "type": "Feature",
      "properties": {
        "city": "newtaipei",
        "id": "SF236-0014",
        "name": "員林市民 活動中心",
        "address": "新北市土城區員林街15號1樓",
        "type": "避難所",
        "flood": "是",
        "earthquake": "是",
        "debris_flow": "是",
        "tsunami": "否",
        "relief_station": "是",
        "accessible": "是",
        "indoor": "35.0",
        "outdoor": "42.0",
        "service_village": "員林里 員福里\r\n埤塘里 土城里\r\n長風里 員信里",
        "capacity": "77.0",
        "area": "140"
      },
      "geometry": {
        "type": "Point",
        "coordinates": [
          121.442981959061,
          24.978281010398
        ]
      }
    },
    {
      "type": "Feature",
      "properties": {
        "city": "newtaipei",
        "id": "SF236-0015",
        "name": "新北高工",
        "address": "新北市土城區學府路1段241號",
        "type": "避難所",
        "flood": "是",
        "earthquake": "是",
        "debris_flow": "是",
        "tsunami": "是",
        "relief_station": "是",
        "accessible": "是",
        "indoor": "1029.0",
        "outdoor": "1551.0",
        "service_village": "學府里 明德里\r\n學士里 樂利里\r\n日新里 日和里\r\n貨饒里 裕生里\r\n中正里",
        "capacity": "2580.0",
        "area": "4118.94"
      },
      "geometry": {
        "type": "Point",
        "coordinates": [
          121.450380329718,
          24.983307512004
        ]
      }
    },
    {
      "type": "Feature",
      "properties": {
        "city": "newtaipei",
        "id": "SF236-0016",
        "name": "土城國小",
        "address": "新北市土城區興城路17號",
        "type": "避難所",
        "flood": "否",
        "earthquake": "是",
        "debris_flow": "是",
        "tsunami": "是",
        "relief_station": "是",
        "accessible": "是",
        "indoor": "288.0",
        "outdoor": "675.0",
        "service_village": "員仁里 土城里\r\n長風里 員信里\r\n埤塘里 大安里",
        "capacity": "963.0",
        "area": "1152"
      },
      "geometry": {
        "type": "Point",
        "coordinates": [
          121.441934807897,
          24.972382581314
        ]
      }
    },
    {
      "type": "Feature",
      "properties": {
        "city": "newtaipei",
        "id": "SF236-0017",
        "name": "廣福國小",
        "address": "新北市土城區學府路1段127號",
        "type": "避難所",
        "flood": "是",
        "earthquake": "是",
        "debris_flow": "是",
        "tsunami": "是",
        "relief_station": "是",
        "accessible": "是",
        "indoor": "127.0",
        "outdoor": "406.0",
        "service_village": "瑞興里 復興里\r\n埤林里 學成里\r\n日新里 貨饒里\r\n樂利里 廣福里\r\n學府里 裕生里\r\n中正里 學士里\r\n明德里 廣興里",
        "capacity": "533.0",
        "area": "510"
      },
      "geometry": {
        "type": "Point",
        "coordinates": [
          121.454895828597,
          24.986952801695
        ]
      }
    },
    {
      "type": "Feature",
      "properties": {
        "city": "newtaipei",
        "id": "SF236-0018",
        "name": "樂利國小",
        "address": "新北市土城區裕生路65號",
        "type": "避難所",
        "flood": "是",
        "earthquake": "是",
        "debris_flow": "是",
        "tsunami": "是",
        "relief_station": "是",
        "accessible": "是",
        "indoor": "193.0",
        "outdoor": "312.0",
        "service_village": "日新里 裕生里\r\n貨饒里 日和里\r\n埤林里 瑞興里\r\n樂利里 學府里\r\n復興里 學成里\r\n學士里 明德里",
        "capacity": "505.0",
        "area": "775"
      },
      "geometry": {
        "type": "Point",
        "coordinates": [
          121.447558981109,
          24.985602016088
        ]
      }
    },
    {
      "type": "Feature",
      "properties": {
        "city": "newtaipei",
        "id": "SF236-0019",
        "name": "裕德高中",
        "address": "新北市土城區擺接堡路1號",
        "type": "避難所",
        "flood": "否",
        "earthquake": "是",
        "debris_flow": "是",
        "tsunami": "是",
        "relief_station": "是",
        "accessible": "是",
        "indoor": "629.0",
        "outdoor": "355.0",
        "service_village": "日和里 員林里\r\n員福里",
        "capacity": "984.0",
        "area": "2519"
      },
      "geometry": {
        "type": "Point",
        "coordinates": [
          121.439584606066,
          24.98297709738
        ]
      }
    },
    {
      "type": "Feature",
      "properties": {
        "city": "newtaipei",
        "id": "SF236-0020",
        "name": "福瑞斯特\r\n高中",
        "address": "新北市土城區城林路2號",
        "type": "避難所",
        "flood": "否",
        "earthquake": "是",
        "debris_flow": "是",
        "tsunami": "是",
        "relief_station": "是",
        "accessible": "否",
        "indoor": "467.0",
        "outdoor": "937.0",
        "service_village": "員仁里 員信里",
        "capacity": "1404.0",
        "area": "1870"
      },
      "geometry": {
        "type": "Point",
        "coordinates": [
          121.437438000663,
          24.975626000657
        ]
      }
    },
    {
      "type": "Feature",
      "properties": {
        "city": "newtaipei",
        "id": "SF236-0021",
        "name": "永寧市民 活動中心",
        "address": "新北市土城區永寧路32巷10弄10號",
        "type": "避難所",
        "flood": "是",
        "earthquake": "否",
        "debris_flow": "是",
        "tsunami": "是",
        "relief_station": "是",
        "accessible": "是",
        "indoor": "30.0",
        "outdoor": "0.0",
        "service_village": "永寧里 大安里",
        "capacity": "30.0",
        "area": "120"
      },
      "geometry": {
        "type": "Point",
        "coordinates": [
          121.42919096231,
          24.961652990878
        ]
      }
    },
    {
      "type": "Feature",
      "properties": {
        "city": "newtaipei",
        "id": "SF236-0022",
        "name": "祖田市民 活動中心",
        "address": "新北市土城區中央路4段283之1號2樓",
        "type": "避難所",
        "flood": "否",
        "earthquake": "是",
        "debris_flow": "是",
        "tsunami": "是",
        "relief_station": "是",
        "accessible": "否",
        "indoor": "50.0",
        "outdoor": "0.0",
        "service_village": "祖田里 頂新里   \r\n頂福里",
        "capacity": "50.0",
        "area": "200"
      },
      "geometry": {
        "type": "Point",
        "coordinates": [
          121.411858024733,
          24.952911001143
        ]
      }
    },
    {
      "type": "Feature",
      "properties": {
        "city": "newtaipei",
        "id": "SF236-0023",
        "name": "沛陂市民 活動中心",
        "address": "新北市土城區三民路23巷8弄9號",
        "type": "避難所",
        "flood": "是",
        "earthquake": "是",
        "debris_flow": "是",
        "tsunami": "否",
        "relief_station": "是",
        "accessible": "是",
        "indoor": "50.0",
        "outdoor": "0.0",
        "service_village": "沛陂里 永寧里\r\n頂埔里",
        "capacity": "50.0",
        "area": "200"
      },
      "geometry": {
        "type": "Point",
        "coordinates": [
          121.419384973785,
          24.963592018449
        ]
      }
    },
    {
      "type": "Feature",
      "properties": {
        "city": "newtaipei",
        "id": "SF236-0024",
        "name": "頂埔市民 活動中心",
        "address": "新北市土城區中央路4段55之12號",
        "type": "避難所",
        "flood": "是",
        "earthquake": "是",
        "debris_flow": "是",
        "tsunami": "是",
        "relief_station": "是",
        "accessible": "是",
        "indoor": "60.0",
        "outdoor": "0.0",
        "service_village": "頂埔里 沛陂里   \r\n頂福里 頂新里   \r\n祖田里",
        "capacity": "60.0",
        "area": "240"
      },
      "geometry": {
        "type": "Point",
        "coordinates": [
          121.417677999203,
          24.958336020335
        ]
      }
    },
    {
      "type": "Feature",
      "properties": {
        "city": "newtaipei",
        "id": "SF236-0025",
        "name": "土城國中",
        "address": "新北市土城區永寧路18號",
        "type": "避難所",
        "flood": "是",
        "earthquake": "是",
        "debris_flow": "是",
        "tsunami": "是",
        "relief_station": "是",
        "accessible": "是",
        "indoor": "351.0",
        "outdoor": "603.0",
        "service_village": "大安里 永寧里   \r\n沛陂里",
        "capacity": "954.0",
        "area": "1406"
      },
      "geometry": {
        "type": "Point",
        "coordinates": [
          121.430171309705,
          24.962415408791
        ]
      }
    },
    {
      "type": "Feature",
      "properties": {
        "city": "newtaipei",
        "id": "SF236-0026",
        "name": "頂埔國小",
        "address": "新北市土城區中央路4段205號",
        "type": "避難所",
        "flood": "是",
        "earthquake": "是",
        "debris_flow": "是",
        "tsunami": "是",
        "relief_station": "是",
        "accessible": "是",
        "indoor": "197.0",
        "outdoor": "215.0",
        "service_village": "頂福里 頂埔里   \r\n頂新里 祖田里 ",
        "capacity": "412.0",
        "area": "788"
      },
      "geometry": {
        "type": "Point",
        "coordinates": [
          121.414331775817,
          24.956201107686
        ]
      }
    },
    {
      "type": "Feature",
      "properties": {
        "city": "newtaipei",
        "id": "SF236-0027",
        "name": "土城綜合 體育場    (防災公園)",
        "address": "新北市土城區裕民路193之1號",
        "type": "避難所",
        "flood": "否",
        "earthquake": "是",
        "debris_flow": "否",
        "tsunami": "否",
        "relief_station": "是",
        "accessible": "否",
        "indoor": "0.0",
        "outdoor": "899.0",
        "service_village": "青山里 清和里 清化里\r\n永豐里 永富里 金城里\r\n廷寮里 峯廷里 延吉里\r\n青雲里 清溪里 清水里\r\n安和里 延和里 延壽里\r\n平和里 延祿里 員仁里\r\n埤塘里 日和里 明德里\r\n學士里 瑞興里 復興里\r\n廣興里 員林里 員信里\r\n員福里 日新里 裕生里\r\n樂利里 廣福里 土城里\r\n學成里 埤林里 貨饒里\r\n柑林里 中正里 學府里\r\n長風里 頂埔里 祖田里\r\n頂新里 頂福里 沛陂里\r\n永寧里 大安里",
        "capacity": "899.0",
        "area": "0"
      },
      "geometry": {
        "type": "Point",
        "coordinates": [
          121.453727978027,
          24.984292008441
        ]
      }
    },
    {
      "type": "Feature",
      "properties": {
        "city": "newtaipei",
        "id": "SF236-0028",
        "name": "宏國德霖 科技大學",
        "address": "新北市土城區青雲路380巷1號",
        "type": "避難所",
        "flood": "是",
        "earthquake": "否",
        "debris_flow": "是",
        "tsunami": "否",
        "relief_station": "是",
        "accessible": "是",
        "indoor": "200.0",
        "outdoor": "70.0",
        "service_village": "清化里 清和里",
        "capacity": "270.0",
        "area": "800"
      },
      "geometry": {
        "type": "Point",
        "coordinates": [
          121.456437763505,
          24.973527214012
        ]
      }
    },
    {
      "type": "Feature",
      "properties": {
        "city": "newtaipei",
        "id": "SF247-0001",
        "name": "蘆洲區公所",
        "address": "新北市蘆洲區保和里三民路95號7樓",
        "type": "避難所",
        "flood": "是",
        "earthquake": "是",
        "debris_flow": "是",
        "tsunami": "是",
        "relief_station": "否",
        "accessible": "是",
        "indoor": "185.0",
        "outdoor": "0.0",
        "service_village": "光華里、保佑里、鷺江里、保和里、仁復里、得勝里、仁愛里、中華里、仁德里、福安里",
        "capacity": "185.0",
        "area": "740"
      },
      "geometry": {
        "type": "Point",
        "coordinates": [
          121.473906990827,
          25.084788010029
        ]
      }
    },
    {
      "type": "Feature",
      "properties": {
        "city": "newtaipei",
        "id": "SF247-0002",
        "name": "永平市民活動中心",
        "address": "新北市蘆洲區永樂里永平街1號4樓",
        "type": "避難所",
        "flood": "是",
        "earthquake": "是",
        "debris_flow": "是",
        "tsunami": "是",
        "relief_station": "否",
        "accessible": "否",
        "indoor": "151.0",
        "outdoor": "0.0",
        "service_village": "正義里、南港里、永樂里、永康里、光明里、長安里、成功里、永德里",
        "capacity": "151.0",
        "area": "604"
      },
      "geometry": {
        "type": "Point",
        "coordinates": [
          121.45917370052,
          25.09035858097
        ]
      }
    },
    {
      "type": "Feature",
      "properties": {
        "city": "newtaipei",
        "id": "SF247-0003",
        "name": "長安市民活動中心",
        "address": "新北市蘆洲區忠義里長安街96號4樓",
        "type": "避難所",
        "flood": "是",
        "earthquake": "是",
        "debris_flow": "是",
        "tsunami": "是",
        "relief_station": "否",
        "accessible": "否",
        "indoor": "124.0",
        "outdoor": "0.0",
        "service_village": "中路里、忠義里、九芎里、中華里、光明里、長安里、永安里、延平里",
        "capacity": "124.0",
        "area": "494"
      },
      "geometry": {
        "type": "Point",
        "coordinates": [
          121.461941991682,
          25.080692989324
        ]
      }
    },
    {
      "type": "Feature",
      "properties": {
        "city": "newtaipei",
        "id": "SF247-0004",
        "name": "重陽市民活動中心",
        "address": "新北市蘆洲區樓厝里集賢路221巷11號1樓",
        "type": "避難所",
        "flood": "是",
        "earthquake": "是",
        "debris_flow": "是",
        "tsunami": "是",
        "relief_station": "否",
        "accessible": "是",
        "indoor": "59.0",
        "outdoor": "0.0",
        "service_village": "樓厝里、信義里、玉清里、復興里",
        "capacity": "59.0",
        "area": "234.5"
      },
      "geometry": {
        "type": "Point",
        "coordinates": [
          121.483703004887,
          25.085717018268
        ]
      }
    },
    {
      "type": "Feature",
      "properties": {
        "city": "newtaipei",
        "id": "SF247-0005",
        "name": "民生市民活動中心",
        "address": "新北市蘆洲區得仁里民生街129巷14號1樓",
        "type": "避難所",
        "flood": "是",
        "earthquake": "是",
        "debris_flow": "是",
        "tsunami": "是",
        "relief_station": "否",
        "accessible": "否",
        "indoor": "21.0",
        "outdoor": "0.0",
        "service_village": "溪墘里、樹德里、得仁里、民和里",
        "capacity": "21.0",
        "area": "82.5"
      },
      "geometry": {
        "type": "Point",
        "coordinates": [
          121.47284802118,
          25.078371998425
        ]
      }
    },
    {
      "type": "Feature",
      "properties": {
        "city": "newtaipei",
        "id": "SF247-0006",
        "name": "水湳市民活動中心",
        "address": "新北市蘆洲區水湳里民族路426巷17號1樓",
        "type": "避難所",
        "flood": "是",
        "earthquake": "是",
        "debris_flow": "是",
        "tsunami": "是",
        "relief_station": "否",
        "accessible": "是",
        "indoor": "34.0",
        "outdoor": "0.0",
        "service_village": "水湳里、復興里、水河里、忠孝里",
        "capacity": "34.0",
        "area": "137"
      },
      "geometry": {
        "type": "Point",
        "coordinates": [
          121.473051030875,
          25.092723995956
        ]
      }
    },
    {
      "type": "Feature",
      "properties": {
        "city": "newtaipei",
        "id": "SF247-0008",
        "name": "得仁市民活動中心",
        "address": "新北市蘆洲區中山一路415號6樓",
        "type": "避難所",
        "flood": "否",
        "earthquake": "否",
        "debris_flow": "是",
        "tsunami": "否",
        "relief_station": "否",
        "accessible": "是",
        "indoor": "53.0",
        "outdoor": "0.0",
        "service_village": "中路里、得勝里、九芎里、得仁里、民和里、永安里、延平里",
        "capacity": "53.0",
        "area": "210"
      },
      "geometry": {
        "type": "Point",
        "coordinates": [
          121.468977258293,
          25.076747292223
        ]
      }
    },
    {
      "type": "Feature",
      "properties": {
        "city": "newtaipei",
        "id": "SF247-0009",
        "name": "財團法人新北市基督徒蘆洲禮拜堂",
        "address": "新北市蘆洲區仁德里三民路26巷71弄2號B1地下室",
        "type": "避難所",
        "flood": "否",
        "earthquake": "是",
        "debris_flow": "是",
        "tsunami": "是",
        "relief_station": "否",
        "accessible": "否",
        "indoor": "75.0",
        "outdoor": "0.0",
        "service_village": "樓厝里、恆德里、玉清里、仁德里、仁義里",
        "capacity": "75.0",
        "area": "300"
      },
      "geometry": {
        "type": "Point",
        "coordinates": [
          121.478633092439,
          25.083362475702
        ]
      }
    },
    {
      "type": "Feature",
      "properties": {
        "city": "newtaipei",
        "id": "SF247-0010",
        "name": "成功國小",
        "address": "新北市蘆洲區成功里長安街311號",
        "type": "避難所",
        "flood": "是",
        "earthquake": "否",
        "debris_flow": "是",
        "tsunami": "是",
        "relief_station": "是",
        "accessible": "否",
        "indoor": "143.0",
        "outdoor": "276.25",
        "service_village": "永樂里、永康里、忠義里、長安里、延平里、成功里、永德里",
        "capacity": "419.25",
        "area": "570"
      },
      "geometry": {
        "type": "Point",
        "coordinates": [
          121.457458260216,
          25.085672594181
        ]
      }
    },
    {
      "type": "Feature",
      "properties": {
        "city": "newtaipei",
        "id": "SF247-0011",
        "name": "鷺江國中 ",
        "address": "新北市蘆洲區正義里長樂路235號",
        "type": "避難所",
        "flood": "是",
        "earthquake": "是",
        "debris_flow": "是",
        "tsunami": "是",
        "relief_station": "是",
        "accessible": "是",
        "indoor": "71.0",
        "outdoor": "587.5",
        "service_village": "正義里、南港里、永樂里、保新里",
        "capacity": "658.5",
        "area": "282"
      },
      "geometry": {
        "type": "Point",
        "coordinates": [
          121.461969400505,
          25.090265290388
        ]
      }
    },
    {
      "type": "Feature",
      "properties": {
        "city": "newtaipei",
        "id": "SF247-0012",
        "name": "三民高中 ",
        "address": "新北市蘆洲區保和里三民路96號",
        "type": "避難所",
        "flood": "是",
        "earthquake": "是",
        "debris_flow": "是",
        "tsunami": "是",
        "relief_station": "是",
        "accessible": "否",
        "indoor": "4807.0",
        "outdoor": "204.0",
        "service_village": "保佑里、鷺江里、保和里、信義里、水河里、仁愛里、忠義里、忠孝里、福安里、永安里",
        "capacity": "5011.0",
        "area": "19229"
      },
      "geometry": {
        "type": "Point",
        "coordinates": [
          121.472325828612,
          25.086633998475
        ]
      }
    },
    {
      "type": "Feature",
      "properties": {
        "city": "newtaipei",
        "id": "SF247-0013",
        "name": "蘆洲國中",
        "address": "新北市蘆洲區中原里中正路265號",
        "type": "避難所",
        "flood": "否",
        "earthquake": "否",
        "debris_flow": "是",
        "tsunami": "否",
        "relief_station": "是",
        "accessible": "否",
        "indoor": "675.0",
        "outdoor": "437.5",
        "service_village": "中原里、中路里、光華里、保佑里、永康里、九芎里、光明里、成功里、永德里",
        "capacity": "1112.5",
        "area": "2700"
      },
      "geometry": {
        "type": "Point",
        "coordinates": [
          121.467154026715,
          25.0874369848
        ]
      }
    },
    {
      "type": "Feature",
      "properties": {
        "city": "newtaipei",
        "id": "SF247-0014",
        "name": "仁愛國小",
        "address": "新北市蘆洲區水湳里民族路488號",
        "type": "避難所",
        "flood": "否",
        "earthquake": "否",
        "debris_flow": "是",
        "tsunami": "否",
        "relief_station": "是",
        "accessible": "否",
        "indoor": "65.0",
        "outdoor": "433.125",
        "service_village": "水湳里、復興里、水河里、仁愛里、保新里、忠孝里",
        "capacity": "498.125",
        "area": "260"
      },
      "geometry": {
        "type": "Point",
        "coordinates": [
          121.470993106007,
          25.091454514811
        ]
      }
    },
    {
      "type": "Feature",
      "properties": {
        "city": "newtaipei",
        "id": "SF247-0015",
        "name": "忠義國小",
        "address": "新北市蘆洲區正義里光榮路99號",
        "type": "避難所",
        "flood": "否",
        "earthquake": "是",
        "debris_flow": "是",
        "tsunami": "是",
        "relief_station": "是",
        "accessible": "否",
        "indoor": "478.0",
        "outdoor": "479.0",
        "service_village": "正義里、中原里、南港里、保新里",
        "capacity": "957.0",
        "area": "1912"
      },
      "geometry": {
        "type": "Point",
        "coordinates": [
          121.463853819977,
          25.089298395947
        ]
      }
    },
    {
      "type": "Feature",
      "properties": {
        "city": "newtaipei",
        "id": "SF247-0016",
        "name": "鷺江國小",
        "address": "新北市蘆洲區鷺江里民族路7號",
        "type": "避難所",
        "flood": "是",
        "earthquake": "是",
        "debris_flow": "是",
        "tsunami": "是",
        "relief_station": "是",
        "accessible": "否",
        "indoor": "333.0",
        "outdoor": "605.75",
        "service_village": "樓厝里、鷺江里、仁復里、信義里、仁德里、仁義里、福安里",
        "capacity": "938.75",
        "area": "1330"
      },
      "geometry": {
        "type": "Point",
        "coordinates": [
          121.476126015874,
          25.084346996194
        ]
      }
    },
    {
      "type": "Feature",
      "properties": {
        "city": "newtaipei",
        "id": "SF247-0017",
        "name": "蘆洲國小",
        "address": "新北市蘆洲區保和里中正路100號",
        "type": "避難所",
        "flood": "是",
        "earthquake": "是",
        "debris_flow": "是",
        "tsunami": "是",
        "relief_station": "是",
        "accessible": "是",
        "indoor": "497.0",
        "outdoor": "1406.25",
        "service_village": "中原里、光華里、保和里、仁復里、得勝里、中華里",
        "capacity": "1903.25",
        "area": "1986"
      },
      "geometry": {
        "type": "Point",
        "coordinates": [
          121.470015608459,
          25.084050193002
        ]
      }
    },
    {
      "type": "Feature",
      "properties": {
        "city": "newtaipei",
        "id": "SF247-0018",
        "name": "徐匯中學",
        "address": "新北市蘆洲區溪漧里中山一路1號",
        "type": "避難所",
        "flood": "是",
        "earthquake": "是",
        "debris_flow": "是",
        "tsunami": "是",
        "relief_station": "是",
        "accessible": "否",
        "indoor": "238.0",
        "outdoor": "600.0",
        "service_village": "恆德里、溪墘里、樹德里",
        "capacity": "838.0",
        "area": "953"
      },
      "geometry": {
        "type": "Point",
        "coordinates": [
          121.479965514261,
          25.080319701266
        ]
      }
    },
    {
      "type": "Feature",
      "properties": {
        "city": "newtaipei",
        "id": "SF247-0019",
        "name": "永安兒童公園市民活動中心",
        "address": "新北市蘆洲區恆德里永安北路二段42之6號1樓",
        "type": "避難所",
        "flood": "是",
        "earthquake": "是",
        "debris_flow": "是",
        "tsunami": "是",
        "relief_station": "否",
        "accessible": "否",
        "indoor": "22.0",
        "outdoor": "0.0",
        "service_village": "恆德里、玉清里、仁義里",
        "capacity": "22.0",
        "area": "87"
      },
      "geometry": {
        "type": "Point",
        "coordinates": [
          121.481723031719,
          25.081343005915
        ]
      }
    },
    {
      "type": "Feature",
      "properties": {
        "city": "newtaipei",
        "id": "SF247-0020",
        "name": "溪墘湧蓮市民活動中心 ",
        "address": "新北市蘆洲區溪墘里信義路65號1樓",
        "type": "避難所",
        "flood": "是",
        "earthquake": "是",
        "debris_flow": "是",
        "tsunami": "是",
        "relief_station": "否",
        "accessible": "否",
        "indoor": "51.0",
        "outdoor": "0.0",
        "service_village": "溪墘里、樹德里、得仁里、民和里",
        "capacity": "51.0",
        "area": "203"
      },
      "geometry": {
        "type": "Point",
        "coordinates": [
          121.476050578745,
          25.07957228696
        ]
      }
    },
    {
      "type": "Feature",
      "properties": {
        "city": "newtaipei",
        "id": "SF247-0021",
        "name": "蘆洲柳堤防災公園",
        "address": "新北市蘆洲區光榮路及長樂路口",
        "type": "避難所",
        "flood": "是",
        "earthquake": "是",
        "debris_flow": "是",
        "tsunami": "是",
        "relief_station": "否",
        "accessible": "是",
        "indoor": "0.0",
        "outdoor": "200.0",
        "service_village": "正義里、南港里、永樂里、永康里、成功里",
        "capacity": "200.0",
        "area": "0"
      },
      "geometry": {
        "type": "Point",
        "coordinates": [
          121.462505351961,
          25.088575845496
        ]
      }
    },
    {
      "type": "Feature",
      "properties": {
        "city": "newtaipei",
        "id": "SF247-0022",
        "name": "仁愛市民活動中心",
        "address": "新北市蘆洲區水湳里民權路143號1樓",
        "type": "避難所",
        "flood": "是",
        "earthquake": "是",
        "debris_flow": "是",
        "tsunami": "是",
        "relief_station": "否",
        "accessible": "是",
        "indoor": "167.0",
        "outdoor": "0.0",
        "service_village": "水湳里、水河里、保佑里、保新里、忠孝里、仁愛里",
        "capacity": "167.0",
        "area": "667"
      },
      "geometry": {
        "type": "Point",
        "coordinates": [
          121.471279096543,
          25.091017314741
        ]
      }
    },
    {
      "type": "Feature",
      "properties": {
        "city": "newtaipei",
        "id": "SF238-0001",
        "name": "樹林區公所",
        "address": "新北市樹林區樹東里鎮前街93號",
        "type": "避難所",
        "flood": "是",
        "earthquake": "是",
        "debris_flow": "否",
        "tsunami": "否",
        "relief_station": "否",
        "accessible": "是",
        "indoor": "215.0",
        "outdoor": "0.0",
        "service_village": "保安里、樹德里、樹西里、樹東里、圳福里、樹福里、文林里",
        "capacity": "215.0",
        "area": "863"
      },
      "geometry": {
        "type": "Point",
        "coordinates": [
          121.424518973299,
          24.989947990975
        ]
      }
    },
    {
      "type": "Feature",
      "properties": {
        "city": "newtaipei",
        "id": "SF238-0002",
        "name": "樹林高中",
        "address": "新北市樹林區和平里中華路8號",
        "type": "避難所",
        "flood": "是",
        "earthquake": "是",
        "debris_flow": "否",
        "tsunami": "否",
        "relief_station": "是",
        "accessible": "是",
        "indoor": "1143.0",
        "outdoor": "2149.0",
        "service_village": "樹東里、大同里、和平里、彭厝里、彭福里、樹北里、彭興里",
        "capacity": "3292.0",
        "area": "4574"
      },
      "geometry": {
        "type": "Point",
        "coordinates": [
          121.422443027339,
          24.983030993018
        ]
      }
    },
    {
      "type": "Feature",
      "properties": {
        "city": "newtaipei",
        "id": "SF238-0003",
        "name": "柑園國中",
        "address": "新北市樹林區柑園里柑園街2段125號",
        "type": "避難所",
        "flood": "是",
        "earthquake": "是",
        "debris_flow": "否",
        "tsunami": "否",
        "relief_station": "是",
        "accessible": "是",
        "indoor": "310.0",
        "outdoor": "772.0",
        "service_village": "東園里、西園里、南園里、北園里、柑園里",
        "capacity": "1082.0",
        "area": "1241"
      },
      "geometry": {
        "type": "Point",
        "coordinates": [
          121.384208892185,
          24.954462910515
        ]
      }
    },
    {
      "type": "Feature",
      "properties": {
        "city": "newtaipei",
        "id": "SF238-0004",
        "name": "文林國小",
        "address": "新北市樹林區潭底里千歲街59號",
        "type": "避難所",
        "flood": "是",
        "earthquake": "是",
        "debris_flow": "否",
        "tsunami": "否",
        "relief_station": "是",
        "accessible": "是",
        "indoor": "1176.0",
        "outdoor": "563.0",
        "service_village": "圳安里、保安里、潭底里、圳福里、文林里、圳民里",
        "capacity": "1739.0",
        "area": "4705"
      },
      "geometry": {
        "type": "Point",
        "coordinates": [
          121.426032996469,
          24.997471000532
        ]
      }
    },
    {
      "type": "Feature",
      "properties": {
        "city": "newtaipei",
        "id": "SF238-0005",
        "name": "樹林國小",
        "address": "新北市樹林區樹西里育英街176號",
        "type": "避難所",
        "flood": "是",
        "earthquake": "是",
        "debris_flow": "否",
        "tsunami": "否",
        "relief_station": "是",
        "accessible": "是",
        "indoor": "488.0",
        "outdoor": "674.0",
        "service_village": "保安里、潭底里、樹德里、樹西里、樹人里、坡內里、樹興里、樹福里、文林里、育英里",
        "capacity": "1162.0",
        "area": "1955"
      },
      "geometry": {
        "type": "Point",
        "coordinates": [
          121.417829460193,
          24.989426720417
        ]
      }
    },
    {
      "type": "Feature",
      "properties": {
        "city": "newtaipei",
        "id": "SF238-0006",
        "name": "武林國小",
        "address": "新北市樹林區金寮里保安街2段151號",
        "type": "避難所",
        "flood": "是",
        "earthquake": "是",
        "debris_flow": "否",
        "tsunami": "否",
        "relief_station": "是",
        "accessible": "是",
        "indoor": "653.0",
        "outdoor": "413.0",
        "service_village": "三多里、三福里、三興里、圳安里、潭底里、獇寮里、光興里、金寮里",
        "capacity": "1066.0",
        "area": "2612"
      },
      "geometry": {
        "type": "Point",
        "coordinates": [
          121.41536258227,
          25.001645691228
        ]
      }
    },
    {
      "type": "Feature",
      "properties": {
        "city": "newtaipei",
        "id": "SF238-0007",
        "name": "大同國小",
        "address": "新北市樹林區大同里大同街43號",
        "type": "避難所",
        "flood": "是",
        "earthquake": "是",
        "debris_flow": "否",
        "tsunami": "否",
        "relief_station": "是",
        "accessible": "是",
        "indoor": "555.0",
        "outdoor": "915.0",
        "service_village": "大同里、彭厝里、和平里、彭福里、東陽里、彭興里、中華里、太順里",
        "capacity": "1470.0",
        "area": "2220"
      },
      "geometry": {
        "type": "Point",
        "coordinates": [
          121.418217600911,
          24.982572448853
        ]
      }
    },
    {
      "type": "Feature",
      "properties": {
        "city": "newtaipei",
        "id": "SF238-0008",
        "name": "山佳國小",
        "address": "新北市樹林區山佳里中山路3段5號",
        "type": "避難所",
        "flood": "是",
        "earthquake": "是",
        "debris_flow": "是",
        "tsunami": "否",
        "relief_station": "是",
        "accessible": "是",
        "indoor": "248.0",
        "outdoor": "406.0",
        "service_village": "東山里、山佳里",
        "capacity": "654.0",
        "area": "995"
      },
      "geometry": {
        "type": "Point",
        "coordinates": [
          121.392246969693,
          24.972448002069
        ]
      }
    },
    {
      "type": "Feature",
      "properties": {
        "city": "newtaipei",
        "id": "SF238-0009",
        "name": "三多國小",
        "address": "新北市樹林區三福里三福街52號",
        "type": "避難所",
        "flood": "是",
        "earthquake": "是",
        "debris_flow": "否",
        "tsunami": "否",
        "relief_station": "是",
        "accessible": "是",
        "indoor": "267.0",
        "outdoor": "572.0",
        "service_village": "三多里、三福里、三興里、獇寮里、光興里、金寮里、圳生里、三龍里",
        "capacity": "839.0",
        "area": "1071"
      },
      "geometry": {
        "type": "Point",
        "coordinates": [
          121.40643652594,
          25.016363894109
        ]
      }
    },
    {
      "type": "Feature",
      "properties": {
        "city": "newtaipei",
        "id": "SF238-0010",
        "name": "育德國小",
        "address": "新北市樹林區中山里佳園路1段34號",
        "type": "避難所",
        "flood": "是",
        "earthquake": "是",
        "debris_flow": "否",
        "tsunami": "否",
        "relief_station": "是",
        "accessible": "是",
        "indoor": "260.0",
        "outdoor": "525.0",
        "service_village": "樂山里、山佳里、中山里",
        "capacity": "785.0",
        "area": "1040"
      },
      "geometry": {
        "type": "Point",
        "coordinates": [
          121.392501863368,
          24.970893913401
        ]
      }
    },
    {
      "type": "Feature",
      "properties": {
        "city": "newtaipei",
        "id": "SF238-0011",
        "name": "柑園國小",
        "address": "新北市樹林區柑園里柑園街1段353號",
        "type": "避難所",
        "flood": "是",
        "earthquake": "是",
        "debris_flow": "否",
        "tsunami": "否",
        "relief_station": "是",
        "accessible": "是",
        "indoor": "263.0",
        "outdoor": "362.0",
        "service_village": "東園里、西園里、南園里、北園里、柑園里",
        "capacity": "625.0",
        "area": "1055"
      },
      "geometry": {
        "type": "Point",
        "coordinates": [
          121.389475828684,
          24.955668689197
        ]
      }
    },
    {
      "type": "Feature",
      "properties": {
        "city": "newtaipei",
        "id": "SF238-0012",
        "name": "彭福國小",
        "address": "新北市樹林區和平里忠孝街30號",
        "type": "避難所",
        "flood": "是",
        "earthquake": "是",
        "debris_flow": "否",
        "tsunami": "否",
        "relief_station": "是",
        "accessible": "是",
        "indoor": "52.0",
        "outdoor": "157.0",
        "service_village": "和平里、彭厝里、彭福里、彭興里、太順里",
        "capacity": "209.0",
        "area": "210"
      },
      "geometry": {
        "type": "Point",
        "coordinates": [
          121.423440389998,
          24.981930910136
        ]
      }
    },
    {
      "type": "Feature",
      "properties": {
        "city": "newtaipei",
        "id": "SF238-0013",
        "name": "育林國小",
        "address": "新北市樹林區樹南里復興路395號",
        "type": "避難所",
        "flood": "是",
        "earthquake": "是",
        "debris_flow": "是",
        "tsunami": "否",
        "relief_station": "是",
        "accessible": "是",
        "indoor": "97.0",
        "outdoor": "81.0",
        "service_village": "樹南里、樹人里、坡內里、東昇里、育英里、樹興里",
        "capacity": "178.0",
        "area": "389"
      },
      "geometry": {
        "type": "Point",
        "coordinates": [
          121.415669359926,
          24.985766804305
        ]
      }
    },
    {
      "type": "Feature",
      "properties": {
        "city": "newtaipei",
        "id": "SF238-0014",
        "name": "育林國中",
        "address": "新北市樹林區樹南里復興路395號",
        "type": "避難所",
        "flood": "是",
        "earthquake": "是",
        "debris_flow": "否",
        "tsunami": "否",
        "relief_station": "是",
        "accessible": "是",
        "indoor": "102.0",
        "outdoor": "525.0",
        "service_village": "樹南里、樹人里、坡內里、東昇里、育英里、樹興里",
        "capacity": "627.0",
        "area": "408"
      },
      "geometry": {
        "type": "Point",
        "coordinates": [
          121.415669359926,
          24.985766804305
        ]
      }
    },
    {
      "type": "Feature",
      "properties": {
        "city": "newtaipei",
        "id": "SF238-0015",
        "name": "三多國中",
        "address": "新北市樹林區獇寮里三多路101號",
        "type": "避難所",
        "flood": "是",
        "earthquake": "是",
        "debris_flow": "否",
        "tsunami": "否",
        "relief_station": "是",
        "accessible": "是",
        "indoor": "182.0",
        "outdoor": "730.0",
        "service_village": "三多里、三福里、三興里、圳安里、獇寮里、光興里、金寮里、圳民里、圳生里、三龍里",
        "capacity": "912.0",
        "area": "729"
      },
      "geometry": {
        "type": "Point",
        "coordinates": [
          121.414679289523,
          25.007074105091
        ]
      }
    },
    {
      "type": "Feature",
      "properties": {
        "city": "newtaipei",
        "id": "SF238-0016",
        "name": "桃子腳國中小",
        "address": "新北市樹林區南園里學勤路555號",
        "type": "避難所",
        "flood": "是",
        "earthquake": "是",
        "debris_flow": "否",
        "tsunami": "否",
        "relief_station": "是",
        "accessible": "是",
        "indoor": "210.0",
        "outdoor": "750.0",
        "service_village": "東園里、西園里、南園里、北園里、柑園里",
        "capacity": "960.0",
        "area": "840"
      },
      "geometry": {
        "type": "Point",
        "coordinates": [
          121.382828476551,
          24.949025611835
        ]
      }
    },
    {
      "type": "Feature",
      "properties": {
        "city": "newtaipei",
        "id": "SF238-0017",
        "name": "三多市民活動中心",
        "address": "新北市樹林區三福里福與街17號1樓",
        "type": "避難所",
        "flood": "是",
        "earthquake": "是",
        "debris_flow": "是",
        "tsunami": "否",
        "relief_station": "是",
        "accessible": "是",
        "indoor": "125.0",
        "outdoor": "0.0",
        "service_village": "三福里、三多里、三龍里、三興里",
        "capacity": "125.0",
        "area": "500"
      },
      "geometry": {
        "type": "Point",
        "coordinates": [
          121.424658,
          24.989851
        ]
      }
    },
    {
      "type": "Feature",
      "properties": {
        "city": "newtaipei",
        "id": "SF238-0019",
        "name": "東陽市民活動中心",
        "address": "新北市樹林區東陽里鎮前街467號",
        "type": "避難所",
        "flood": "是",
        "earthquake": "是",
        "debris_flow": "是",
        "tsunami": "否",
        "relief_station": "是",
        "accessible": "是",
        "indoor": "78.0",
        "outdoor": "0.0",
        "service_village": "樹德里、樹西里、樹東里、樹北里、東山里、東陽里、圳福里、中華里、太順里",
        "capacity": "78.0",
        "area": "315"
      },
      "geometry": {
        "type": "Point",
        "coordinates": [
          121.412604014116,
          24.982187983106
        ]
      }
    },
    {
      "type": "Feature",
      "properties": {
        "city": "newtaipei",
        "id": "SF238-0020",
        "name": "樂山市民活動中心",
        "address": "新北市樹林區樂山里中和街38號2樓",
        "type": "避難所",
        "flood": "是",
        "earthquake": "是",
        "debris_flow": "是",
        "tsunami": "否",
        "relief_station": "是",
        "accessible": "是",
        "indoor": "61.0",
        "outdoor": "0.0",
        "service_village": "樂山里、中山里",
        "capacity": "61.0",
        "area": "245"
      },
      "geometry": {
        "type": "Point",
        "coordinates": [
          121.38985787583,
          24.973637016943
        ]
      }
    },
    {
      "type": "Feature",
      "properties": {
        "city": "newtaipei",
        "id": "SF238-0021",
        "name": "樹林體育場",
        "address": "新北市樹林區樹東里水源街81號",
        "type": "避難所",
        "flood": "是",
        "earthquake": "是",
        "debris_flow": "是",
        "tsunami": "否",
        "relief_station": "否",
        "accessible": "是",
        "indoor": "0.0",
        "outdoor": "1093.0",
        "service_village": "保安里、樹德里、樹西里、樹東里、圳福里、樹福里、文林里",
        "capacity": "1093.0",
        "area": "0"
      },
      "geometry": {
        "type": "Point",
        "coordinates": [
          121.425713310682,
          24.982387388583
        ]
      }
    },
    {
      "type": "Feature",
      "properties": {
        "city": "newtaipei",
        "id": "SF238-0022",
        "name": "山佳市民活動中心",
        "address": "新北市樹林區山佳里新興街3-3號",
        "type": "避難所",
        "flood": "是",
        "earthquake": "否",
        "debris_flow": "是",
        "tsunami": "否",
        "relief_station": "是",
        "accessible": "是",
        "indoor": "124.0",
        "outdoor": "0.0",
        "service_village": "東山里、樂山里、山佳里、中山里",
        "capacity": "124.0",
        "area": "499"
      },
      "geometry": {
        "type": "Point",
        "coordinates": [
          121.400259230938,
          24.974002216465
        ]
      }
    },
    {
      "type": "Feature",
      "properties": {
        "city": "newtaipei",
        "id": "SF221-0001",
        "name": "汐止區公所行政中心",
        "address": "行政中心11樓禮堂",
        "type": "避難所",
        "flood": "是",
        "earthquake": "是",
        "debris_flow": "是",
        "tsunami": "是",
        "relief_station": "否",
        "accessible": "100",
        "indoor": "18.0",
        "outdoor": "632.0",
        "service_village": "徐延平",
        "capacity": "650.0",
        "area": "75"
      },
      "geometry": {
        "type": "Point",
        "coordinates": [
          108.359026,
          21.702337601
        ]
      }
    },
    {
      "type": "Feature",
      "properties": {
        "city": "newtaipei",
        "id": "SF221-0002",
        "name": "東方科學園區",
        "address": "園區1樓",
        "type": "避難所",
        "flood": "是",
        "earthquake": "是",
        "debris_flow": "是",
        "tsunami": "否",
        "relief_station": "是",
        "accessible": "100",
        "indoor": "250.0",
        "outdoor": "2000.0",
        "service_village": "徐延平",
        "capacity": "2250.0",
        "area": "1000"
      },
      "geometry": {
        "type": "Point",
        "coordinates": [
          0.0,
          0.0
        ]
      }
    },
    {
      "type": "Feature",
      "properties": {
        "city": "newtaipei",
        "id": "SF221-0003",
        "name": "崇德橋東市民活動中心",
        "address": "活動中心1樓",
        "type": "避難所",
        "flood": "是",
        "earthquake": "是",
        "debris_flow": "是",
        "tsunami": "否",
        "relief_station": "是",
        "accessible": "100",
        "indoor": "50.0",
        "outdoor": "403.0",
        "service_village": "徐延平",
        "capacity": "453.0",
        "area": "200"
      },
      "geometry": {
        "type": "Point",
        "coordinates": [
          120.504131,
          22.8110417
        ]
      }
    },
    {
      "type": "Feature",
      "properties": {
        "city": "newtaipei",
        "id": "SF221-0004",
        "name": "康福市民活動中心",
        "address": "活動中心1樓",
        "type": "避難所",
        "flood": "是",
        "earthquake": "是",
        "debris_flow": "是",
        "tsunami": "否",
        "relief_station": "是",
        "accessible": "100",
        "indoor": "70.0",
        "outdoor": "563.0",
        "service_village": "徐延平",
        "capacity": "633.0",
        "area": "280"
      },
      "geometry": {
        "type": "Point",
        "coordinates": [
          120.504131,
          22.8110417
        ]
      }
    },
    {
      "type": "Feature",
      "properties": {
        "city": "newtaipei",
        "id": "SF221-0005",
        "name": "橫科市民活動中心",
        "address": "活動中心1樓",
        "type": "避難所",
        "flood": "是",
        "earthquake": "是",
        "debris_flow": "是",
        "tsunami": "是",
        "relief_station": "是",
        "accessible": "74",
        "indoor": "36.0",
        "outdoor": "296.0",
        "service_village": "徐延平",
        "capacity": "332.0",
        "area": "146"
      },
      "geometry": {
        "type": "Point",
        "coordinates": [
          120.504131,
          22.8110417
        ]
      }
    },
    {
      "type": "Feature",
      "properties": {
        "city": "newtaipei",
        "id": "SF221-0007",
        "name": "厚德山光市民活動中心",
        "address": "活動中心2樓",
        "type": "避難所",
        "flood": "是",
        "earthquake": "是",
        "debris_flow": "是",
        "tsunami": "否",
        "relief_station": "是",
        "accessible": "100",
        "indoor": "112.0",
        "outdoor": "909.0",
        "service_village": "徐延平",
        "capacity": "1021.0",
        "area": "450"
      },
      "geometry": {
        "type": "Point",
        "coordinates": [
          120.504131,
          22.8110417
        ]
      }
    },
    {
      "type": "Feature",
      "properties": {
        "city": "newtaipei",
        "id": "SF221-0008",
        "name": "翠柏新村安養中心-服務大樓",
        "address": "服務大樓5樓禮堂",
        "type": "避難所",
        "flood": "是",
        "earthquake": "是",
        "debris_flow": "是",
        "tsunami": "否",
        "relief_station": "是",
        "accessible": "100",
        "indoor": "101.0",
        "outdoor": "812.0",
        "service_village": "徐延平",
        "capacity": "913.0",
        "area": "406"
      },
      "geometry": {
        "type": "Point",
        "coordinates": [
          0.0,
          0.0
        ]
      }
    },
    {
      "type": "Feature",
      "properties": {
        "city": "newtaipei",
        "id": "SF221-0009",
        "name": "青山國中小",
        "address": "體育館",
        "type": "避難所",
        "flood": "是",
        "earthquake": "是",
        "debris_flow": "是",
        "tsunami": "否",
        "relief_station": "是",
        "accessible": "600",
        "indoor": "258.0",
        "outdoor": "2071.0",
        "service_village": "徐延平",
        "capacity": "2329.0",
        "area": "1035"
      },
      "geometry": {
        "type": "Point",
        "coordinates": [
          120.8296889,
          24.5718219
        ]
      }
    },
    {
      "type": "Feature",
      "properties": {
        "city": "newtaipei",
        "id": "SF221-00011",
        "name": "崇德國小",
        "address": "禮堂-崇光樓1樓及\r\n會議室-螢光樓4樓\r\n",
        "type": "避難所",
        "flood": "是",
        "earthquake": "是",
        "debris_flow": "是",
        "tsunami": "否",
        "relief_station": "是",
        "accessible": "400",
        "indoor": "212.0",
        "outdoor": "1700.0",
        "service_village": "徐延平",
        "capacity": "1912.0",
        "area": "850"
      },
      "geometry": {
        "type": "Point",
        "coordinates": [
          0.0,
          0.0
        ]
      }
    },
    {
      "type": "Feature",
      "properties": {
        "city": "newtaipei",
        "id": "SF221-00012",
        "name": "樟樹國小",
        "address": "勵學樓5樓綜合教室",
        "type": "避難所",
        "flood": "是",
        "earthquake": "是",
        "debris_flow": "是",
        "tsunami": "否",
        "relief_station": "是",
        "accessible": "600",
        "indoor": "60.0",
        "outdoor": "480.0",
        "service_village": "徐延平",
        "capacity": "540.0",
        "area": "240"
      },
      "geometry": {
        "type": "Point",
        "coordinates": [
          0.0,
          0.0
        ]
      }
    },
    {
      "type": "Feature",
      "properties": {
        "city": "newtaipei",
        "id": "SF221-00013",
        "name": "汐止國小",
        "address": "勤學堂2樓",
        "type": "避難所",
        "flood": "是",
        "earthquake": "是",
        "debris_flow": "是",
        "tsunami": "否",
        "relief_station": "是",
        "accessible": "600",
        "indoor": "98.0",
        "outdoor": "790.0",
        "service_village": "徐延平",
        "capacity": "888.0",
        "area": "395"
      },
      "geometry": {
        "type": "Point",
        "coordinates": [
          0.0,
          0.0
        ]
      }
    },
    {
      "type": "Feature",
      "properties": {
        "city": "newtaipei",
        "id": "SF221-00014",
        "name": "白雲國小",
        "address": "明心樓1F故事屋",
        "type": "避難所",
        "flood": "是",
        "earthquake": "是",
        "debris_flow": "是",
        "tsunami": "否",
        "relief_station": "是",
        "accessible": "199",
        "indoor": "52.0",
        "outdoor": "422.0",
        "service_village": "徐延平",
        "capacity": "474.0",
        "area": "210"
      },
      "geometry": {
        "type": "Point",
        "coordinates": [
          0.0,
          0.0
        ]
      }
    },
    {
      "type": "Feature",
      "properties": {
        "city": "newtaipei",
        "id": "SF221-00015",
        "name": "汐止國中",
        "address": "教學大樓7樓教室",
        "type": "避難所",
        "flood": "是",
        "earthquake": "是",
        "debris_flow": "是",
        "tsunami": "否",
        "relief_station": "是",
        "accessible": "166",
        "indoor": "155.0",
        "outdoor": "1242.0",
        "service_village": "徐延平",
        "capacity": "1397.0",
        "area": "620"
      },
      "geometry": {
        "type": "Point",
        "coordinates": [
          114.2399329,
          22.271742
        ]
      }
    },
    {
      "type": "Feature",
      "properties": {
        "city": "newtaipei",
        "id": "SF221-00016",
        "name": "秀峰高中",
        "address": "體育館1樓",
        "type": "避難所",
        "flood": "是",
        "earthquake": "是",
        "debris_flow": "是",
        "tsunami": "否",
        "relief_station": "是",
        "accessible": "202",
        "indoor": "802.0",
        "outdoor": "6425.0",
        "service_village": "徐延平",
        "capacity": "7227.0",
        "area": "3210"
      },
      "geometry": {
        "type": "Point",
        "coordinates": [
          120.8296889,
          24.5718219
        ]
      }
    },
    {
      "type": "Feature",
      "properties": {
        "city": "newtaipei",
        "id": "SF221-00017",
        "name": "北港國小",
        "address": "新大樓5樓活動中心",
        "type": "避難所",
        "flood": "是",
        "earthquake": "是",
        "debris_flow": "是",
        "tsunami": "否",
        "relief_station": "是",
        "accessible": "600",
        "indoor": "155.0",
        "outdoor": "1249.0",
        "service_village": "徐延平",
        "capacity": "1404.0",
        "area": "622"
      },
      "geometry": {
        "type": "Point",
        "coordinates": [
          0.0,
          0.0
        ]
      }
    },
    {
      "type": "Feature",
      "properties": {
        "city": "newtaipei",
        "id": "SF221-00018",
        "name": "樟樹國際實創中學",
        "address": "信義樓5樓",
        "type": "避難所",
        "flood": "是",
        "earthquake": "是",
        "debris_flow": "是",
        "tsunami": "否",
        "relief_station": "是",
        "accessible": "600",
        "indoor": "34.0",
        "outdoor": "275.0",
        "service_village": "徐延平",
        "capacity": "309.0",
        "area": "136"
      },
      "geometry": {
        "type": "Point",
        "coordinates": [
          114.172581,
          22.3135757
        ]
      }
    },
    {
      "type": "Feature",
      "properties": {
        "city": "newtaipei",
        "id": "SF221-00019",
        "name": "秀峰國小",
        "address": "一樓多功能教室",
        "type": "避難所",
        "flood": "是",
        "earthquake": "是",
        "debris_flow": "是",
        "tsunami": "否",
        "relief_station": "是",
        "accessible": "576",
        "indoor": "38.0",
        "outdoor": "306.0",
        "service_village": "徐延平",
        "capacity": "344.0",
        "area": "153"
      },
      "geometry": {
        "type": "Point",
        "coordinates": [
          104.825875595325,
          29.377487189528
        ]
      }
    },
    {
      "type": "Feature",
      "properties": {
        "city": "newtaipei",
        "id": "SF221-00020",
        "name": "長安國小",
        "address": "五守樓地下室",
        "type": "避難所",
        "flood": "是",
        "earthquake": "是",
        "debris_flow": "是",
        "tsunami": "否",
        "relief_station": "是",
        "accessible": "600",
        "indoor": "111.0",
        "outdoor": "889.0",
        "service_village": "徐延平",
        "capacity": "1000.0",
        "area": "444"
      },
      "geometry": {
        "type": "Point",
        "coordinates": [
          0.0,
          0.0
        ]
      }
    },
    {
      "type": "Feature",
      "properties": {
        "city": "newtaipei",
        "id": "SF221-00021",
        "name": "保長國小",
        "address": "綠意樓四樓-樂活館",
        "type": "避難所",
        "flood": "是",
        "earthquake": "是",
        "debris_flow": "是",
        "tsunami": "否",
        "relief_station": "是",
        "accessible": "312",
        "indoor": "99.0",
        "outdoor": "794.0",
        "service_village": "徐延平",
        "capacity": "893.0",
        "area": "396"
      },
      "geometry": {
        "type": "Point",
        "coordinates": [
          0.0,
          0.0
        ]
      }
    },
    {
      "type": "Feature",
      "properties": {
        "city": "newtaipei",
        "id": "SF221-00022",
        "name": "北峰國小",
        "address": "體育館2樓",
        "type": "避難所",
        "flood": "是",
        "earthquake": "是",
        "debris_flow": "是",
        "tsunami": "否",
        "relief_station": "是",
        "accessible": "600",
        "indoor": "560.0",
        "outdoor": "4483.0",
        "service_village": "徐延平",
        "capacity": "5043.0",
        "area": "2240"
      },
      "geometry": {
        "type": "Point",
        "coordinates": [
          120.8296889,
          24.5718219
        ]
      }
    },
    {
      "type": "Feature",
      "properties": {
        "city": "newtaipei",
        "id": "SF221-00023",
        "name": "東山國小",
        "address": "小禮堂-勤學樓2樓",
        "type": "避難所",
        "flood": "是",
        "earthquake": "是",
        "debris_flow": "是",
        "tsunami": "否",
        "relief_station": "是",
        "accessible": "82",
        "indoor": "10.0",
        "outdoor": "80.0",
        "service_village": "徐延平",
        "capacity": "90.0",
        "area": "40"
      },
      "geometry": {
        "type": "Point",
        "coordinates": [
          0.0,
          0.0
        ]
      }
    },
    {
      "type": "Feature",
      "properties": {
        "city": "newtaipei",
        "id": "SF221-00024",
        "name": "汐止綜合運動場(防災公園)",
        "address": 0,
        "type": "避難所",
        "flood": "否",
        "earthquake": "否",
        "debris_flow": "是",
        "tsunami": "是",
        "relief_station": "否",
        "accessible": "500",
        "indoor": "0.0",
        "outdoor": "0.0",
        "service_village": "徐延平",
        "capacity": "0.0",
        "area": "0"
      },
      "geometry": {
        "type": "Point",
        "coordinates": [
          100.773934968,
          18.776095736
        ]
      }
    },
    {
      "type": "Feature",
      "properties": {
        "city": "newtaipei",
        "id": "SF221-00025",
        "name": "忠山市民活動中心",
        "address": "1樓",
        "type": "避難所",
        "flood": "是",
        "earthquake": "是",
        "debris_flow": "是",
        "tsunami": "是",
        "relief_station": "是",
        "accessible": "230",
        "indoor": "46.0",
        "outdoor": "469.51",
        "service_village": "徐延平",
        "capacity": "515.51",
        "area": "184"
      },
      "geometry": {
        "type": "Point",
        "coordinates": [
          0.0,
          0.0
        ]
      }
    },
    {
      "type": "Feature",
      "properties": {
        "city": "newtaipei",
        "id": "SF221-00026",
        "name": "王母救世宮",
        "address": "1樓",
        "type": "避難所",
        "flood": "是",
        "earthquake": "是",
        "debris_flow": "是",
        "tsunami": "否",
        "relief_station": "是",
        "accessible": "20",
        "indoor": "0.0",
        "outdoor": "0.0",
        "service_village": "徐延平",
        "capacity": "0.0",
        "area": "0"
      },
      "geometry": {
        "type": "Point",
        "coordinates": [
          0.0,
          0.0
        ]
      }
    },
    {
      "type": "Feature",
      "properties": {
        "city": "newtaipei",
        "id": "SF239-0002",
        "name": "北鶯市民活動中心",
        "address": "新北市鶯歌區仁愛路55號",
        "type": "避難所",
        "flood": "是",
        "earthquake": "是",
        "debris_flow": "是",
        "tsunami": "是",
        "relief_station": "是",
        "accessible": "是",
        "indoor": "37.0",
        "outdoor": "0.0",
        "service_village": "鶯歌區\r\n(該地區所包含之每一里別)",
        "capacity": "37.0",
        "area": "150"
      },
      "geometry": {
        "type": "Point",
        "coordinates": [
          121.354367975776,
          24.955862981712
        ]
      }
    },
    {
      "type": "Feature",
      "properties": {
        "city": "newtaipei",
        "id": "SF239-0003",
        "name": "西鶯市民活動中心",
        "address": "新北市鶯歌區中正一路203號",
        "type": "避難所",
        "flood": "是",
        "earthquake": "是",
        "debris_flow": "是",
        "tsunami": "是",
        "relief_station": "是",
        "accessible": "是",
        "indoor": "207.0",
        "outdoor": "0.0",
        "service_village": "鶯歌區\r\n(該地區所包含之每一里別)",
        "capacity": "207.0",
        "area": "829"
      },
      "geometry": {
        "type": "Point",
        "coordinates": [
          121.353554009159,
          24.957221981584
        ]
      }
    },
    {
      "type": "Feature",
      "properties": {
        "city": "newtaipei",
        "id": "SF239-0005",
        "name": "中湖市民活動中心",
        "address": "新北市鶯歌區中湖街25號",
        "type": "避難所",
        "flood": "是",
        "earthquake": "是",
        "debris_flow": "是",
        "tsunami": "是",
        "relief_station": "是",
        "accessible": "是",
        "indoor": "119.0",
        "outdoor": "0.0",
        "service_village": "中湖里、大湖里、鳳鳴里、鳳祥里、鳳福里、東湖里",
        "capacity": "119.0",
        "area": "478"
      },
      "geometry": {
        "type": "Point",
        "coordinates": [
          121.34809839602,
          24.972981007291
        ]
      }
    },
    {
      "type": "Feature",
      "properties": {
        "city": "newtaipei",
        "id": "SF239-0006",
        "name": "新北市立尖山國民中學",
        "address": "新北市鶯歌區國中街1號",
        "type": "避難所",
        "flood": "是",
        "earthquake": "是",
        "debris_flow": "是",
        "tsunami": "是",
        "relief_station": "是",
        "accessible": "是",
        "indoor": "110.0",
        "outdoor": "202.0",
        "service_village": "尖山里、南靖里",
        "capacity": "312.0",
        "area": "441"
      },
      "geometry": {
        "type": "Point",
        "coordinates": [
          121.342149004965,
          24.943286983736
        ]
      }
    },
    {
      "type": "Feature",
      "properties": {
        "city": "newtaipei",
        "id": "SF239-0007",
        "name": "新北市立鳳鳴國民中學",
        "address": "新北市鶯歌區永和街33號",
        "type": "避難所",
        "flood": "是",
        "earthquake": "是",
        "debris_flow": "是",
        "tsunami": "是",
        "relief_station": "是",
        "accessible": "是",
        "indoor": "179.0",
        "outdoor": "812.0",
        "service_village": "鳳鳴里、鳳福里.鳳祥里、大湖里",
        "capacity": "991.0",
        "area": "719"
      },
      "geometry": {
        "type": "Point",
        "coordinates": [
          121.331768772254,
          24.967072980929
        ]
      }
    },
    {
      "type": "Feature",
      "properties": {
        "city": "newtaipei",
        "id": "SF239-0008",
        "name": "新北市立鶯歌國民中學",
        "address": "新北市鶯歌區尖山埔路108號",
        "type": "避難所",
        "flood": "是",
        "earthquake": "是",
        "debris_flow": "是",
        "tsunami": "是",
        "relief_station": "是",
        "accessible": "是",
        "indoor": "726.0",
        "outdoor": "962.0",
        "service_village": "建德里、中鷹里、北鷹里、同慶里、東鶯里、永昌里",
        "capacity": "1688.0",
        "area": "2905.18"
      },
      "geometry": {
        "type": "Point",
        "coordinates": [
          121.344744964198,
          24.950421994995
        ]
      }
    },
    {
      "type": "Feature",
      "properties": {
        "city": "newtaipei",
        "id": "SF239-0009",
        "name": "新北市立鶯歌高級工商職業學校",
        "address": "新北市鶯歌區中正三路154號",
        "type": "避難所",
        "flood": "是",
        "earthquake": "是",
        "debris_flow": "是",
        "tsunami": "是",
        "relief_station": "是",
        "accessible": "是",
        "indoor": "959.0",
        "outdoor": "555.0",
        "service_village": "二橋里",
        "capacity": "1514.0",
        "area": "3836.92"
      },
      "geometry": {
        "type": "Point",
        "coordinates": [
          121.335003181051,
          24.939284792607
        ]
      }
    },
    {
      "type": "Feature",
      "properties": {
        "city": "newtaipei",
        "id": "SF239-0010",
        "name": "新北市鶯歌區中湖國民小學",
        "address": "新北市鶯歌區中湖街25號",
        "type": "避難所",
        "flood": "是",
        "earthquake": "是",
        "debris_flow": "是",
        "tsunami": "是",
        "relief_station": "是",
        "accessible": "是",
        "indoor": "185.0",
        "outdoor": "314.0",
        "service_village": "中湖里、東湖里",
        "capacity": "499.0",
        "area": "742"
      },
      "geometry": {
        "type": "Point",
        "coordinates": [
          121.34809839602,
          24.972981007291
        ]
      }
    },
    {
      "type": "Feature",
      "properties": {
        "city": "newtaipei",
        "id": "SF239-0011",
        "name": "新北市鶯歌區二橋國民小學",
        "address": "新北市鶯歌區中正三路106號",
        "type": "避難所",
        "flood": "是",
        "earthquake": "是",
        "debris_flow": "是",
        "tsunami": "是",
        "relief_station": "是",
        "accessible": "是",
        "indoor": "602.0",
        "outdoor": "770.0",
        "service_village": "二甲里、二橋里",
        "capacity": "1372.0",
        "area": "2409"
      },
      "geometry": {
        "type": "Point",
        "coordinates": [
          121.337631410611,
          24.940872283159
        ]
      }
    },
    {
      "type": "Feature",
      "properties": {
        "city": "newtaipei",
        "id": "SF239-0012",
        "name": "新北市鶯歌區建國國民小學",
        "address": "新北市鶯歌區育英街2號",
        "type": "避難所",
        "flood": "是",
        "earthquake": "是",
        "debris_flow": "是",
        "tsunami": "是",
        "relief_station": "是",
        "accessible": "是",
        "indoor": "160.0",
        "outdoor": "400.0",
        "service_village": "建國里、西鶯里、南鶯里'中鶯里",
        "capacity": "560.0",
        "area": "640"
      },
      "geometry": {
        "type": "Point",
        "coordinates": [
          121.346579762803,
          24.954965405611
        ]
      }
    },
    {
      "type": "Feature",
      "properties": {
        "city": "newtaipei",
        "id": "SF239-0013",
        "name": "新北市鶯歌區昌福國民小學",
        "address": "新北市鶯歌區永明街22號",
        "type": "避難所",
        "flood": "是",
        "earthquake": "是",
        "debris_flow": "是",
        "tsunami": "是",
        "relief_station": "是",
        "accessible": "是",
        "indoor": "270.0",
        "outdoor": "795.0",
        "service_village": "永昌里、同慶里",
        "capacity": "1065.0",
        "area": "1082"
      },
      "geometry": {
        "type": "Point",
        "coordinates": [
          121.33916202995,
          24.955643794944
        ]
      }
    },
    {
      "type": "Feature",
      "properties": {
        "city": "newtaipei",
        "id": "SF239-0014",
        "name": "新北市鶯歌區永吉國民小學",
        "address": "新北市鶯歌區德昌二街2號",
        "type": "避難所",
        "flood": "是",
        "earthquake": "是",
        "debris_flow": "是",
        "tsunami": "是",
        "relief_station": "是",
        "accessible": "是",
        "indoor": "1980.0",
        "outdoor": "117.0",
        "service_village": "永吉里、鳳祥里",
        "capacity": "2097.0",
        "area": "7921"
      },
      "geometry": {
        "type": "Point",
        "coordinates": [
          121.332912902037,
          24.958766305334
        ]
      }
    },
    {
      "type": "Feature",
      "properties": {
        "city": "newtaipei",
        "id": "SF239-0015",
        "name": "新北市鶯歌區鳳鳴國民小學",
        "address": "新北市鶯歌區永和街120號",
        "type": "避難所",
        "flood": "是",
        "earthquake": "是",
        "debris_flow": "是",
        "tsunami": "是",
        "relief_station": "是",
        "accessible": "是",
        "indoor": "182.0",
        "outdoor": "310.0",
        "service_village": "鳳鳴里、大湖里、鳳福里、鳳祥里",
        "capacity": "492.0",
        "area": "730"
      },
      "geometry": {
        "type": "Point",
        "coordinates": [
          121.335052885737,
          24.969139497247
        ]
      }
    },
    {
      "type": "Feature",
      "properties": {
        "city": "newtaipei",
        "id": "SF239-0016",
        "name": "新北市鶯歌區鶯歌國民小學",
        "address": "新北市鶯歌區尖山埔路106號",
        "type": "避難所",
        "flood": "是",
        "earthquake": "是",
        "debris_flow": "是",
        "tsunami": "是",
        "relief_station": "是",
        "accessible": "是",
        "indoor": "1425.0",
        "outdoor": "825.0",
        "service_village": "建德里、中鶯里、北鶯里、同慶里、東鶯里、永昌里",
        "capacity": "2250.0",
        "area": "5700"
      },
      "geometry": {
        "type": "Point",
        "coordinates": [
          121.345763868348,
          24.951181185875
        ]
      }
    },
    {
      "type": "Feature",
      "properties": {
        "city": "newtaipei",
        "id": "SF237-0001",
        "name": "有木國小",
        "address": "新北市三峽區有木里有木里131號",
        "type": "避難所",
        "flood": "是",
        "earthquake": "是",
        "debris_flow": "是",
        "tsunami": "是",
        "relief_station": "是",
        "accessible": "是",
        "indoor": "50.0",
        "outdoor": "600.0",
        "service_village": "有木里",
        "capacity": "650.0",
        "area": "200"
      },
      "geometry": {
        "type": "Point",
        "coordinates": [
          121.434789,
          24.862905
        ]
      }
    },
    {
      "type": "Feature",
      "properties": {
        "city": "newtaipei",
        "id": "SF237-0002",
        "name": "長青市民活動中心",
        "address": "新北市三峽區永館里中山路69號",
        "type": "避難所",
        "flood": "是",
        "earthquake": "是",
        "debris_flow": "是",
        "tsunami": "是",
        "relief_station": "是",
        "accessible": "是",
        "indoor": "166.0",
        "outdoor": "0.0",
        "service_village": "三峽里、秀川里、八張里、弘道里、中埔里、永館里、鳶山里",
        "capacity": "166.0",
        "area": "666"
      },
      "geometry": {
        "type": "Point",
        "coordinates": [
          121.367063038688,
          24.934870002295
        ]
      }
    },
    {
      "type": "Feature",
      "properties": {
        "city": "newtaipei",
        "id": "SF237-0003",
        "name": "竹崙市民活動中心",
        "address": "新北市三峽區竹崙里竹崙146號",
        "type": "避難所",
        "flood": "是",
        "earthquake": "是",
        "debris_flow": "是",
        "tsunami": "是",
        "relief_station": "是",
        "accessible": "是",
        "indoor": "94.0",
        "outdoor": "0.0",
        "service_village": "竹崙里",
        "capacity": "94.0",
        "area": "377"
      },
      "geometry": {
        "type": "Point",
        "coordinates": [
          121.432019,
          24.922184
        ]
      }
    },
    {
      "type": "Feature",
      "properties": {
        "city": "newtaipei",
        "id": "SF237-0004",
        "name": "建安國小",
        "address": "新北市三峽區安坑里建安67號",
        "type": "避難所",
        "flood": "是",
        "earthquake": "是",
        "debris_flow": "是",
        "tsunami": "是",
        "relief_station": "是",
        "accessible": "是",
        "indoor": "135.0",
        "outdoor": "215.0",
        "service_village": "安坑里、成福里",
        "capacity": "350.0",
        "area": "540"
      },
      "geometry": {
        "type": "Point",
        "coordinates": [
          121.453415,
          24.924731
        ]
      }
    },
    {
      "type": "Feature",
      "properties": {
        "city": "newtaipei",
        "id": "SF237-0005",
        "name": "大有市民活動中心",
        "address": "新北市三峽區插角里插角25之1號",
        "type": "避難所",
        "flood": "是",
        "earthquake": "是",
        "debris_flow": "是",
        "tsunami": "是",
        "relief_station": "是",
        "accessible": "是",
        "indoor": "148.0",
        "outdoor": "0.0",
        "service_village": "有木里、插角里",
        "capacity": "148.0",
        "area": "592"
      },
      "geometry": {
        "type": "Point",
        "coordinates": [
          121.405466,
          24.869603
        ]
      }
    },
    {
      "type": "Feature",
      "properties": {
        "city": "newtaipei",
        "id": "SF237-0006",
        "name": "五寮市民活動中心",
        "address": "新北市三峽區五寮里五寮路89之7號",
        "type": "避難所",
        "flood": "是",
        "earthquake": "是",
        "debris_flow": "是",
        "tsunami": "是",
        "relief_station": "是",
        "accessible": "是",
        "indoor": "137.0",
        "outdoor": "0.0",
        "service_village": "五寮里",
        "capacity": "137.0",
        "area": "550"
      },
      "geometry": {
        "type": "Point",
        "coordinates": [
          121.35795,
          24.857919
        ]
      }
    },
    {
      "type": "Feature",
      "properties": {
        "city": "newtaipei",
        "id": "SF237-0007",
        "name": "明德高級中學",
        "address": "新北市三峽區大埔里中正路2段399號",
        "type": "避難所",
        "flood": "是",
        "earthquake": "是",
        "debris_flow": "是",
        "tsunami": "是",
        "relief_station": "是",
        "accessible": "是",
        "indoor": "431.0",
        "outdoor": "750.0",
        "service_village": "二鬮里、大埔里、添福里、金圳里、五寮里",
        "capacity": "1181.0",
        "area": "1727"
      },
      "geometry": {
        "type": "Point",
        "coordinates": [
          121.36391001817,
          24.906933412378
        ]
      }
    },
    {
      "type": "Feature",
      "properties": {
        "city": "newtaipei",
        "id": "SF237-0008",
        "name": "成福國小",
        "address": "新北市三峽區溪東里溪東路213號",
        "type": "避難所",
        "flood": "是",
        "earthquake": "是",
        "debris_flow": "是",
        "tsunami": "是",
        "relief_station": "是",
        "accessible": "否",
        "indoor": "50.0",
        "outdoor": "62.0",
        "service_village": "溪東里、溪南里、溪北里、成福里、安坑里",
        "capacity": "112.0",
        "area": "200"
      },
      "geometry": {
        "type": "Point",
        "coordinates": [
          121.405688692539,
          24.933202380749
        ]
      }
    },
    {
      "type": "Feature",
      "properties": {
        "city": "newtaipei",
        "id": "SF237-0009",
        "name": "台北榮家",
        "address": "新北市三峽區嘉添里白雞127號",
        "type": "避難所",
        "flood": "是",
        "earthquake": "是",
        "debris_flow": "是",
        "tsunami": "是",
        "relief_station": "是",
        "accessible": "否",
        "indoor": "555.0",
        "outdoor": "62.0",
        "service_village": "添福里、嘉添里、竹崙里",
        "capacity": "617.0",
        "area": "2220"
      },
      "geometry": {
        "type": "Point",
        "coordinates": [
          121.401914,
          24.906017
        ]
      }
    },
    {
      "type": "Feature",
      "properties": {
        "city": "newtaipei",
        "id": "SF237-0010",
        "name": "三峽國小",
        "address": "新北市三峽區永館里中山路16號",
        "type": "避難所",
        "flood": "是",
        "earthquake": "是",
        "debris_flow": "是",
        "tsunami": "是",
        "relief_station": "是",
        "accessible": "是",
        "indoor": "467.0",
        "outdoor": "816.0",
        "service_village": "永館里、秀川里、鳶山里、三峽里、八張里、中埔里、弘道里",
        "capacity": "1283.0",
        "area": "1869"
      },
      "geometry": {
        "type": "Point",
        "coordinates": [
          121.369650113103,
          24.934533301245
        ]
      }
    },
    {
      "type": "Feature",
      "properties": {
        "city": "newtaipei",
        "id": "SF237-0011",
        "name": "中園國小",
        "address": "新北市三峽區中埔里弘園街22號",
        "type": "避難所",
        "flood": "是",
        "earthquake": "是",
        "debris_flow": "是",
        "tsunami": "是",
        "relief_station": "是",
        "accessible": "是",
        "indoor": "142.0",
        "outdoor": "619.0",
        "service_village": "中埔里、弘道里、八張里、三峽里",
        "capacity": "761.0",
        "area": "570"
      },
      "geometry": {
        "type": "Point",
        "coordinates": [
          121.367193964015,
          24.927836998798
        ]
      }
    },
    {
      "type": "Feature",
      "properties": {
        "city": "newtaipei",
        "id": "SF237-0012",
        "name": "介壽國小",
        "address": "新北市三峽區介壽里大同路1號",
        "type": "避難所",
        "flood": "是",
        "earthquake": "是",
        "debris_flow": "是",
        "tsunami": "是",
        "relief_station": "是",
        "accessible": "是",
        "indoor": "48.0",
        "outdoor": "102.0",
        "service_village": "礁溪里、介壽里、中正里、溪南里、溪北里、安溪里、溪東里",
        "capacity": "150.0",
        "area": "192"
      },
      "geometry": {
        "type": "Point",
        "coordinates": [
          121.378520513595,
          24.92982870663
        ]
      }
    },
    {
      "type": "Feature",
      "properties": {
        "city": "newtaipei",
        "id": "SF237-0013",
        "name": "大埔國小",
        "address": "新北市三峽區大埔里大埔路130號",
        "type": "避難所",
        "flood": "是",
        "earthquake": "是",
        "debris_flow": "是",
        "tsunami": "是",
        "relief_station": "是",
        "accessible": "是",
        "indoor": "141.0",
        "outdoor": "508.0",
        "service_village": "五寮里、大埔里、金圳里、二鬮里、插角里、有木里",
        "capacity": "649.0",
        "area": "564"
      },
      "geometry": {
        "type": "Point",
        "coordinates": [
          121.366464403163,
          24.905743098308
        ]
      }
    },
    {
      "type": "Feature",
      "properties": {
        "city": "newtaipei",
        "id": "SF237-0014",
        "name": "大成國小",
        "address": "新北市三峽區成福里成福路251巷2號",
        "type": "避難所",
        "flood": "是",
        "earthquake": "是",
        "debris_flow": "是",
        "tsunami": "是",
        "relief_station": "是",
        "accessible": "是",
        "indoor": "61.0",
        "outdoor": "258.0",
        "service_village": "竹崙里、成福里、溪東里、安坑里",
        "capacity": "319.0",
        "area": "244"
      },
      "geometry": {
        "type": "Point",
        "coordinates": [
          121.427504020476,
          24.924211993313
        ]
      }
    },
    {
      "type": "Feature",
      "properties": {
        "city": "newtaipei",
        "id": "SF237-0015",
        "name": "安溪國小",
        "address": "新北市三峽區安溪里中華路42號",
        "type": "避難所",
        "flood": "是",
        "earthquake": "是",
        "debris_flow": "是",
        "tsunami": "是",
        "relief_station": "是",
        "accessible": "是",
        "indoor": "32.0",
        "outdoor": "40.0",
        "service_village": "礁溪里、安溪里、介壽里",
        "capacity": "72.0",
        "area": "127"
      },
      "geometry": {
        "type": "Point",
        "coordinates": [
          121.372396527497,
          24.931003514179
        ]
      }
    },
    {
      "type": "Feature",
      "properties": {
        "city": "newtaipei",
        "id": "SF237-0016",
        "name": "民義國小",
        "address": "新北市三峽區嘉添里白雞路40號",
        "type": "避難所",
        "flood": "是",
        "earthquake": "是",
        "debris_flow": "是",
        "tsunami": "是",
        "relief_station": "是",
        "accessible": "否",
        "indoor": "32.0",
        "outdoor": "88.0",
        "service_village": "嘉添里、添福里、中正里、插角里",
        "capacity": "120.0",
        "area": "131"
      },
      "geometry": {
        "type": "Point",
        "coordinates": [
          121.401914,
          24.906017
        ]
      }
    },
    {
      "type": "Feature",
      "properties": {
        "city": "newtaipei",
        "id": "SF237-0017",
        "name": "三峽國中",
        "address": "新北市三峽區鳶山里復興路238號",
        "type": "避難所",
        "flood": "是",
        "earthquake": "是",
        "debris_flow": "是",
        "tsunami": "是",
        "relief_station": "是",
        "accessible": "是",
        "indoor": "502.0",
        "outdoor": "1104.0",
        "service_village": "永館里、龍埔里、龍恩里、龍學里、鳶山里、秀川里",
        "capacity": "1606.0",
        "area": "2010"
      },
      "geometry": {
        "type": "Point",
        "coordinates": [
          121.369138984647,
          24.939043980529
        ]
      }
    },
    {
      "type": "Feature",
      "properties": {
        "city": "newtaipei",
        "id": "SF237-0018",
        "name": "安溪國中",
        "address": "新北市三峽區中正里大同路135號",
        "type": "避難所",
        "flood": "是",
        "earthquake": "是",
        "debris_flow": "是",
        "tsunami": "是",
        "relief_station": "是",
        "accessible": "是",
        "indoor": "125.0",
        "outdoor": "875.0",
        "service_village": "礁溪里、介壽里、安溪里、中正里、大埔里、嘉添里、金圳里、二鬮里",
        "capacity": "1000.0",
        "area": "500"
      },
      "geometry": {
        "type": "Point",
        "coordinates": [
          121.372761810838,
          24.926567811019
        ]
      }
    },
    {
      "type": "Feature",
      "properties": {
        "city": "newtaipei",
        "id": "SF237-0019",
        "name": "龍埔國小",
        "address": "新北市三峽區龍埔里大學路6號",
        "type": "避難所",
        "flood": "是",
        "earthquake": "是",
        "debris_flow": "是",
        "tsunami": "是",
        "relief_station": "是",
        "accessible": "是",
        "indoor": "67.0",
        "outdoor": "700.0",
        "service_village": "龍埔里、龍學里、龍恩里、溪北里、溪南里",
        "capacity": "767.0",
        "area": "267"
      },
      "geometry": {
        "type": "Point",
        "coordinates": [
          121.377879968555,
          24.94068700119
        ]
      }
    },
    {
      "type": "Feature",
      "properties": {
        "city": "newtaipei",
        "id": "SF237-0020",
        "name": "北大高級中學",
        "address": "新北市三峽區龍學里大義路277號",
        "type": "避難所",
        "flood": "是",
        "earthquake": "是",
        "debris_flow": "是",
        "tsunami": "是",
        "relief_station": "是",
        "accessible": "是",
        "indoor": "75.0",
        "outdoor": "250.0",
        "service_village": "龍學里、龍恩里、龍埔里",
        "capacity": "325.0",
        "area": "300"
      },
      "geometry": {
        "type": "Point",
        "coordinates": [
          121.37610568729,
          24.948607983509
        ]
      }
    },
    {
      "type": "Feature",
      "properties": {
        "city": "newtaipei",
        "id": "SF237-0021",
        "name": "北大國小",
        "address": "新北市三峽區龍埔里國光街100號",
        "type": "避難所",
        "flood": "否",
        "earthquake": "是",
        "debris_flow": "是",
        "tsunami": "是",
        "relief_station": "是",
        "accessible": "是",
        "indoor": "341.0",
        "outdoor": "0.0",
        "service_village": "龍埔里、龍學里、龍恩里",
        "capacity": "341.0",
        "area": "1362"
      },
      "geometry": {
        "type": "Point",
        "coordinates": [
          121.372986864938,
          24.939197620814
        ]
      }
    },
    {
      "type": "Feature",
      "properties": {
        "city": "newtaipei",
        "id": "SF251-0001",
        "name": "長庚市民活動中心",
        "address": "新北市淡水區中山路72巷1弄10號",
        "type": "避難所",
        "flood": "否",
        "earthquake": "是",
        "debris_flow": "是",
        "tsunami": "否",
        "relief_station": "是",
        "accessible": "是",
        "indoor": "74.0",
        "outdoor": "0.0",
        "service_village": "樹興里、竿蓁里、鄧公里、中興里、長庚里、清文里、草東里、永吉里、民安里、幸福里、學府里",
        "capacity": "74.0",
        "area": "296"
      },
      "geometry": {
        "type": "Point",
        "coordinates": [
          121.443191003726,
          25.17112999464
        ]
      }
    },
    {
      "type": "Feature",
      "properties": {
        "city": "newtaipei",
        "id": "SF251-0002",
        "name": "民生市民活動中心",
        "address": "新北市淡水區民生路27號",
        "type": "避難所",
        "flood": "否",
        "earthquake": "是",
        "debris_flow": "是",
        "tsunami": "否",
        "relief_station": "是",
        "accessible": "是",
        "indoor": "72.0",
        "outdoor": "0.0",
        "service_village": "竹圍里、福德里、民權里、民生里、坪頂里",
        "capacity": "72.0",
        "area": "290"
      },
      "geometry": {
        "type": "Point",
        "coordinates": [
          121.461355509917,
          25.138020387449
        ]
      }
    },
    {
      "type": "Feature",
      "properties": {
        "city": "newtaipei",
        "id": "SF251-0004",
        "name": "中興市民活動中心",
        "address": "新北市淡水區水源街1段29號",
        "type": "避難所",
        "flood": "否",
        "earthquake": "是",
        "debris_flow": "是",
        "tsunami": "否",
        "relief_station": "是",
        "accessible": "是",
        "indoor": "57.0",
        "outdoor": "0.0",
        "service_village": "中興里、幸福里、鄧公里、協元里、長庚里、清文里、草東里、永吉里、民安里、幸福里",
        "capacity": "57.0",
        "area": "228"
      },
      "geometry": {
        "type": "Point",
        "coordinates": [
          121.443218999283,
          25.172381999517
        ]
      }
    },
    {
      "type": "Feature",
      "properties": {
        "city": "newtaipei",
        "id": "SF251-0005",
        "name": "淡海市民活動中心",
        "address": "新北市淡水區淡海路111號",
        "type": "避難所",
        "flood": "是",
        "earthquake": "是",
        "debris_flow": "是",
        "tsunami": "是",
        "relief_station": "是",
        "accessible": "是",
        "indoor": "149.0",
        "outdoor": "0.0",
        "service_village": "沙崙里、油車里、大庄里",
        "capacity": "149.0",
        "area": "596"
      },
      "geometry": {
        "type": "Point",
        "coordinates": [
          121.421706006593,
          25.182494011327
        ]
      }
    },
    {
      "type": "Feature",
      "properties": {
        "city": "newtaipei",
        "id": "SF251-0006",
        "name": "竿蓁市民活動中心",
        "address": "新北市淡水區中正東路1段3巷6號",
        "type": "避難所",
        "flood": "是",
        "earthquake": "是",
        "debris_flow": "是",
        "tsunami": "是",
        "relief_station": "是",
        "accessible": "是",
        "indoor": "193.0",
        "outdoor": "0.0",
        "service_village": "八勢里、竿蓁里、坪頂里",
        "capacity": "193.0",
        "area": "772"
      },
      "geometry": {
        "type": "Point",
        "coordinates": [
          121.45105800659,
          25.164844992182
        ]
      }
    },
    {
      "type": "Feature",
      "properties": {
        "city": "newtaipei",
        "id": "SF251-0007",
        "name": "新興市民活動中心",
        "address": "新北市淡水區大義街18號",
        "type": "避難所",
        "flood": "是",
        "earthquake": "是",
        "debris_flow": "是",
        "tsunami": "否",
        "relief_station": "是",
        "accessible": "是",
        "indoor": "446.0",
        "outdoor": "0.0",
        "service_village": "新義里、新民里、新春里、正德里、北新里、水碓里、新興里",
        "capacity": "446.0",
        "area": "1787"
      },
      "geometry": {
        "type": "Point",
        "coordinates": [
          121.443054965438,
          25.178395009217
        ]
      }
    },
    {
      "type": "Feature",
      "properties": {
        "city": "newtaipei",
        "id": "SF251-0008",
        "name": "淡水國小",
        "address": "新北市淡水區中山路160號",
        "type": "避難所",
        "flood": "是",
        "earthquake": "是",
        "debris_flow": "是",
        "tsunami": "是",
        "relief_station": "是",
        "accessible": "    是",
        "indoor": "256.0",
        "outdoor": "408.0",
        "service_village": "協元里、清文里、草東里、永吉里、新生里、文化里、新義里",
        "capacity": "664.0",
        "area": "1024"
      },
      "geometry": {
        "type": "Point",
        "coordinates": [
          121.441362575368,
          25.173375799867
        ]
      }
    },
    {
      "type": "Feature",
      "properties": {
        "city": "newtaipei",
        "id": "SF251-0009",
        "name": "鄧公國小",
        "address": "新北市淡水區學府路99號",
        "type": "避難所",
        "flood": "是",
        "earthquake": "是",
        "debris_flow": "是",
        "tsunami": "否",
        "relief_station": "是",
        "accessible": "是",
        "indoor": "662.0",
        "outdoor": "312.0",
        "service_village": "學府里、鄧公里、幸福里、竿蓁里、中興里、長庚里、樹興里",
        "capacity": "974.0",
        "area": "2650"
      },
      "geometry": {
        "type": "Point",
        "coordinates": [
          121.4492928616,
          25.171312510581
        ]
      }
    },
    {
      "type": "Feature",
      "properties": {
        "city": "newtaipei",
        "id": "SF251-0010",
        "name": "竹圍國小",
        "address": "新北市淡水區中正東路2段145號",
        "type": "避難所",
        "flood": "是",
        "earthquake": "是",
        "debris_flow": "是",
        "tsunami": "是",
        "relief_station": "是",
        "accessible": "是",
        "indoor": "425.0",
        "outdoor": "375.0",
        "service_village": "八勢里、竹圍里、民生里、民權里",
        "capacity": "800.0",
        "area": "1700"
      },
      "geometry": {
        "type": "Point",
        "coordinates": [
          121.460248176688,
          25.147533512277
        ]
      }
    },
    {
      "type": "Feature",
      "properties": {
        "city": "newtaipei",
        "id": "SF251-0011",
        "name": "育英國小",
        "address": "新北市淡水區埤島里14號",
        "type": "避難所",
        "flood": "是",
        "earthquake": "是",
        "debris_flow": "是",
        "tsunami": "否",
        "relief_station": "是",
        "accessible": "是",
        "indoor": "121.0",
        "outdoor": "236.25",
        "service_village": "埤島里、義山里、興仁里、忠山里",
        "capacity": "357.25",
        "area": "485"
      },
      "geometry": {
        "type": "Point",
        "coordinates": [
          121.4404435,
          25.1694686
        ]
      }
    },
    {
      "type": "Feature",
      "properties": {
        "city": "newtaipei",
        "id": "SF251-0012",
        "name": "興仁國小",
        "address": "新北市淡水區興仁路101巷10號",
        "type": "避難所",
        "flood": "是",
        "earthquake": "是",
        "debris_flow": "是",
        "tsunami": "否",
        "relief_station": "是",
        "accessible": "是",
        "indoor": "296.0",
        "outdoor": "375.0",
        "service_village": "興仁里、義山里、賢孝里、屯山里、蕃薯里、中和里",
        "capacity": "671.0",
        "area": "1187"
      },
      "geometry": {
        "type": "Point",
        "coordinates": [
          121.451097317716,
          25.217479907543
        ]
      }
    },
    {
      "type": "Feature",
      "properties": {
        "city": "newtaipei",
        "id": "SF251-0013",
        "name": "坪頂國小",
        "address": "新北市淡水區坪頂路757號",
        "type": "避難所",
        "flood": "是",
        "earthquake": "是",
        "debris_flow": "是",
        "tsunami": "是",
        "relief_station": "是",
        "accessible": "是",
        "indoor": "38.0",
        "outdoor": "375.0",
        "service_village": "坪頂里、樹興里",
        "capacity": "413.0",
        "area": "154"
      },
      "geometry": {
        "type": "Point",
        "coordinates": [
          121.483364040723,
          25.157839020322
        ]
      }
    },
    {
      "type": "Feature",
      "properties": {
        "city": "newtaipei",
        "id": "SF251-0014",
        "name": "忠山國小",
        "address": "新北市淡水區行忠路899號",
        "type": "避難所",
        "flood": "是",
        "earthquake": "是",
        "debris_flow": "否",
        "tsunami": "是",
        "relief_station": "是",
        "accessible": "是",
        "indoor": "25.0",
        "outdoor": "187.0",
        "service_village": "忠山里、忠寮里、蕃薯里、義山里、水源里",
        "capacity": "212.0",
        "area": "100"
      },
      "geometry": {
        "type": "Point",
        "coordinates": [
          121.479980601687,
          25.200447796472
        ]
      }
    },
    {
      "type": "Feature",
      "properties": {
        "city": "newtaipei",
        "id": "SF251-0015",
        "name": "水源國小",
        "address": "新北市淡水區北新路2段15號",
        "type": "避難所",
        "flood": "是",
        "earthquake": "是",
        "debris_flow": "否",
        "tsunami": "是",
        "relief_station": "是",
        "accessible": "是",
        "indoor": "45.0",
        "outdoor": "450.0",
        "service_village": "水源里、忠寮里",
        "capacity": "495.0",
        "area": "180"
      },
      "geometry": {
        "type": "Point",
        "coordinates": [
          121.476446036937,
          25.185834996023
        ]
      }
    },
    {
      "type": "Feature",
      "properties": {
        "city": "newtaipei",
        "id": "SF229-0016",
        "name": "屯山國小",
        "address": "新北市淡水區淡金路五段111號",
        "type": "避難所",
        "flood": "是",
        "earthquake": "是",
        "debris_flow": "是",
        "tsunami": "否",
        "relief_station": "是",
        "accessible": "是",
        "indoor": "85.0",
        "outdoor": "70.375",
        "service_village": "屯山里、賢孝里、興仁里、中和里",
        "capacity": "155.375",
        "area": "342"
      },
      "geometry": {
        "type": "Point",
        "coordinates": [
          121.456344975837,
          25.237287015299
        ]
      }
    },
    {
      "type": "Feature",
      "properties": {
        "city": "newtaipei",
        "id": "SF251-0017",
        "name": "淡水商工",
        "address": "新北市淡水區商工路307號",
        "type": "避難所",
        "flood": "是",
        "earthquake": "是",
        "debris_flow": "是",
        "tsunami": "是",
        "relief_station": "是",
        "accessible": "是",
        "indoor": "1514.0",
        "outdoor": "994.0",
        "service_village": "埤島里、忠寮里、北投里、水源里",
        "capacity": "2508.0",
        "area": "6059"
      },
      "geometry": {
        "type": "Point",
        "coordinates": [
          121.454026122323,
          25.186759603762
        ]
      }
    },
    {
      "type": "Feature",
      "properties": {
        "city": "newtaipei",
        "id": "SF251-0018",
        "name": "天生國小",
        "address": "新北市淡水區淡海路72巷26號",
        "type": "避難所",
        "flood": "是",
        "earthquake": "是",
        "debris_flow": "是",
        "tsunami": "是",
        "relief_station": "是",
        "accessible": "是",
        "indoor": "137.0",
        "outdoor": "660.0",
        "service_village": "沙崙里、油車里、大庄里",
        "capacity": "797.0",
        "area": "550"
      },
      "geometry": {
        "type": "Point",
        "coordinates": [
          121.424270877135,
          25.181531345705
        ]
      }
    },
    {
      "type": "Feature",
      "properties": {
        "city": "newtaipei",
        "id": "SF251-0019",
        "name": "新興國小",
        "address": "新北市淡水區新興街123號",
        "type": "避難所",
        "flood": "是",
        "earthquake": "是",
        "debris_flow": "是",
        "tsunami": "是",
        "relief_station": "是",
        "accessible": "是",
        "indoor": "412.0",
        "outdoor": "312.0",
        "service_village": "新興里、新春里、新民里、新義里、沙崙里、崁頂里、水碓里",
        "capacity": "724.0",
        "area": "1650"
      },
      "geometry": {
        "type": "Point",
        "coordinates": [
          121.440494521733,
          25.18081023854
        ]
      }
    },
    {
      "type": "Feature",
      "properties": {
        "city": "newtaipei",
        "id": "SF251-0020",
        "name": "文化國小",
        "address": "新北市淡水區真理街6號",
        "type": "避難所",
        "flood": "是",
        "earthquake": "是",
        "debris_flow": "是",
        "tsunami": "否",
        "relief_station": "是",
        "accessible": "是",
        "indoor": "132.0",
        "outdoor": "300.0",
        "service_village": "文化里、新生里、民安里",
        "capacity": "432.0",
        "area": "530"
      },
      "geometry": {
        "type": "Point",
        "coordinates": [
          121.437381171359,
          25.173965299117
        ]
      }
    },
    {
      "type": "Feature",
      "properties": {
        "city": "newtaipei",
        "id": "SF251-0021",
        "name": "中泰國小",
        "address": "新北市淡水區北勢子5號",
        "type": "避難所",
        "flood": "是",
        "earthquake": "是",
        "debris_flow": "否",
        "tsunami": "是",
        "relief_station": "是",
        "accessible": "是",
        "indoor": "154.0",
        "outdoor": "343.0",
        "service_village": "中和里、蕃薯里、屯山里、賢孝里",
        "capacity": "497.0",
        "area": "616"
      },
      "geometry": {
        "type": "Point",
        "coordinates": [
          121.486002,
          25.223618
        ]
      }
    },
    {
      "type": "Feature",
      "properties": {
        "city": "newtaipei",
        "id": "SF251-0022",
        "name": "竹圍國小自強分校",
        "address": "新北市淡水區自強路33號",
        "type": "避難所",
        "flood": "是",
        "earthquake": "是",
        "debris_flow": "否",
        "tsunami": "是",
        "relief_station": "是",
        "accessible": "是",
        "indoor": "82.0",
        "outdoor": "125.0",
        "service_village": "福德里",
        "capacity": "207.0",
        "area": "330"
      },
      "geometry": {
        "type": "Point",
        "coordinates": [
          121.463840995666,
          25.125725015591
        ]
      }
    },
    {
      "type": "Feature",
      "properties": {
        "city": "newtaipei",
        "id": "SF251-0023",
        "name": "竹圍高中",
        "address": "新北市淡水區竹林路35號",
        "type": "避難所",
        "flood": "是",
        "earthquake": "是",
        "debris_flow": "否",
        "tsunami": "是",
        "relief_station": "是",
        "accessible": "是",
        "indoor": "600.0",
        "outdoor": "1095.0",
        "service_village": "八勢里、竹圍里、民生里、民權里、福德里",
        "capacity": "1695.0",
        "area": "2400"
      },
      "geometry": {
        "type": "Point",
        "coordinates": [
          121.461717775772,
          25.146034702261
        ]
      }
    },
    {
      "type": "Feature",
      "properties": {
        "city": "newtaipei",
        "id": "SF251-0024",
        "name": "正德國中",
        "address": "新北市淡水區北新路109號",
        "type": "避難所",
        "flood": "是",
        "earthquake": "是",
        "debris_flow": "是",
        "tsunami": "是",
        "relief_station": "是",
        "accessible": "是",
        "indoor": "1051.0",
        "outdoor": "547.0",
        "service_village": "正德里、北新里、崁頂里、水碓里、北投里",
        "capacity": "1598.0",
        "area": "4206"
      },
      "geometry": {
        "type": "Point",
        "coordinates": [
          121.446852973405,
          25.178482600105
        ]
      }
    },
    {
      "type": "Feature",
      "properties": {
        "city": "newtaipei",
        "id": "SF251-0025",
        "name": "淡水國中",
        "address": "新北市淡水區真理街10號",
        "type": "避難所",
        "flood": "是",
        "earthquake": "是",
        "debris_flow": "是",
        "tsunami": "是",
        "relief_station": "是",
        "accessible": "是",
        "indoor": "703.0",
        "outdoor": "905.0",
        "service_village": "文化里、油車里、新民里、新生里",
        "capacity": "1608.0",
        "area": "2812"
      },
      "geometry": {
        "type": "Point",
        "coordinates": [
          121.436724365427,
          25.174718916032
        ]
      }
    },
    {
      "type": "Feature",
      "properties": {
        "city": "newtaipei",
        "id": "SF251-0026",
        "name": "新市國小",
        "address": "新北市淡水區中山北路2段200號",
        "type": "避難所",
        "flood": "是",
        "earthquake": "是",
        "debris_flow": "是",
        "tsunami": "否",
        "relief_station": "是",
        "accessible": "是",
        "indoor": "220.0",
        "outdoor": "1000.0",
        "service_village": "北投里、埤島里、崁頂里、新春里",
        "capacity": "1220.0",
        "area": "880"
      },
      "geometry": {
        "type": "Point",
        "coordinates": [
          121.444509560915,
          25.186023211659
        ]
      }
    },
    {
      "type": "Feature",
      "properties": {
        "city": "newtaipei",
        "id": "SF251-0027",
        "name": "水源市民活動中心",
        "address": "新北市淡水區北新路2段15號",
        "type": "避難所",
        "flood": "是",
        "earthquake": "是",
        "debris_flow": "是",
        "tsunami": "是",
        "relief_station": "是",
        "accessible": "否",
        "indoor": "72.0",
        "outdoor": "0.0",
        "service_village": "水源里",
        "capacity": "72.0",
        "area": "288"
      },
      "geometry": {
        "type": "Point",
        "coordinates": [
          121.476446036937,
          25.185834996023
        ]
      }
    },
    {
      "type": "Feature",
      "properties": {
        "city": "newtaipei",
        "id": "SF251-0028",
        "name": "樹興里活動中心",
        "address": "新北市淡水區樹林口14之2號",
        "type": "避難所",
        "flood": "是",
        "earthquake": "否",
        "debris_flow": "否",
        "tsunami": "是",
        "relief_station": "否",
        "accessible": "否",
        "indoor": "59.0",
        "outdoor": "0.0",
        "service_village": "樹興里",
        "capacity": "59.0",
        "area": "236"
      },
      "geometry": {
        "type": "Point",
        "coordinates": [
          121.480344,
          25.167191
        ]
      }
    },
    {
      "type": "Feature",
      "properties": {
        "city": "newtaipei",
        "id": "SF251-0029",
        "name": "興音寺",
        "address": "新北市淡水區興福寮1之6號",
        "type": "避難所",
        "flood": "是",
        "earthquake": "否",
        "debris_flow": "否",
        "tsunami": "是",
        "relief_station": "是",
        "accessible": "否",
        "indoor": "50.0",
        "outdoor": "0.0",
        "service_village": "樹興里",
        "capacity": "50.0",
        "area": "200"
      },
      "geometry": {
        "type": "Point",
        "coordinates": [
          121.490912,
          25.166238
        ]
      }
    },
    {
      "type": "Feature",
      "properties": {
        "city": "newtaipei",
        "id": "SF251-0030",
        "name": "真聖宮",
        "address": "新北市淡水區興福寮6之1號",
        "type": "避難所",
        "flood": "是",
        "earthquake": "否",
        "debris_flow": "否",
        "tsunami": "是",
        "relief_station": "是",
        "accessible": "否",
        "indoor": "50.0",
        "outdoor": "0.0",
        "service_village": "樹興里",
        "capacity": "50.0",
        "area": "200"
      },
      "geometry": {
        "type": "Point",
        "coordinates": [
          121.490912,
          25.166238
        ]
      }
    },
    {
      "type": "Feature",
      "properties": {
        "city": "newtaipei",
        "id": "SF251-0032",
        "name": "公八防災\r\n公園",
        "address": "新北市淡水區中山北路二段381巷2號",
        "type": "避難所",
        "flood": "否",
        "earthquake": "是",
        "debris_flow": "否",
        "tsunami": "否",
        "relief_station": "否",
        "accessible": "否",
        "indoor": "0.0",
        "outdoor": "1087.0",
        "service_village": "中和里、屯山里、賢孝里、興仁里、蕃薯里、義山里、忠山里、崁頂里、埤島里、水碓里、新興里、北投里、水源里、忠寮里、樹興里、坪頂里、福德里、竹圍里、民生里、八勢里、竿蓁里、鄧公里、中興里、長庚里、清文里、草東里、協元里、永吉里、民安里、新生里、文化里、油車里、沙崙里、新義里、新春里、新民里、正德里、北新里、民權里、幸福里、學府里、大庄里",
        "capacity": "1087.0",
        "area": "0"
      },
      "geometry": {
        "type": "Point",
        "coordinates": [
          121.442702003495,
          25.187146009499
        ]
      }
    },
    {
      "type": "Feature",
      "properties": {
        "city": "newtaipei",
        "id": "SF251-0033",
        "name": "前山營區 ",
        "address": "新北市淡水區自立路17 號",
        "type": "避難所",
        "flood": "是",
        "earthquake": "是",
        "debris_flow": "是",
        "tsunami": "是",
        "relief_station": "否",
        "accessible": "否",
        "indoor": "78.0",
        "outdoor": "0.0",
        "service_village": "福德里、民權里",
        "capacity": "78.0",
        "area": "315"
      },
      "geometry": {
        "type": "Point",
        "coordinates": [
          121.463795443514,
          25.128360884268
        ]
      }
    },
    {
      "type": "Feature",
      "properties": {
        "city": "newtaipei",
        "id": "SF251-0034",
        "name": "后山營區",
        "address": "新北市淡水區自強路419號",
        "type": "避難所",
        "flood": "是",
        "earthquake": "是",
        "debris_flow": "是",
        "tsunami": "是",
        "relief_station": "否",
        "accessible": "否",
        "indoor": "80.0",
        "outdoor": "0.0",
        "service_village": "福德里、民權里",
        "capacity": "80.0",
        "area": "320"
      },
      "geometry": {
        "type": "Point",
        "coordinates": [
          121.465670094577,
          25.134156707271
        ]
      }
    },
    {
      "type": "Feature",
      "properties": {
        "city": "newtaipei",
        "id": "SF251-0035",
        "name": "真理大學",
        "address": "新北市淡水區真理街32號",
        "type": "避難所",
        "flood": "是",
        "earthquake": "是",
        "debris_flow": "是",
        "tsunami": "是",
        "relief_station": "是",
        "accessible": "是",
        "indoor": "118.0",
        "outdoor": "0.0",
        "service_village": "文化里、新生里、協元里、新民里、油車里",
        "capacity": "118.0",
        "area": "473"
      },
      "geometry": {
        "type": "Point",
        "coordinates": [
          121.434601313171,
          25.175557693083
        ]
      }
    },
    {
      "type": "Feature",
      "properties": {
        "city": "newtaipei",
        "id": "SF251-0036",
        "name": "淡江大學",
        "address": "新北市淡水區英專路151號",
        "type": "避難所",
        "flood": "是",
        "earthquake": "是",
        "debris_flow": "是",
        "tsunami": "是",
        "relief_station": "是",
        "accessible": "是",
        "indoor": "211.0",
        "outdoor": "0.0",
        "service_village": "中興里、幸福里、鄧公里、學府里、北新里、正德里",
        "capacity": "211.0",
        "area": "842"
      },
      "geometry": {
        "type": "Point",
        "coordinates": [
          121.446856996718,
          25.17301198336
        ]
      }
    },
    {
      "type": "Feature",
      "properties": {
        "city": "newtaipei",
        "id": "SF251-0037",
        "name": "臺北基督學院",
        "address": "新北市淡水區自強路51號",
        "type": "避難所",
        "flood": "是",
        "earthquake": "是",
        "debris_flow": "是",
        "tsunami": "是",
        "relief_station": "是",
        "accessible": "是",
        "indoor": "156.0",
        "outdoor": "0.0",
        "service_village": "福德里、民權里、竹圍里",
        "capacity": "156.0",
        "area": "625"
      },
      "geometry": {
        "type": "Point",
        "coordinates": [
          121.461543180729,
          25.131283307044
        ]
      }
    },
    {
      "type": "Feature",
      "properties": {
        "city": "newtaipei",
        "id": "SF251-0038",
        "name": "聖約翰科技大學",
        "address": "新北市淡水區淡金路四段499號",
        "type": "避難所",
        "flood": "是",
        "earthquake": "是",
        "debris_flow": "是",
        "tsunami": "是",
        "relief_station": "是",
        "accessible": "是",
        "indoor": "1000.0",
        "outdoor": "0.0",
        "service_village": "賢孝里、興仁里、屯山里、蕃薯里、中和里",
        "capacity": "1000.0",
        "area": "4000"
      },
      "geometry": {
        "type": "Point",
        "coordinates": [
          121.451658989047,
          25.226897981589
        ]
      }
    },
    {
      "type": "Feature",
      "properties": {
        "city": "newtaipei",
        "id": "SF251-0039",
        "name": "樹興里辦公處",
        "address": "新北市淡水區樹林口42之3號",
        "type": "避難所",
        "flood": "是",
        "earthquake": "是",
        "debris_flow": "是",
        "tsunami": "是",
        "relief_station": "否",
        "accessible": "是",
        "indoor": "44.0",
        "outdoor": "0.0",
        "service_village": "樹興里",
        "capacity": "44.0",
        "area": "177"
      },
      "geometry": {
        "type": "Point",
        "coordinates": [
          121.480344,
          25.167191
        ]
      }
    },
    {
      "type": "Feature",
      "properties": {
        "city": "newtaipei",
        "id": "SF251-0040",
        "name": "義山市民活動中心",
        "address": "新北市淡水區奎柔山路1號、3號",
        "type": "避難所",
        "flood": "是",
        "earthquake": "是",
        "debris_flow": "是",
        "tsunami": "是",
        "relief_station": "是",
        "accessible": "是",
        "indoor": "120.0",
        "outdoor": "42.0",
        "service_village": "義山里、忠山里、忠寮里、蕃薯里、興仁里",
        "capacity": "162.0",
        "area": "482"
      },
      "geometry": {
        "type": "Point",
        "coordinates": [
          121.459491586911,
          25.205334130529
        ]
      }
    },
    {
      "type": "Feature",
      "properties": {
        "city": "newtaipei",
        "id": "SF251-0041",
        "name": "淡江高中",
        "address": "新北市淡水區真理街26號",
        "type": "避難所",
        "flood": "是",
        "earthquake": "是",
        "debris_flow": "是",
        "tsunami": "是",
        "relief_station": "是",
        "accessible": "否",
        "indoor": "1125.0",
        "outdoor": "1765.0",
        "service_village": "文化里、協元里、新生里、新民里",
        "capacity": "2890.0",
        "area": "4500"
      },
      "geometry": {
        "type": "Point",
        "coordinates": [
          121.43615095943,
          25.176705007989
        ]
      }
    },
    {
      "type": "Feature",
      "properties": {
        "city": "newtaipei",
        "id": "SF224-0001",
        "name": "瑞芳區公所",
        "address": "新北市瑞芳區龍鎮里逢甲路82號",
        "type": "避難所",
        "flood": "是",
        "earthquake": "是",
        "debris_flow": "是",
        "tsunami": "是",
        "relief_station": "否",
        "accessible": "否",
        "indoor": "116.0",
        "outdoor": "0.0",
        "service_village": "龍鎮里.龍興里.龍山里.龍安里",
        "capacity": "116.0",
        "area": "462"
      },
      "geometry": {
        "type": "Point",
        "coordinates": [
          121.809859118336,
          25.108889585877
        ]
      }
    },
    {
      "type": "Feature",
      "properties": {
        "city": "newtaipei",
        "id": "SF224-0002",
        "name": "瑞芳國小",
        "address": "新北市瑞芳區龍川里中山路2號",
        "type": "避難所",
        "flood": "是",
        "earthquake": "是",
        "debris_flow": "是",
        "tsunami": "是",
        "relief_station": "否",
        "accessible": "是",
        "indoor": "223.0",
        "outdoor": "575.0",
        "service_village": "龍潭里.龍川里.龍興里.龍安里.東和里",
        "capacity": "798.0",
        "area": "890"
      },
      "geometry": {
        "type": "Point",
        "coordinates": [
          121.804422867393,
          25.10804879717
        ]
      }
    },
    {
      "type": "Feature",
      "properties": {
        "city": "newtaipei",
        "id": "SF224-0003",
        "name": "瑞龍市民活動中心",
        "address": "新北市瑞芳區龍興里明燈路三段2號",
        "type": "避難所",
        "flood": "是",
        "earthquake": "是",
        "debris_flow": "是",
        "tsunami": "是",
        "relief_station": "是",
        "accessible": "是",
        "indoor": "582.0",
        "outdoor": "0.0",
        "service_village": "龍潭里.龍川里.龍興里.龍鎮里",
        "capacity": "582.0",
        "area": "2326"
      },
      "geometry": {
        "type": "Point",
        "coordinates": [
          121.808939036824,
          25.107796208518
        ]
      }
    },
    {
      "type": "Feature",
      "properties": {
        "city": "newtaipei",
        "id": "SF224-0004",
        "name": "瑞芳高工",
        "address": "新北市瑞芳區龍安里瑞芳街60號",
        "type": "避難所",
        "flood": "是",
        "earthquake": "是",
        "debris_flow": "是",
        "tsunami": "是",
        "relief_station": "是",
        "accessible": "是",
        "indoor": "568.0",
        "outdoor": "678.0",
        "service_village": "龍安里.龍山里",
        "capacity": "1246.0",
        "area": "2273"
      },
      "geometry": {
        "type": "Point",
        "coordinates": [
          121.804706762454,
          25.110724803578
        ]
      }
    },
    {
      "type": "Feature",
      "properties": {
        "city": "newtaipei",
        "id": "SF224-0005",
        "name": "瑞芳國中",
        "address": "新北市瑞芳區新峰里三爪子坑路1號",
        "type": "避難所",
        "flood": "是",
        "earthquake": "是",
        "debris_flow": "是",
        "tsunami": "是",
        "relief_station": "否",
        "accessible": "是",
        "indoor": "415.0",
        "outdoor": "1412.0",
        "service_village": "爪峯里.新峰里",
        "capacity": "1827.0",
        "area": "1660"
      },
      "geometry": {
        "type": "Point",
        "coordinates": [
          121.814520797606,
          25.107444881046
        ]
      }
    },
    {
      "type": "Feature",
      "properties": {
        "city": "newtaipei",
        "id": "SF224-0006",
        "name": "濂洞國小",
        "address": "新北市瑞芳區濂洞里洞頂路101巷80號",
        "type": "避難所",
        "flood": "是",
        "earthquake": "是",
        "debris_flow": "是",
        "tsunami": "是",
        "relief_station": "否",
        "accessible": "是",
        "indoor": "116.0",
        "outdoor": "113.0",
        "service_village": "濂洞里.濂新里.南雅里",
        "capacity": "229.0",
        "area": "465"
      },
      "geometry": {
        "type": "Point",
        "coordinates": [
          121.860068394737,
          25.122349497453
        ]
      }
    },
    {
      "type": "Feature",
      "properties": {
        "city": "newtaipei",
        "id": "SF224-0007",
        "name": "鼻頭國小",
        "address": "新北市瑞芳區鼻頭里鼻頭路99號",
        "type": "避難所",
        "flood": "是",
        "earthquake": "是",
        "debris_flow": "是",
        "tsunami": "是",
        "relief_station": "否",
        "accessible": "是",
        "indoor": "116.0",
        "outdoor": "50.0",
        "service_village": "南雅里、鼻頭里",
        "capacity": "166.0",
        "area": "463"
      },
      "geometry": {
        "type": "Point",
        "coordinates": [
          121.916128993927,
          25.123739007452
        ]
      }
    },
    {
      "type": "Feature",
      "properties": {
        "city": "newtaipei",
        "id": "SF224-0008",
        "name": "吉慶國小",
        "address": "新北市瑞芳區吉安里大埔路95號",
        "type": "避難所",
        "flood": "是",
        "earthquake": "是",
        "debris_flow": "是",
        "tsunami": "是",
        "relief_station": "是",
        "accessible": "是",
        "indoor": "129.0",
        "outdoor": "245.0",
        "service_village": "上天里.吉安里.吉慶里",
        "capacity": "374.0",
        "area": "515"
      },
      "geometry": {
        "type": "Point",
        "coordinates": [
          121.763433600666,
          25.100108913658
        ]
      }
    },
    {
      "type": "Feature",
      "properties": {
        "city": "newtaipei",
        "id": "SF224-0009",
        "name": "猴硐國小",
        "address": "新北市瑞芳區弓橋里九芎橋路69-1號",
        "type": "避難所",
        "flood": "是",
        "earthquake": "是",
        "debris_flow": "是",
        "tsunami": "是",
        "relief_station": "否",
        "accessible": "是",
        "indoor": "45.0",
        "outdoor": "38.0",
        "service_village": "弓橋里.侯硐里.光復里.碩仁里",
        "capacity": "83.0",
        "area": "180"
      },
      "geometry": {
        "type": "Point",
        "coordinates": [
          121.833466413353,
          25.095604395073
        ]
      }
    },
    {
      "type": "Feature",
      "properties": {
        "city": "newtaipei",
        "id": "SF224-0010",
        "name": "九份國小",
        "address": "新北市瑞芳區永慶里崙頂路145號",
        "type": "避難所",
        "flood": "是",
        "earthquake": "是",
        "debris_flow": "是",
        "tsunami": "是",
        "relief_station": "否",
        "accessible": "是",
        "indoor": "116.0",
        "outdoor": "223.0",
        "service_village": "崇文里.永慶里.頌德里.基山里.福住里",
        "capacity": "339.0",
        "area": "464"
      },
      "geometry": {
        "type": "Point",
        "coordinates": [
          121.843101578692,
          25.107194597417
        ]
      }
    },
    {
      "type": "Feature",
      "properties": {
        "city": "newtaipei",
        "id": "SF224-0011",
        "name": "瑞濱市民活動中心",
        "address": "新北市瑞芳區瑞濱里建基路一段4-2號",
        "type": "避難所",
        "flood": "是",
        "earthquake": "是",
        "debris_flow": "是",
        "tsunami": "是",
        "relief_station": "是",
        "accessible": "是",
        "indoor": "116.0",
        "outdoor": "0.0",
        "service_village": "深澳里.海濱里.瑞濱里",
        "capacity": "116.0",
        "area": "462"
      },
      "geometry": {
        "type": "Point",
        "coordinates": [
          121.817245177654,
          25.128743733415
        ]
      }
    },
    {
      "type": "Feature",
      "properties": {
        "city": "newtaipei",
        "id": "SF224-0012",
        "name": "勸濟堂",
        "address": "新北市瑞芳區銅山里祈堂路53號",
        "type": "避難所",
        "flood": "是",
        "earthquake": "是",
        "debris_flow": "是",
        "tsunami": "是",
        "relief_station": "是",
        "accessible": "是",
        "indoor": "176.0",
        "outdoor": "0.0",
        "service_village": "銅山里.石山里.新山里.瓜山里",
        "capacity": "176.0",
        "area": "202"
      },
      "geometry": {
        "type": "Point",
        "coordinates": [
          121.859699674817,
          25.110296194959
        ]
      }
    },
    {
      "type": "Feature",
      "properties": {
        "city": "newtaipei",
        "id": "SF224-0013",
        "name": "瓜山國小",
        "address": "新北市瑞芳區瓜山里五號路306巷",
        "type": "避難所",
        "flood": "是",
        "earthquake": "是",
        "debris_flow": "是",
        "tsunami": "是",
        "relief_station": "否",
        "accessible": "是",
        "indoor": "203.0",
        "outdoor": "30.0",
        "service_village": "銅山里.石山里.新山里.瓜山里",
        "capacity": "233.0",
        "area": "810"
      },
      "geometry": {
        "type": "Point",
        "coordinates": [
          121.856775228799,
          25.111153789382
        ]
      }
    },
    {
      "type": "Feature",
      "properties": {
        "city": "newtaipei",
        "id": "SF224-0014",
        "name": "深澳市民活動中心",
        "address": "新北市瑞芳區深澳里深澳路67-1號",
        "type": "避難所",
        "flood": "是",
        "earthquake": "是",
        "debris_flow": "是",
        "tsunami": "是",
        "relief_station": "是",
        "accessible": "否",
        "indoor": "113.0",
        "outdoor": "0.0",
        "service_village": "深澳里.海濱里.瑞濱里",
        "capacity": "113.0",
        "area": "453"
      },
      "geometry": {
        "type": "Point",
        "coordinates": [
          121.8181000379,
          25.129984992151
        ]
      }
    },
    {
      "type": "Feature",
      "properties": {
        "city": "newtaipei",
        "id": "SF224-0015",
        "name": "威遠廟",
        "address": "新北市瑞芳區濂新里明里路7-1號",
        "type": "避難所",
        "flood": "是",
        "earthquake": "是",
        "debris_flow": "是",
        "tsunami": "否",
        "relief_station": "是",
        "accessible": "是",
        "indoor": "83.0",
        "outdoor": "0.0",
        "service_village": "濂新里",
        "capacity": "83.0",
        "area": "331"
      },
      "geometry": {
        "type": "Point",
        "coordinates": [
          121.868133964887,
          25.120297984742
        ]
      }
    },
    {
      "type": "Feature",
      "properties": {
        "city": "newtaipei",
        "id": "SF224-0016",
        "name": "傑魚市民活動中心",
        "address": "新北市瑞芳區傑魚里傑魚坑路245巷2-1號2樓",
        "type": "避難所",
        "flood": "是",
        "earthquake": "是",
        "debris_flow": "是",
        "tsunami": "是",
        "relief_station": "是",
        "accessible": "是",
        "indoor": "232.0",
        "outdoor": "0.0",
        "service_village": "傑魚里.東和里",
        "capacity": "232.0",
        "area": "927"
      },
      "geometry": {
        "type": "Point",
        "coordinates": [
          121.8098925,
          25.1088197
        ]
      }
    },
    {
      "type": "Feature",
      "properties": {
        "city": "newtaipei",
        "id": "SF224-0017",
        "name": "東和市民活動中心",
        "address": "新北市瑞芳區東和里中山路20號",
        "type": "避難所",
        "flood": "是",
        "earthquake": "是",
        "debris_flow": "是",
        "tsunami": "否",
        "relief_station": "否",
        "accessible": "是",
        "indoor": "95.0",
        "outdoor": "67.0",
        "service_village": "東和里.龍潭里",
        "capacity": "162.0",
        "area": "380"
      },
      "geometry": {
        "type": "Point",
        "coordinates": [
          121.804286493829,
          25.106376481758
        ]
      }
    },
    {
      "type": "Feature",
      "properties": {
        "city": "newtaipei",
        "id": "SF224-0018",
        "name": "爪峰市民活動中心",
        "address": "新北市瑞芳區爪峯里三爪子坑路279-2號",
        "type": "避難所",
        "flood": "是",
        "earthquake": "是",
        "debris_flow": "是",
        "tsunami": "是",
        "relief_station": "是",
        "accessible": "是",
        "indoor": "162.0",
        "outdoor": "0.0",
        "service_village": "新峰里.爪峯里",
        "capacity": "162.0",
        "area": "648"
      },
      "geometry": {
        "type": "Point",
        "coordinates": [
          121.813536007802,
          25.105787988336
        ]
      }
    },
    {
      "type": "Feature",
      "properties": {
        "city": "newtaipei",
        "id": "SF224-0019",
        "name": "福住第二市民活動中心",
        "address": "新北市瑞芳區福住里佛堂巷7號",
        "type": "避難所",
        "flood": "是",
        "earthquake": "是",
        "debris_flow": "是",
        "tsunami": "是",
        "relief_station": "是",
        "accessible": "是",
        "indoor": "54.0",
        "outdoor": "0.0",
        "service_village": "福住里",
        "capacity": "54.0",
        "area": "215"
      },
      "geometry": {
        "type": "Point",
        "coordinates": [
          121.84189998023,
          25.106800816183
        ]
      }
    },
    {
      "type": "Feature",
      "properties": {
        "city": "newtaipei",
        "id": "SF224-0020",
        "name": "新山市民活動中心",
        "address": "新北市瑞芳區新山里金光路241號之1",
        "type": "避難所",
        "flood": "是",
        "earthquake": "是",
        "debris_flow": "是",
        "tsunami": "是",
        "relief_station": "是",
        "accessible": "否",
        "indoor": "41.0",
        "outdoor": "0.0",
        "service_village": "新山里",
        "capacity": "41.0",
        "area": "165"
      },
      "geometry": {
        "type": "Point",
        "coordinates": [
          121.851365967584,
          25.107538506904
        ]
      }
    },
    {
      "type": "Feature",
      "properties": {
        "city": "newtaipei",
        "id": "SF224-0021",
        "name": "瑞濱國小",
        "address": "新北市瑞芳區瑞濱里瑞濱路34號",
        "type": "避難所",
        "flood": "是",
        "earthquake": "是",
        "debris_flow": "是",
        "tsunami": "是",
        "relief_station": "是",
        "accessible": "是",
        "indoor": "191.0",
        "outdoor": "75.0",
        "service_village": "深澳里.海濱里.瑞濱里",
        "capacity": "266.0",
        "area": "763"
      },
      "geometry": {
        "type": "Point",
        "coordinates": [
          121.820376311345,
          25.120526307784
        ]
      }
    },
    {
      "type": "Feature",
      "properties": {
        "city": "newtaipei",
        "id": "SF224-0022",
        "name": "瑞芳棒球場",
        "address": "新北市瑞芳區明燈路1段201巷",
        "type": "避難所",
        "flood": "是",
        "earthquake": "是",
        "debris_flow": "是",
        "tsunami": "是",
        "relief_station": "否",
        "accessible": "是",
        "indoor": "0.0",
        "outdoor": "951.0",
        "service_village": "柑坪里、龍鎮里、",
        "capacity": "951.0",
        "area": "0"
      },
      "geometry": {
        "type": "Point",
        "coordinates": [
          121.81852220197,
          25.10761422439
        ]
      }
    },
    {
      "type": "Feature",
      "properties": {
        "city": "newtaipei",
        "id": "SF224-0023",
        "name": "海濱市民休閒場地",
        "address": "新北市瑞芳區濱二路68-1號",
        "type": "避難所",
        "flood": "是",
        "earthquake": "是",
        "debris_flow": "是",
        "tsunami": "是",
        "relief_station": "是",
        "accessible": "是",
        "indoor": "54.0",
        "outdoor": "0.0",
        "service_village": "瑞濱里、海濱里",
        "capacity": "54.0",
        "area": "218.3"
      },
      "geometry": {
        "type": "Point",
        "coordinates": [
          121.829813831407,
          25.119818288423
        ]
      }
    },
    {
      "type": "Feature",
      "properties": {
        "city": "newtaipei",
        "id": "SF248\r\n-0001",
        "name": "更新市民\r\n活動中心",
        "address": "新北市五股區更寮里更洲路47號",
        "type": "避難所",
        "flood": "是",
        "earthquake": "是",
        "debris_flow": "是",
        "tsunami": "是",
        "relief_station": "是",
        "accessible": "是",
        "indoor": "65.0",
        "outdoor": "0.0",
        "service_village": "興珍里、更寮里\r\n、集福里",
        "capacity": "65.0",
        "area": "260"
      },
      "geometry": {
        "type": "Point",
        "coordinates": [
          121.45723203265,
          25.079390986394
        ]
      }
    },
    {
      "type": "Feature",
      "properties": {
        "city": "newtaipei",
        "id": "SF248\r\n-0003",
        "name": "成功市民\r\n活動中心",
        "address": "新北市五股區成功里西雲路163號",
        "type": "避難所",
        "flood": "是",
        "earthquake": "是",
        "debris_flow": "是",
        "tsunami": "是",
        "relief_station": "是",
        "accessible": "是",
        "indoor": "100.0",
        "outdoor": "0.0",
        "service_village": "成州里、成功里\r\n、成德里、六福里\r\n、成泰里",
        "capacity": "100.0",
        "area": "400"
      },
      "geometry": {
        "type": "Point",
        "coordinates": [
          121.446091980415,
          25.094432018276
        ]
      }
    },
    {
      "type": "Feature",
      "properties": {
        "city": "newtaipei",
        "id": "SF248\r\n-0004",
        "name": "成州市民\r\n活動中心",
        "address": "新北市五股區成州里西雲路267號",
        "type": "避難所",
        "flood": "是",
        "earthquake": "是",
        "debris_flow": "是",
        "tsunami": "是",
        "relief_station": "是",
        "accessible": "是",
        "indoor": "75.0",
        "outdoor": "0.0",
        "service_village": "集福里、成州里\r\n、成功里、成德里\r\n、六福里、集賢里\r\n、成泰里",
        "capacity": "75.0",
        "area": "300"
      },
      "geometry": {
        "type": "Point",
        "coordinates": [
          121.449358994816,
          25.098155008209
        ]
      }
    },
    {
      "type": "Feature",
      "properties": {
        "city": "newtaipei",
        "id": "SF248\r\n-0005",
        "name": "新北市五股區  立體停車場",
        "address": "新北市五股區五股里工商路3號",
        "type": "避難所",
        "flood": "是",
        "earthquake": "否",
        "debris_flow": "是",
        "tsunami": "是",
        "relief_station": "是",
        "accessible": "是",
        "indoor": "550.0",
        "outdoor": "0.0",
        "service_village": "興珍里、更寮里\r\n、五股里、五福里\r\n、德音里",
        "capacity": "550.0",
        "area": "2200"
      },
      "geometry": {
        "type": "Point",
        "coordinates": [
          121.439277576953,
          25.082959497852
        ]
      }
    },
    {
      "type": "Feature",
      "properties": {
        "city": "newtaipei",
        "id": "SF248\r\n-0006",
        "name": "成州\r\n國民小學",
        "address": "新北市五股區成州里成泰路三段493號",
        "type": "避難所",
        "flood": "是",
        "earthquake": "是",
        "debris_flow": "是",
        "tsunami": "是",
        "relief_station": "是",
        "accessible": "是",
        "indoor": "84.25",
        "outdoor": "286.0",
        "service_village": "集福里、觀音里\r\n、成州里、成功里\r\n、五龍里、陸一里\r\n、成德里、六福里\r\n、集賢里",
        "capacity": "370.25",
        "area": "337"
      },
      "geometry": {
        "type": "Point",
        "coordinates": [
          121.450516619464,
          25.099770494318
        ]
      }
    },
    {
      "type": "Feature",
      "properties": {
        "city": "newtaipei",
        "id": "SF248\r\n-0007",
        "name": "更寮\r\n國民小學",
        "address": "新北市五股區興珍里四維路2號",
        "type": "避難所",
        "flood": "是",
        "earthquake": "否",
        "debris_flow": "是",
        "tsunami": "是",
        "relief_station": "是",
        "accessible": "是",
        "indoor": "106.0",
        "outdoor": "182.0",
        "service_village": "興珍里、更寮里",
        "capacity": "288.0",
        "area": "425"
      },
      "geometry": {
        "type": "Point",
        "coordinates": [
          121.467461977837,
          25.070171982548
        ]
      }
    },
    {
      "type": "Feature",
      "properties": {
        "city": "newtaipei",
        "id": "SF248\r\n-0008",
        "name": "五股\r\n國民小學",
        "address": "新北市五股區五股里成泰路二段49號",
        "type": "避難所",
        "flood": "是",
        "earthquake": "否",
        "debris_flow": "是",
        "tsunami": "是",
        "relief_station": "是",
        "accessible": "是",
        "indoor": "613.0",
        "outdoor": "243.0",
        "service_village": "五龍里、五股里\r\n、五福里、陸一里\r\n、民義里、福德里",
        "capacity": "856.0",
        "area": "2453"
      },
      "geometry": {
        "type": "Point",
        "coordinates": [
          121.437118231057,
          25.082250179296
        ]
      }
    },
    {
      "type": "Feature",
      "properties": {
        "city": "newtaipei",
        "id": "SF248-0009",
        "name": "德音國民小學",
        "address": "新北市五股區水碓里明德路2號",
        "type": "避難所",
        "flood": "是",
        "earthquake": "否",
        "debris_flow": "是",
        "tsunami": "是",
        "relief_station": "是",
        "accessible": "是",
        "indoor": "30.0",
        "outdoor": "88.0",
        "service_village": "德音里、貿商里、德泰里、民義里、水碓里、福德里",
        "capacity": "118.0",
        "area": "120"
      },
      "geometry": {
        "type": "Point",
        "coordinates": [
          121.434529983175,
          25.071530018501
        ]
      }
    },
    {
      "type": "Feature",
      "properties": {
        "city": "newtaipei",
        "id": "SF248\r\n-0010",
        "name": "五股\r\n國民中學",
        "address": "新北市五股區五股里成泰路二段49巷15號",
        "type": "避難所",
        "flood": "是",
        "earthquake": "否",
        "debris_flow": "否",
        "tsunami": "是",
        "relief_station": "是",
        "accessible": "是",
        "indoor": "23.25",
        "outdoor": "191.0",
        "service_village": "五股里、五福里、貿商里、德泰里、水碓里",
        "capacity": "214.25",
        "area": "93"
      },
      "geometry": {
        "type": "Point",
        "coordinates": [
          121.435722979454,
          25.083273190578
        ]
      }
    },
    {
      "type": "Feature",
      "properties": {
        "city": "newtaipei",
        "id": "SF248\r\n-0011",
        "name": "憲訓中心",
        "address": "新北市五股區德音里成泰路一段175號",
        "type": "避難所",
        "flood": "是",
        "earthquake": "否",
        "debris_flow": "是",
        "tsunami": "是",
        "relief_station": "否",
        "accessible": "否",
        "indoor": "686.0",
        "outdoor": "0.0",
        "service_village": "德音里、貿商里\r\n、德泰里、水碓里",
        "capacity": "686.0",
        "area": "2745"
      },
      "geometry": {
        "type": "Point",
        "coordinates": [
          121.434893673954,
          25.075847285369
        ]
      }
    },
    {
      "type": "Feature",
      "properties": {
        "city": "newtaipei",
        "id": "SF248\r\n-0012",
        "name": "公民會館",
        "address": "新北市五股區成泰里御史路1巷59號",
        "type": "避難所",
        "flood": "是",
        "earthquake": "是",
        "debris_flow": "是",
        "tsunami": "是",
        "relief_station": "是",
        "accessible": "是",
        "indoor": "182.0",
        "outdoor": "0.0",
        "service_village": "觀音里、五龍里\r\n、陸一里、民義里\r\n、成泰里、福德里",
        "capacity": "182.0",
        "area": "731.23"
      },
      "geometry": {
        "type": "Point",
        "coordinates": [
          121.440479038954,
          25.090726085515
        ]
      }
    },
    {
      "type": "Feature",
      "properties": {
        "city": "newtaipei",
        "id": "SF248\r\n-0013",
        "name": "觀音市民\r\n活動中心",
        "address": "新北市五股區觀音里凌雲路三段17之2號",
        "type": "避難所",
        "flood": "是",
        "earthquake": "是",
        "debris_flow": "是",
        "tsunami": "是",
        "relief_station": "是",
        "accessible": "是",
        "indoor": "149.0",
        "outdoor": "0.0",
        "service_village": "觀音里、集賢里",
        "capacity": "149.0",
        "area": "599.41"
      },
      "geometry": {
        "type": "Point",
        "coordinates": [
          121.430509770955,
          25.108608079659
        ]
      }
    },
    {
      "type": "Feature",
      "properties": {
        "city": "newtaipei",
        "id": "SF248\r\n-0014",
        "name": "防災體健公園",
        "address": "新北市五股區成德里成泰路三段與成州八路交叉",
        "type": "避難所",
        "flood": "是",
        "earthquake": "是",
        "debris_flow": "是",
        "tsunami": "是",
        "relief_station": "否",
        "accessible": "是",
        "indoor": "0.0",
        "outdoor": "1330.0",
        "service_village": "五股里、水碓里\r\n成功里、成泰里\r\n五福里、集賢里\r\n集福里、成德里\r\n德音里、五龍里\r\n民義里、福德里\r\n貿商里、里興珍\r\n觀音里、陸一里\r\n六福里、更寮里\r\n德泰里、成州里\r\n",
        "capacity": "1330.0",
        "area": "0"
      },
      "geometry": {
        "type": "Point",
        "coordinates": [
          121.441946039648,
          25.087743008084
        ]
      }
    },
    {
      "type": "Feature",
      "properties": {
        "city": "newtaipei",
        "id": "SF243-0001",
        "name": "泰山區公所",
        "address": "新北市泰山區明志路1段322號",
        "type": "避難所",
        "flood": "是",
        "earthquake": "是",
        "debris_flow": "是",
        "tsunami": "是",
        "relief_station": "是",
        "accessible": "是",
        "indoor": "53.0",
        "outdoor": "0.0",
        "service_village": "同榮里、同興里、福泰里、福興里",
        "capacity": "53.0",
        "area": "214"
      },
      "geometry": {
        "type": "Point",
        "coordinates": [
          121.431448963206,
          25.059330996619
        ]
      }
    },
    {
      "type": "Feature",
      "properties": {
        "city": "newtaipei",
        "id": "SF243-0002",
        "name": "泰山國中",
        "address": "新北市泰山區泰林路二段498號",
        "type": "避難所",
        "flood": "是",
        "earthquake": "否",
        "debris_flow": "是",
        "tsunami": "是",
        "relief_station": "否",
        "accessible": "否",
        "indoor": "470.0",
        "outdoor": "582.0",
        "service_village": "大科里、山腳里、黎明里",
        "capacity": "1052.0",
        "area": "1895.3"
      },
      "geometry": {
        "type": "Point",
        "coordinates": [
          121.424545795389,
          25.06401509748
        ]
      }
    },
    {
      "type": "Feature",
      "properties": {
        "city": "newtaipei",
        "id": "SF243-0003",
        "name": "黎明市民活動中心",
        "address": "新北市泰山區黎明路23號",
        "type": "避難所",
        "flood": "是",
        "earthquake": "否",
        "debris_flow": "是",
        "tsunami": "是",
        "relief_station": "否",
        "accessible": "否",
        "indoor": "21.0",
        "outdoor": "0.0",
        "service_village": "黎明里、大科里",
        "capacity": "21.0",
        "area": "86"
      },
      "geometry": {
        "type": "Point",
        "coordinates": [
          121.420982815987,
          25.062661001022
        ]
      }
    },
    {
      "type": "Feature",
      "properties": {
        "city": "newtaipei",
        "id": "SF243-0004",
        "name": "泰山國小",
        "address": "新北市泰山區泰林路二段255號",
        "type": "避難所",
        "flood": "是",
        "earthquake": " 是",
        "debris_flow": "是",
        "tsunami": "是",
        "relief_station": "否",
        "accessible": "否",
        "indoor": "305.0",
        "outdoor": "1000.0",
        "service_village": "大科里、山腳里、黎明里、楓樹里",
        "capacity": "1305.0",
        "area": "1220"
      },
      "geometry": {
        "type": "Point",
        "coordinates": [
          121.431285180818,
          25.062342488702
        ]
      }
    },
    {
      "type": "Feature",
      "properties": {
        "city": "newtaipei",
        "id": "SF243-0005",
        "name": "泰山體育館",
        "address": "新北市泰山區公園路54號",
        "type": "避難所",
        "flood": "是",
        "earthquake": " 是",
        "debris_flow": "是",
        "tsunami": "是",
        "relief_station": "否",
        "accessible": "是",
        "indoor": "500.0",
        "outdoor": "780.0",
        "service_village": "同榮里、同興里、義學里、義仁里、全興里",
        "capacity": "1280.0",
        "area": "2000"
      },
      "geometry": {
        "type": "Point",
        "coordinates": [
          121.426598691115,
          25.055339408599
        ]
      }
    },
    {
      "type": "Feature",
      "properties": {
        "city": "newtaipei",
        "id": "SF243-0006",
        "name": "同榮國小",
        "address": "新北市泰山區公園路30號",
        "type": "避難所",
        "flood": "是",
        "earthquake": " 是",
        "debris_flow": "是",
        "tsunami": "是",
        "relief_station": "否",
        "accessible": "否",
        "indoor": "1500.0",
        "outdoor": "457.0",
        "service_village": "同榮里、義學里、義仁里",
        "capacity": "1957.0",
        "area": "13584"
      },
      "geometry": {
        "type": "Point",
        "coordinates": [
          121.429180987845,
          25.054462996803
        ]
      }
    },
    {
      "type": "Feature",
      "properties": {
        "city": "newtaipei",
        "id": "SF243-0007",
        "name": "義學國小",
        "address": "新北市泰山區民生路30號",
        "type": "避難所",
        "flood": "是",
        "earthquake": " 是",
        "debris_flow": "是",
        "tsunami": "是",
        "relief_station": "否",
        "accessible": "否",
        "indoor": "200.0",
        "outdoor": "573.0",
        "service_village": "明志里、義學里、義仁里、同榮里",
        "capacity": "773.0",
        "area": "800"
      },
      "geometry": {
        "type": "Point",
        "coordinates": [
          121.431011008765,
          25.052190998128
        ]
      }
    },
    {
      "type": "Feature",
      "properties": {
        "city": "newtaipei",
        "id": "SF243-0008",
        "name": "明志國小",
        "address": "新北市泰山區新生路2號",
        "type": "避難所",
        "flood": "是",
        "earthquake": " 是",
        "debris_flow": "是",
        "tsunami": "是",
        "relief_station": "否",
        "accessible": "否",
        "indoor": "336.0",
        "outdoor": "688.0",
        "service_village": "明志里、新明里、泰友里、貴和里",
        "capacity": "1024.0",
        "area": "1346"
      },
      "geometry": {
        "type": "Point",
        "coordinates": [
          121.427420033807,
          25.0452419813
        ]
      }
    },
    {
      "type": "Feature",
      "properties": {
        "city": "newtaipei",
        "id": "SF243-0009",
        "name": "義學國中",
        "address": "新北市泰山區民生路33號",
        "type": "避難所",
        "flood": "是",
        "earthquake": " 是",
        "debris_flow": "是",
        "tsunami": "是",
        "relief_station": "否",
        "accessible": "否",
        "indoor": "60.0",
        "outdoor": "513.0",
        "service_village": "義學里、義仁里、全興里",
        "capacity": "573.0",
        "area": "240"
      },
      "geometry": {
        "type": "Point",
        "coordinates": [
          121.431329101991,
          25.051678486658
        ]
      }
    },
    {
      "type": "Feature",
      "properties": {
        "city": "newtaipei",
        "id": "SF243-0010",
        "name": "泰山高中",
        "address": "新北市泰山區辭修路7號",
        "type": "避難所",
        "flood": "是",
        "earthquake": " 是",
        "debris_flow": "是",
        "tsunami": "是",
        "relief_station": "否",
        "accessible": "否",
        "indoor": "262.0",
        "outdoor": "308.0",
        "service_village": "同榮里、同興里、福興里、全興里",
        "capacity": "570.0",
        "area": "1050"
      },
      "geometry": {
        "type": "Point",
        "coordinates": [
          121.429866459886,
          25.057718695634
        ]
      }
    },
    {
      "type": "Feature",
      "properties": {
        "city": "newtaipei",
        "id": "SF243-0011",
        "name": "明志科技大學",
        "address": "新北市泰山區工專路84號",
        "type": "避難所",
        "flood": "是",
        "earthquake": " 是",
        "debris_flow": "否",
        "tsunami": "是",
        "relief_station": "否",
        "accessible": "否",
        "indoor": "307.0",
        "outdoor": "1496.0",
        "service_village": "貴子里、貴賢里、貴和里",
        "capacity": "1803.0",
        "area": "1230"
      },
      "geometry": {
        "type": "Point",
        "coordinates": [
          121.422251500852,
          25.040594006442
        ]
      }
    },
    {
      "type": "Feature",
      "properties": {
        "city": "newtaipei",
        "id": "SF243-0012",
        "name": "黎明技術學院",
        "address": "新北市泰山區泰林路三段22號",
        "type": "避難所",
        "flood": "是",
        "earthquake": " 是",
        "debris_flow": "是",
        "tsunami": "是",
        "relief_station": "否",
        "accessible": "否",
        "indoor": "573.0",
        "outdoor": "508.0",
        "service_village": "大科里、黎明里、山腳里",
        "capacity": "1081.0",
        "area": "2292"
      },
      "geometry": {
        "type": "Point",
        "coordinates": [
          121.419440294346,
          25.065336714063
        ]
      }
    },
    {
      "type": "Feature",
      "properties": {
        "city": "newtaipei",
        "id": "SF243-0013",
        "name": "明志市民活動中心",
        "address": "新北市泰山區明志路二段426號",
        "type": "避難所",
        "flood": "是",
        "earthquake": " 是",
        "debris_flow": "否",
        "tsunami": "是",
        "relief_station": "否",
        "accessible": "否",
        "indoor": "20.0",
        "outdoor": "0.0",
        "service_village": "明志里、新明里、泰友里",
        "capacity": "20.0",
        "area": "80"
      },
      "geometry": {
        "type": "Point",
        "coordinates": [
          121.4247629705,
          25.043754989767
        ]
      }
    },
    {
      "type": "Feature",
      "properties": {
        "city": "newtaipei",
        "id": "SF243-0014",
        "name": "貴和市民活動中心",
        "address": "新北市泰山區明志路三段365號",
        "type": "避難所",
        "flood": "是",
        "earthquake": " 是",
        "debris_flow": "是",
        "tsunami": "是",
        "relief_station": "否",
        "accessible": "否",
        "indoor": "76.0",
        "outdoor": "0.0",
        "service_village": "貴和里、貴賢里、貴子里",
        "capacity": "76.0",
        "area": "304"
      },
      "geometry": {
        "type": "Point",
        "coordinates": [
          121.422411008469,
          25.034418010635
        ]
      }
    },
    {
      "type": "Feature",
      "properties": {
        "city": "newtaipei",
        "id": "SF243-0015",
        "name": "楓樹福泰市民活動中心",
        "address": "新北市泰山區楓江路26巷26號",
        "type": "避難所",
        "flood": "是",
        "earthquake": " 是",
        "debris_flow": "是",
        "tsunami": "是",
        "relief_station": "否",
        "accessible": "否",
        "indoor": "201.0",
        "outdoor": "0.0",
        "service_village": "楓樹里、福泰里、山腳里",
        "capacity": "201.0",
        "area": "806"
      },
      "geometry": {
        "type": "Point",
        "coordinates": [
          121.434895015059,
          25.061662381078
        ]
      }
    },
    {
      "type": "Feature",
      "properties": {
        "city": "newtaipei",
        "id": "SF243-0016",
        "name": "義仁市民活動中心",
        "address": "新北市泰山區明志路二段177號",
        "type": "避難所",
        "flood": "是",
        "earthquake": " 是",
        "debris_flow": "是",
        "tsunami": "是",
        "relief_station": "否",
        "accessible": "否",
        "indoor": "55.0",
        "outdoor": "0.0",
        "service_village": "義學里、義仁里、泰友里、明志里",
        "capacity": "55.0",
        "area": "220"
      },
      "geometry": {
        "type": "Point",
        "coordinates": [
          121.428011796171,
          25.050130181504
        ]
      }
    },
    {
      "type": "Feature",
      "properties": {
        "city": "newtaipei",
        "id": "SF243-0017",
        "name": "山腳市民活動中心",
        "address": "新北市泰山區福德街14號",
        "type": "避難所",
        "flood": "是",
        "earthquake": " 是",
        "debris_flow": "是",
        "tsunami": "是",
        "relief_station": "否",
        "accessible": "否",
        "indoor": "62.0",
        "outdoor": "0.0",
        "service_village": "山腳里、福泰里、楓樹里",
        "capacity": "62.0",
        "area": "248"
      },
      "geometry": {
        "type": "Point",
        "coordinates": [
          121.432334176,
          25.062660581927
        ]
      }
    },
    {
      "type": "Feature",
      "properties": {
        "city": "newtaipei",
        "id": "SF244-0001",
        "name": "林口區公所",
        "address": "新北市林口區仁愛路一段378號",
        "type": "避難所",
        "flood": "是",
        "earthquake": "否",
        "debris_flow": "是",
        "tsunami": "是",
        "relief_station": "否",
        "accessible": "是",
        "indoor": "120.0",
        "outdoor": "0.0",
        "service_village": "林口里、西林里",
        "capacity": "120.0",
        "area": "480"
      },
      "geometry": {
        "type": "Point",
        "coordinates": [
          121.388524063578,
          25.0767405867
        ]
      }
    },
    {
      "type": "Feature",
      "properties": {
        "city": "newtaipei",
        "id": "SF244-0002",
        "name": "林口國民小學",
        "address": "新北市林口區林口路76號",
        "type": "避難所",
        "flood": "是",
        "earthquake": "是",
        "debris_flow": "是",
        "tsunami": "是",
        "relief_station": "否",
        "accessible": "是",
        "indoor": "302.0",
        "outdoor": "0.0",
        "service_village": "菁湖里、中湖里",
        "capacity": "302.0",
        "area": "1208"
      },
      "geometry": {
        "type": "Point",
        "coordinates": [
          121.389892660729,
          25.080841600467
        ]
      }
    },
    {
      "type": "Feature",
      "properties": {
        "city": "newtaipei",
        "id": "SF244-0003",
        "name": "嘉寶國民小學",
        "address": "新北市林口區嘉溪雅坑22號",
        "type": "避難所",
        "flood": "是",
        "earthquake": "是",
        "debris_flow": "否",
        "tsunami": "是",
        "relief_station": "否",
        "accessible": "否",
        "indoor": "109.0",
        "outdoor": "0.0",
        "service_village": "嘉寶里、下福里",
        "capacity": "109.0",
        "area": "436"
      },
      "geometry": {
        "type": "Point",
        "coordinates": [
          121.340768,
          25.107162
        ]
      }
    },
    {
      "type": "Feature",
      "properties": {
        "city": "newtaipei",
        "id": "SF244-0004",
        "name": "興福國民小學",
        "address": "新北市林口區下福里20鄰10-1號",
        "type": "避難所",
        "flood": "是",
        "earthquake": "是",
        "debris_flow": "是",
        "tsunami": "是",
        "relief_station": "否",
        "accessible": "是",
        "indoor": "236.0",
        "outdoor": "0.0",
        "service_village": "下福里、瑞平里",
        "capacity": "236.0",
        "area": "943"
      },
      "geometry": {
        "type": "Point",
        "coordinates": [
          121.3888989,
          25.0770583
        ]
      }
    },
    {
      "type": "Feature",
      "properties": {
        "city": "newtaipei",
        "id": "SF244-0005",
        "name": "瑞平國民小學",
        "address": "新北市林口區太平里後坑34之1",
        "type": "避難所",
        "flood": "是",
        "earthquake": "是",
        "debris_flow": "是",
        "tsunami": "否",
        "relief_station": "是",
        "accessible": "是",
        "indoor": "68.0",
        "outdoor": "0.0",
        "service_village": "嘉寶里、下福里、瑞平里、太平里",
        "capacity": "68.0",
        "area": "270"
      },
      "geometry": {
        "type": "Point",
        "coordinates": [
          121.371043,
          25.119974
        ]
      }
    },
    {
      "type": "Feature",
      "properties": {
        "city": "newtaipei",
        "id": "SF244-0006",
        "name": "醒吾高級中學",
        "address": "新北市林口區粉寮路一段75巷80號",
        "type": "避難所",
        "flood": "是",
        "earthquake": "是",
        "debris_flow": "是",
        "tsunami": "否",
        "relief_station": "否",
        "accessible": "否",
        "indoor": "190.0",
        "outdoor": "0.0",
        "service_village": "東林里",
        "capacity": "190.0",
        "area": "760"
      },
      "geometry": {
        "type": "Point",
        "coordinates": [
          121.39726203,
          25.079037018623
        ]
      }
    },
    {
      "type": "Feature",
      "properties": {
        "city": "newtaipei",
        "id": "SF244-0007",
        "name": "林口國民中學",
        "address": "新北市林口區民治路25號",
        "type": "避難所",
        "flood": "是",
        "earthquake": "是",
        "debris_flow": "是",
        "tsunami": "是",
        "relief_station": "是",
        "accessible": "否",
        "indoor": "415.0",
        "outdoor": "0.0",
        "service_village": "西林里、仁愛里",
        "capacity": "415.0",
        "area": "1659"
      },
      "geometry": {
        "type": "Point",
        "coordinates": [
          121.376896016941,
          25.076858184802
        ]
      }
    },
    {
      "type": "Feature",
      "properties": {
        "city": "newtaipei",
        "id": "SF244-0008",
        "name": "麗園國民小學",
        "address": "新北市林口區忠孝路591號",
        "type": "避難所",
        "flood": "是",
        "earthquake": "是",
        "debris_flow": "是",
        "tsunami": "是",
        "relief_station": "是",
        "accessible": "否",
        "indoor": "320.0",
        "outdoor": "0.0",
        "service_village": "麗園里、東勢里",
        "capacity": "320.0",
        "area": "1280"
      },
      "geometry": {
        "type": "Point",
        "coordinates": [
          121.376153967053,
          25.068518987423
        ]
      }
    },
    {
      "type": "Feature",
      "properties": {
        "city": "newtaipei",
        "id": "SF244-0009",
        "name": "麗林國民小學",
        "address": "新北市林口區公園路46號",
        "type": "避難所",
        "flood": "是",
        "earthquake": "是",
        "debris_flow": "是",
        "tsunami": "是",
        "relief_station": "否",
        "accessible": "是",
        "indoor": "484.0",
        "outdoor": "0.0",
        "service_village": "麗林里、仁愛里",
        "capacity": "484.0",
        "area": "1935"
      },
      "geometry": {
        "type": "Point",
        "coordinates": [
          121.367903324481,
          25.068714788681
        ]
      }
    },
    {
      "type": "Feature",
      "properties": {
        "city": "newtaipei",
        "id": "SF244-0010",
        "name": "南勢國民小學",
        "address": "新北市林口區南勢街215號",
        "type": "避難所",
        "flood": "是",
        "earthquake": "是",
        "debris_flow": "是",
        "tsunami": "是",
        "relief_station": "是",
        "accessible": "是",
        "indoor": "341.0",
        "outdoor": "0.0",
        "service_village": "南勢里",
        "capacity": "341.0",
        "area": "1364.12"
      },
      "geometry": {
        "type": "Point",
        "coordinates": [
          121.35899682752,
          25.075343745037
        ]
      }
    },
    {
      "type": "Feature",
      "properties": {
        "city": "newtaipei",
        "id": "SF244-0011",
        "name": "林口高中",
        "address": "新北市林口區仁愛路二段173號",
        "type": "避難所",
        "flood": "是",
        "earthquake": "是",
        "debris_flow": "是",
        "tsunami": "是",
        "relief_station": "是",
        "accessible": "是",
        "indoor": "415.0",
        "outdoor": "0.0",
        "service_village": "西林里",
        "capacity": "415.0",
        "area": "1659"
      },
      "geometry": {
        "type": "Point",
        "coordinates": [
          121.381001640754,
          25.073638486245
        ]
      }
    },
    {
      "type": "Feature",
      "properties": {
        "city": "newtaipei",
        "id": "SF244-0012",
        "name": "崇林國民中學",
        "address": "新北市林口區文化一路一段20號",
        "type": "避難所",
        "flood": "是",
        "earthquake": "否",
        "debris_flow": "是",
        "tsunami": "是",
        "relief_station": "是",
        "accessible": "是",
        "indoor": "813.0",
        "outdoor": "0.0",
        "service_village": "東勢里、麗園里、麗林里",
        "capacity": "813.0",
        "area": "3250"
      },
      "geometry": {
        "type": "Point",
        "coordinates": [
          121.370275738356,
          25.068111794567
        ]
      }
    },
    {
      "type": "Feature",
      "properties": {
        "city": "newtaipei",
        "id": "SF244-0013",
        "name": "頭湖國民小學",
        "address": "新北市林口區民權路101號",
        "type": "避難所",
        "flood": "是",
        "earthquake": "是",
        "debris_flow": "是",
        "tsunami": "是",
        "relief_station": "否",
        "accessible": "否",
        "indoor": "100.0",
        "outdoor": "0.0",
        "service_village": "湖南里、頂福里",
        "capacity": "100.0",
        "area": "400"
      },
      "geometry": {
        "type": "Point",
        "coordinates": [
          121.372864992066,
          25.082747016606
        ]
      }
    },
    {
      "type": "Feature",
      "properties": {
        "city": "newtaipei",
        "id": "SF244-0014",
        "name": "佳林國民中學",
        "address": "新北市林口區中山路268號",
        "type": "避難所",
        "flood": "是",
        "earthquake": "是",
        "debris_flow": "是",
        "tsunami": "是",
        "relief_station": "否",
        "accessible": "是",
        "indoor": "213.0",
        "outdoor": "0.0",
        "service_village": "湖南里、中湖里、菁湖里",
        "capacity": "213.0",
        "area": "853"
      },
      "geometry": {
        "type": "Point",
        "coordinates": [
          121.38423102041,
          25.080334998239
        ]
      }
    },
    {
      "type": "Feature",
      "properties": {
        "city": "newtaipei",
        "id": "SF244-0015",
        "name": "湖南市民活動中心",
        "address": "新北市林口區民權路165號",
        "type": "避難所",
        "flood": "是",
        "earthquake": "是",
        "debris_flow": "是",
        "tsunami": "是",
        "relief_station": "否",
        "accessible": "是",
        "indoor": "139.0",
        "outdoor": "0.0",
        "service_village": "湖南里、中湖里",
        "capacity": "139.0",
        "area": "556.93‬"
      },
      "geometry": {
        "type": "Point",
        "coordinates": [
          121.374432994693,
          25.084560986182
        ]
      }
    },
    {
      "type": "Feature",
      "properties": {
        "city": "newtaipei",
        "id": "SF244-0016",
        "name": "麗林市民活動中心",
        "address": "新北市林口區公園路59號",
        "type": "避難所",
        "flood": "是",
        "earthquake": "是",
        "debris_flow": "是",
        "tsunami": "是",
        "relief_station": "否",
        "accessible": "是",
        "indoor": "276.0",
        "outdoor": "0.0",
        "service_village": "麗林里",
        "capacity": "276.0",
        "area": "1104.18"
      },
      "geometry": {
        "type": "Point",
        "coordinates": [
          121.367576011162,
          25.068858999325
        ]
      }
    },
    {
      "type": "Feature",
      "properties": {
        "city": "newtaipei",
        "id": "SF244-0017",
        "name": "林口西林市民活動中心",
        "address": "新北市林口區中正路100號",
        "type": "避難所",
        "flood": "是",
        "earthquake": "是",
        "debris_flow": "是",
        "tsunami": "是",
        "relief_station": "否",
        "accessible": "否",
        "indoor": "65.0",
        "outdoor": "0.0",
        "service_village": "林口里、東林里",
        "capacity": "65.0",
        "area": "259.47"
      },
      "geometry": {
        "type": "Point",
        "coordinates": [
          121.393978000336,
          25.077353010456
        ]
      }
    },
    {
      "type": "Feature",
      "properties": {
        "city": "newtaipei",
        "id": "SF244-0018",
        "name": "湖北市民活動中心",
        "address": "新北市林口區後湖17-6號",
        "type": "避難所",
        "flood": "是",
        "earthquake": "是",
        "debris_flow": "是",
        "tsunami": "是",
        "relief_station": "否",
        "accessible": "否",
        "indoor": "125.0",
        "outdoor": "0.0",
        "service_village": "湖北里、太平里、嘉寶里、頂福里",
        "capacity": "125.0",
        "area": "499.23"
      },
      "geometry": {
        "type": "Point",
        "coordinates": [
          121.387459,
          25.098184
        ]
      }
    },
    {
      "type": "Feature",
      "properties": {
        "city": "newtaipei",
        "id": "SF244-0020",
        "name": "師範大學林口校區",
        "address": "新北市林口區仁愛路一段2號",
        "type": "避難所",
        "flood": "是",
        "earthquake": "否",
        "debris_flow": 0,
        "tsunami": "是",
        "relief_station": "是",
        "accessible": "否",
        "indoor": "629.0",
        "outdoor": "0.0",
        "service_village": "林口里",
        "capacity": "629.0",
        "area": "2517"
      },
      "geometry": {
        "type": "Point",
        "coordinates": [
          121.397844069357,
          25.067901618345
        ]
      }
    },
    {
      "type": "Feature",
      "properties": {
        "city": "newtaipei",
        "id": "SF244-0021",
        "name": "麗園市民活動中心",
        "address": "新北市林口區忠孝路569巷17號",
        "type": "避難所",
        "flood": "是",
        "earthquake": "是",
        "debris_flow": "是",
        "tsunami": "是",
        "relief_station": "是",
        "accessible": "否",
        "indoor": "75.0",
        "outdoor": "0.0",
        "service_village": "麗園里",
        "capacity": "75.0",
        "area": "300"
      },
      "geometry": {
        "type": "Point",
        "coordinates": [
          121.373755988373,
          25.068978986269
        ]
      }
    },
    {
      "type": "Feature",
      "properties": {
        "city": "newtaipei",
        "id": "SF244-0022",
        "name": "東勢市民活動中心",
        "address": "新北市林口區麗園一街35號",
        "type": "避難所",
        "flood": "是",
        "earthquake": "是",
        "debris_flow": "是",
        "tsunami": "是",
        "relief_station": "否",
        "accessible": "是",
        "indoor": "268.0",
        "outdoor": "0.0",
        "service_village": "東勢里",
        "capacity": "268.0",
        "area": "1072.35"
      },
      "geometry": {
        "type": "Point",
        "coordinates": [
          121.377254008025,
          25.068775012656
        ]
      }
    },
    {
      "type": "Feature",
      "properties": {
        "city": "newtaipei",
        "id": "SF244-0023",
        "name": "南勢市民活動中心",
        "address": "新北市林口區南勢二街154號",
        "type": "避難所",
        "flood": "是",
        "earthquake": "是",
        "debris_flow": "是",
        "tsunami": "是",
        "relief_station": "否",
        "accessible": "是",
        "indoor": "198.0",
        "outdoor": "0.0",
        "service_village": "南勢里",
        "capacity": "198.0",
        "area": "792.77"
      },
      "geometry": {
        "type": "Point",
        "coordinates": [
          121.359019093848,
          25.073834916145
        ]
      }
    },
    {
      "type": "Feature",
      "properties": {
        "city": "newtaipei",
        "id": "SF244-0024",
        "name": "太平市民活動中心",
        "address": "新北市林口區汕頭32號",
        "type": "避難所",
        "flood": "是",
        "earthquake": "是",
        "debris_flow": "是",
        "tsunami": "是",
        "relief_station": "否",
        "accessible": "否",
        "indoor": "74.0",
        "outdoor": "3.0",
        "service_village": "太平里、瑞平里",
        "capacity": "77.0",
        "area": "276.91"
      },
      "geometry": {
        "type": "Point",
        "coordinates": [
          121.359682,
          25.131323
        ]
      }
    },
    {
      "type": "Feature",
      "properties": {
        "city": "newtaipei",
        "id": "SF244-0025",
        "name": "仁愛市民活動中心",
        "address": "新北市林口區文化一路一段137號",
        "type": "避難所",
        "flood": "是",
        "earthquake": "是",
        "debris_flow": "是",
        "tsunami": "是",
        "relief_station": "否",
        "accessible": "是",
        "indoor": "195.0",
        "outdoor": "0.0",
        "service_village": "仁愛里、南勢里",
        "capacity": "195.0",
        "area": "779.63"
      },
      "geometry": {
        "type": "Point",
        "coordinates": [
          121.373909628659,
          25.071966506109
        ]
      }
    },
    {
      "type": "Feature",
      "properties": {
        "city": "newtaipei",
        "id": "SF244-0026",
        "name": "新北特殊教育學校",
        "address": "新北市林口區文化北路一段425號",
        "type": "避難所",
        "flood": "是",
        "earthquake": "是",
        "debris_flow": "是",
        "tsunami": "是",
        "relief_station": "否",
        "accessible": "是",
        "indoor": "1118.0",
        "outdoor": "0.0",
        "service_village": "南勢里、湖南里",
        "capacity": "1118.0",
        "area": "4471"
      },
      "geometry": {
        "type": "Point",
        "coordinates": [
          121.365937935824,
          25.078445717263
        ]
      }
    },
    {
      "type": "Feature",
      "properties": {
        "city": "newtaipei",
        "id": "SF244-0027",
        "name": "林口防災公園",
        "address": "新北市林口區文化一路口跟仁愛路口交界處",
        "type": "避難所",
        "flood": "是",
        "earthquake": "是",
        "debris_flow": "是",
        "tsunami": "是",
        "relief_station": "否",
        "accessible": "否",
        "indoor": "0.0",
        "outdoor": "1961.0",
        "service_village": "仁愛里",
        "capacity": "1961.0",
        "area": "0"
      },
      "geometry": {
        "type": "Point",
        "coordinates": [
          121.3888989,
          25.0770583
        ]
      }
    },
    {
      "type": "Feature",
      "properties": {
        "city": "newtaipei",
        "id": "SF244-0028",
        "name": "下福市民活動中心",
        "address": "新北市林口區下福里11鄰下福139-13號",
        "type": "避難所",
        "flood": "是",
        "earthquake": "是",
        "debris_flow": "是",
        "tsunami": "是",
        "relief_station": "否",
        "accessible": "是",
        "indoor": "251.0",
        "outdoor": "0.0",
        "service_village": "下福里",
        "capacity": "251.0",
        "area": "1006.73"
      },
      "geometry": {
        "type": "Point",
        "coordinates": [
          121.3888989,
          25.0770583
        ]
      }
    },
    {
      "type": "Feature",
      "properties": {
        "city": "newtaipei",
        "id": "SF244-0029",
        "name": "新林國小",
        "address": "新北市林口區三民路101號",
        "type": "避難所",
        "flood": "是",
        "earthquake": "是",
        "debris_flow": "是",
        "tsunami": "是",
        "relief_station": "否",
        "accessible": "是",
        "indoor": "225.0",
        "outdoor": "0.0",
        "service_village": "南勢里",
        "capacity": "225.0",
        "area": "900"
      },
      "geometry": {
        "type": "Point",
        "coordinates": [
          121.359474901743,
          25.069576909332
        ]
      }
    },
    {
      "type": "Feature",
      "properties": {
        "city": "newtaipei",
        "id": "SF244-0030",
        "name": "東湖國小-社福大樓",
        "address": "新北市林口區佳林路200號",
        "type": "避難所",
        "flood": "是",
        "earthquake": "是",
        "debris_flow": "是",
        "tsunami": "是",
        "relief_station": "否",
        "accessible": "是",
        "indoor": "80.0",
        "outdoor": "0.0",
        "service_village": "西林里",
        "capacity": "80.0",
        "area": "320"
      },
      "geometry": {
        "type": "Point",
        "coordinates": [
          121.381803705069,
          25.075778218487
        ]
      }
    },
    {
      "type": "Feature",
      "properties": {
        "city": "newtaipei",
        "id": "SF222-0001",
        "name": "深坑區公所",
        "address": "新北市深坑區深坑街10號5樓",
        "type": "避難所",
        "flood": "是",
        "earthquake": "是",
        "debris_flow": "是",
        "tsunami": "是",
        "relief_station": "是",
        "accessible": "是",
        "indoor": "75.0",
        "outdoor": "0.0",
        "service_village": "深坑、埔新、賴仲、土庫、昇高、阿柔、萬順、萬福8里",
        "capacity": "75.0",
        "area": "400"
      },
      "geometry": {
        "type": "Point",
        "coordinates": [
          121.615955020122,
          25.002437990626
        ]
      }
    },
    {
      "type": "Feature",
      "properties": {
        "city": "newtaipei",
        "id": "SF222-0002",
        "name": "深坑國中",
        "address": "新北市深坑區文化街41號",
        "type": "避難所",
        "flood": "是",
        "earthquake": "是",
        "debris_flow": "是",
        "tsunami": "是",
        "relief_station": "是",
        "accessible": "是",
        "indoor": "134.0",
        "outdoor": "130.0",
        "service_village": "深坑里、埔新里、昇高里、土庫里等",
        "capacity": "264.0",
        "area": "540"
      },
      "geometry": {
        "type": "Point",
        "coordinates": [
          121.618364984923,
          25.001469000709
        ]
      }
    },
    {
      "type": "Feature",
      "properties": {
        "city": "newtaipei",
        "id": "SF222-0003",
        "name": "深坑國小",
        "address": "新北市深坑區文化街45號",
        "type": "避難所",
        "flood": "是",
        "earthquake": "是",
        "debris_flow": "是",
        "tsunami": "是",
        "relief_station": "是",
        "accessible": "是",
        "indoor": "91.0",
        "outdoor": "541.0",
        "service_village": "深坑里、埔新里、阿柔里等",
        "capacity": "632.0",
        "area": "364"
      },
      "geometry": {
        "type": "Point",
        "coordinates": [
          121.61685900838,
          25.001789985691
        ]
      }
    },
    {
      "type": "Feature",
      "properties": {
        "city": "newtaipei",
        "id": "SF222-0004",
        "name": "東南科技大學",
        "address": "新北市深坑區北深路3段152號",
        "type": "避難所",
        "flood": "是",
        "earthquake": "是",
        "debris_flow": "是",
        "tsunami": "是",
        "relief_station": "是",
        "accessible": "是",
        "indoor": "204.0",
        "outdoor": "712.0",
        "service_village": "深坑里、萬順里、萬福里等",
        "capacity": "916.0",
        "area": "817"
      },
      "geometry": {
        "type": "Point",
        "coordinates": [
          121.603343860062,
          25.003199193162
        ]
      }
    },
    {
      "type": "Feature",
      "properties": {
        "city": "newtaipei",
        "id": "SF222-0005",
        "name": "深坑第二市民活動中心",
        "address": "新北市深坑區北深路2段166號",
        "type": "避難所",
        "flood": "是",
        "earthquake": "是",
        "debris_flow": "是",
        "tsunami": "是",
        "relief_station": "是",
        "accessible": "是",
        "indoor": "53.0",
        "outdoor": "50.0",
        "service_village": "深坑里、埔新里、萬福里等",
        "capacity": "103.0",
        "area": "213"
      },
      "geometry": {
        "type": "Point",
        "coordinates": [
          121.614697986103,
          25.002515020316
        ]
      }
    },
    {
      "type": "Feature",
      "properties": {
        "city": "newtaipei",
        "id": "SF222-0007",
        "name": "土庫第一市民活動中心",
        "address": "新北市深坑區北深路1段83巷8弄36號",
        "type": "避難所",
        "flood": "是",
        "earthquake": "是",
        "debris_flow": "是",
        "tsunami": "是",
        "relief_station": "是",
        "accessible": "是",
        "indoor": "100.0",
        "outdoor": "50.0",
        "service_village": "土庫里、賴仲里、昇高里等",
        "capacity": "150.0",
        "area": "400"
      },
      "geometry": {
        "type": "Point",
        "coordinates": [
          121.634586985053,
          25.010022984357
        ]
      }
    },
    {
      "type": "Feature",
      "properties": {
        "city": "newtaipei",
        "id": "SF222-0008",
        "name": "阿柔市民活動中心",
        "address": "新北市深坑區阿柔洋66號旁",
        "type": "避難所",
        "flood": "否",
        "earthquake": "是",
        "debris_flow": "是",
        "tsunami": "是",
        "relief_station": "是",
        "accessible": "是",
        "indoor": "50.0",
        "outdoor": "50.0",
        "service_village": "阿柔里、昇高里、萬順里等",
        "capacity": "100.0",
        "area": "200"
      },
      "geometry": {
        "type": "Point",
        "coordinates": [
          121.6097731,
          24.9989378
        ]
      }
    },
    {
      "type": "Feature",
      "properties": {
        "city": "newtaipei",
        "id": "SF222-0009",
        "name": "昇高市民活動中心",
        "address": "新北市深坑區旺耽路25號",
        "type": "避難所",
        "flood": "是",
        "earthquake": "是",
        "debris_flow": "是",
        "tsunami": "是",
        "relief_station": "是",
        "accessible": "是",
        "indoor": "154.0",
        "outdoor": "50.0",
        "service_village": "昇高里、阿柔里、賴仲里等",
        "capacity": "204.0",
        "area": "617"
      },
      "geometry": {
        "type": "Point",
        "coordinates": [
          121.628227163086,
          25.004868891139
        ]
      }
    },
    {
      "type": "Feature",
      "properties": {
        "city": "newtaipei",
        "id": "SF223-0001",
        "name": "石碇綜合大樓",
        "address": "新北市石碇區豐林里楓子林32-1號",
        "type": "避難所",
        "flood": "是",
        "earthquake": "是",
        "debris_flow": "是",
        "tsunami": "是",
        "relief_station": "是",
        "accessible": "是",
        "indoor": "112.0",
        "outdoor": "0.0",
        "service_village": "石碇里、潭邊里、隆盛里、烏塗里、彭山里、豐田里、永定里、中民里、光明里、豐林里、永安里、格頭里",
        "capacity": "112.0",
        "area": "450"
      },
      "geometry": {
        "type": "Point",
        "coordinates": [
          121.643835,
          25.009298
        ]
      }
    },
    {
      "type": "Feature",
      "properties": {
        "city": "newtaipei",
        "id": "SF223-0002",
        "name": "永定國小",
        "address": "新北市石碇區永定里靜安路一段245號",
        "type": "避難所",
        "flood": "是",
        "earthquake": "是",
        "debris_flow": "是",
        "tsunami": "是",
        "relief_station": "是",
        "accessible": "否",
        "indoor": "130.0",
        "outdoor": "200.0",
        "service_village": "豐田里、永定里、中民里、光明里",
        "capacity": "330.0",
        "area": "520"
      },
      "geometry": {
        "type": "Point",
        "coordinates": [
          121.688007033285,
          25.007795493588
        ]
      }
    },
    {
      "type": "Feature",
      "properties": {
        "city": "newtaipei",
        "id": "SF223-0003",
        "name": "雲海國小",
        "address": "新北市石碇區格頭里坑內巷1號",
        "type": "避難所",
        "flood": "是",
        "earthquake": "是",
        "debris_flow": "是",
        "tsunami": "是",
        "relief_station": "是",
        "accessible": "否",
        "indoor": "22.0",
        "outdoor": "225.0",
        "service_village": "永安里、格頭里",
        "capacity": "247.0",
        "area": "90"
      },
      "geometry": {
        "type": "Point",
        "coordinates": [
          121.5840586,
          24.8989282
        ]
      }
    },
    {
      "type": "Feature",
      "properties": {
        "city": "newtaipei",
        "id": "SF223-0004",
        "name": "石碇國小",
        "address": "新北市石碇區石碇里石碇西街15號",
        "type": "避難所",
        "flood": "是",
        "earthquake": "是",
        "debris_flow": "是",
        "tsunami": "是",
        "relief_station": "是",
        "accessible": "否",
        "indoor": "30.0",
        "outdoor": "75.0",
        "service_village": "石碇里、潭邊里、隆盛里、烏塗里、彭山里、豐林里、永安里、格頭里",
        "capacity": "105.0",
        "area": "120"
      },
      "geometry": {
        "type": "Point",
        "coordinates": [
          121.658955524517,
          24.990263192444
        ]
      }
    },
    {
      "type": "Feature",
      "properties": {
        "city": "newtaipei",
        "id": "SF223-0005",
        "name": "石碇高中",
        "address": "新北市石碇區隆盛里八分寮45號",
        "type": "避難所",
        "flood": "是",
        "earthquake": "是",
        "debris_flow": "是",
        "tsunami": "是",
        "relief_station": "是",
        "accessible": "是",
        "indoor": "189.0",
        "outdoor": "540.0",
        "service_village": "石碇里、潭邊里、隆盛里、烏塗里、永定里、中民里、光明里、豐林里",
        "capacity": "729.0",
        "area": "759"
      },
      "geometry": {
        "type": "Point",
        "coordinates": [
          121.642809,
          25.011432
        ]
      }
    },
    {
      "type": "Feature",
      "properties": {
        "city": "newtaipei",
        "id": "SF223-0007",
        "name": "石碇區公所",
        "address": "新北市石碇區潭邊里碇坪路一段37號",
        "type": "避難所",
        "flood": "是",
        "earthquake": "是",
        "debris_flow": "是",
        "tsunami": "是",
        "relief_station": "否",
        "accessible": "是",
        "indoor": "50.0",
        "outdoor": "0.0",
        "service_village": "石碇里、潭邊里、隆盛里、烏塗里、彭山里、豐田里、永定里、中民里、光明里、豐林里、永安里、格頭里",
        "capacity": "50.0",
        "area": "200"
      },
      "geometry": {
        "type": "Point",
        "coordinates": [
          121.657929998663,
          24.991503001652
        ]
      }
    },
    {
      "type": "Feature",
      "properties": {
        "city": "newtaipei",
        "id": "SF223-0008",
        "name": "和平國小",
        "address": "新北市石碇區隆盛里靜安路一段5號",
        "type": "避難所",
        "flood": "是",
        "earthquake": "是",
        "debris_flow": "是",
        "tsunami": "是",
        "relief_station": "是",
        "accessible": "否",
        "indoor": "45.0",
        "outdoor": "56.0",
        "service_village": "石碇里、潭邊里、隆盛里、烏塗里、永定里、中民里、光明里、豐林里",
        "capacity": "101.0",
        "area": "180"
      },
      "geometry": {
        "type": "Point",
        "coordinates": [
          121.641723588874,
          25.011662400799
        ]
      }
    },
    {
      "type": "Feature",
      "properties": {
        "city": "newtaipei",
        "id": "SF223-0009",
        "name": "彭山市民活動中心",
        "address": "新北市石碇區彭山里崩山33之3號",
        "type": "避難所",
        "flood": "是",
        "earthquake": "是",
        "debris_flow": "是",
        "tsunami": "是",
        "relief_station": "否",
        "accessible": "是",
        "indoor": "125.0",
        "outdoor": "0.0",
        "service_village": "豐田里、彭山里",
        "capacity": "125.0",
        "area": "500"
      },
      "geometry": {
        "type": "Point",
        "coordinates": [
          121.657961,
          24.9915339
        ]
      }
    },
    {
      "type": "Feature",
      "properties": {
        "city": "newtaipei",
        "id": "SF232-0001",
        "name": "坪林區公所",
        "address": "新北市坪林區坪林里坪林街101號",
        "type": "避難所",
        "flood": "是",
        "earthquake": "是",
        "debris_flow": "是",
        "tsunami": "是",
        "relief_station": "否",
        "accessible": "是",
        "indoor": "50.0",
        "outdoor": "0.0",
        "service_village": "坪林里、水德里、上德里、石里、大林里、粗窟里、漁光里",
        "capacity": "50.0",
        "area": "200"
      },
      "geometry": {
        "type": "Point",
        "coordinates": [
          121.711798202817,
          24.936647318671
        ]
      }
    },
    {
      "type": "Feature",
      "properties": {
        "city": "newtaipei",
        "id": "SF232-0002",
        "name": "坪林國小",
        "address": "新北市坪林區坪林里坪林街114號",
        "type": "避難所",
        "flood": "是",
        "earthquake": "是",
        "debris_flow": "是",
        "tsunami": "是",
        "relief_station": "是",
        "accessible": "是",
        "indoor": "22.0",
        "outdoor": "30.0",
        "service_village": "坪林里、水德里、石里、大林里、粗窟里、漁光里",
        "capacity": "52.0",
        "area": "88"
      },
      "geometry": {
        "type": "Point",
        "coordinates": [
          121.711391037838,
          24.935604924421
        ]
      }
    },
    {
      "type": "Feature",
      "properties": {
        "city": "newtaipei",
        "id": "SF232-0003",
        "name": "坪林國中",
        "address": "新北市坪林區坪林里國中路4號",
        "type": "避難所",
        "flood": "是",
        "earthquake": "是",
        "debris_flow": "是",
        "tsunami": "是",
        "relief_station": "是",
        "accessible": "是",
        "indoor": "363.0",
        "outdoor": "250.0",
        "service_village": "粗窟里、大林里、坪林里、水德里",
        "capacity": "613.0",
        "area": "1454"
      },
      "geometry": {
        "type": "Point",
        "coordinates": [
          121.712825010397,
          24.938006007549
        ]
      }
    },
    {
      "type": "Feature",
      "properties": {
        "city": "newtaipei",
        "id": "SF232-0005",
        "name": "石倉庫",
        "address": "新北市坪林區石里石27之1號",
        "type": "避難所",
        "flood": "是",
        "earthquake": "是",
        "debris_flow": "是",
        "tsunami": "是",
        "relief_station": "否",
        "accessible": "否",
        "indoor": "10.0",
        "outdoor": "0.0",
        "service_village": "石里",
        "capacity": "10.0",
        "area": "40"
      },
      "geometry": {
        "type": "Point",
        "coordinates": [
          121.7116927,
          24.9361756
        ]
      }
    },
    {
      "type": "Feature",
      "properties": {
        "city": "newtaipei",
        "id": "SF232-0006",
        "name": "樹梅嶺倉庫",
        "address": "新北市坪林區上德里樹梅嶺11號",
        "type": "避難所",
        "flood": "是",
        "earthquake": "是",
        "debris_flow": "是",
        "tsunami": "是",
        "relief_station": "否",
        "accessible": "否",
        "indoor": "10.0",
        "outdoor": "0.0",
        "service_village": "上德里",
        "capacity": "10.0",
        "area": "40"
      },
      "geometry": {
        "type": "Point",
        "coordinates": [
          121.68611,
          24.95858
        ]
      }
    },
    {
      "type": "Feature",
      "properties": {
        "city": "newtaipei",
        "id": "SF232-0007",
        "name": "新昇倉庫",
        "address": "新北市坪林區上德里大粗坑11之1號",
        "type": "避難所",
        "flood": "是",
        "earthquake": "是",
        "debris_flow": "是",
        "tsunami": "是",
        "relief_station": "否",
        "accessible": "否",
        "indoor": "10.0",
        "outdoor": "0.0",
        "service_village": "上德里",
        "capacity": "10.0",
        "area": "40"
      },
      "geometry": {
        "type": "Point",
        "coordinates": [
          121.712523,
          24.966425
        ]
      }
    },
    {
      "type": "Feature",
      "properties": {
        "city": "newtaipei",
        "id": "SF232-0008",
        "name": "安養堂",
        "address": "新北市坪林區大林里魚堀33-17號",
        "type": "避難所",
        "flood": "是",
        "earthquake": "是",
        "debris_flow": "是",
        "tsunami": "是",
        "relief_station": "是",
        "accessible": "是",
        "indoor": "28.0",
        "outdoor": "0.0",
        "service_village": "大林里",
        "capacity": "28.0",
        "area": "114"
      },
      "geometry": {
        "type": "Point",
        "coordinates": [
          121.7116927,
          24.9361756
        ]
      }
    },
    {
      "type": "Feature",
      "properties": {
        "city": "newtaipei",
        "id": "SF232-0009",
        "name": "坪林市民活動中心",
        "address": "新北市坪林區坪林里坪碇路6號",
        "type": "避難所",
        "flood": "是",
        "earthquake": "是",
        "debris_flow": "是",
        "tsunami": "是",
        "relief_station": "否",
        "accessible": "是",
        "indoor": "62.0",
        "outdoor": "0.0",
        "service_village": "坪林里、水德里、上德里、石里、大林里、粗窟里、漁光里",
        "capacity": "62.0",
        "area": "250"
      },
      "geometry": {
        "type": "Point",
        "coordinates": [
          121.7116927,
          24.9361756
        ]
      }
    },
    {
      "type": "Feature",
      "properties": {
        "city": "newtaipei",
        "id": "SF252-0001",
        "name": "新北市三芝區公所",
        "address": "新北市三芝區中山路一段32號",
        "type": "避難所",
        "flood": "是",
        "earthquake": "是",
        "debris_flow": "是",
        "tsunami": "是",
        "relief_station": "否",
        "accessible": "是",
        "indoor": "60.0",
        "outdoor": "0.0",
        "service_village": "埔頭里、八賢里、錫板里、後厝里、古庄里、新庄里、埔坪里、茂長里、橫山里、福德里、圓山里、店子里、與華里",
        "capacity": "60.0",
        "area": "240"
      },
      "geometry": {
        "type": "Point",
        "coordinates": [
          121.50111506763,
          25.257839819071
        ]
      }
    },
    {
      "type": "Feature",
      "properties": {
        "city": "newtaipei",
        "id": "SF252-0002",
        "name": "新北市三芝區埔坪市民活動中心",
        "address": "新北市三芝區民生街31號",
        "type": "避難所",
        "flood": "是",
        "earthquake": "是",
        "debris_flow": "是",
        "tsunami": "是",
        "relief_station": "否",
        "accessible": "是",
        "indoor": "90.0",
        "outdoor": "0.0",
        "service_village": "埔坪里、福德里、埔頭里、八賢里、錫板里、後厝里、古庄里、新庄里、橫山里、圓山里、店子里、與華里",
        "capacity": "90.0",
        "area": "360"
      },
      "geometry": {
        "type": "Point",
        "coordinates": [
          121.503561996624,
          25.256402909409
        ]
      }
    },
    {
      "type": "Feature",
      "properties": {
        "city": "newtaipei",
        "id": "SF252-0003",
        "name": "三芝國小",
        "address": "新北市三芝區育英街22號",
        "type": "避難所",
        "flood": "是",
        "earthquake": "是",
        "debris_flow": "是",
        "tsunami": "是",
        "relief_station": "否",
        "accessible": "是",
        "indoor": "158.0",
        "outdoor": "375.0",
        "service_village": "茂長里、埔頭里、古庄里、後厝里、埔坪里",
        "capacity": "533.0",
        "area": "632"
      },
      "geometry": {
        "type": "Point",
        "coordinates": [
          121.501634997084,
          25.25787799864
        ]
      }
    },
    {
      "type": "Feature",
      "properties": {
        "city": "newtaipei",
        "id": "SF252-0004",
        "name": "三芝國中",
        "address": "新北市三芝區淡金路一段38號",
        "type": "避難所",
        "flood": "是",
        "earthquake": "是",
        "debris_flow": "是",
        "tsunami": "是",
        "relief_station": "是",
        "accessible": "是",
        "indoor": "286.0",
        "outdoor": "408.0",
        "service_village": "古庄里、錫板里、茂長里、福德里",
        "capacity": "694.0",
        "area": "1144"
      },
      "geometry": {
        "type": "Point",
        "coordinates": [
          121.501845969587,
          25.259365996001
        ]
      }
    },
    {
      "type": "Feature",
      "properties": {
        "city": "newtaipei",
        "id": "SF252-0006",
        "name": "新北市三芝區圓山市民活動中心",
        "address": "新北市三芝區木屐寮32號",
        "type": "避難所",
        "flood": "是",
        "earthquake": "是",
        "debris_flow": "是",
        "tsunami": "否",
        "relief_station": "否",
        "accessible": "是",
        "indoor": "24.0",
        "outdoor": "0.0",
        "service_village": "圓山里",
        "capacity": "24.0",
        "area": "81"
      },
      "geometry": {
        "type": "Point",
        "coordinates": [
          121.5010864,
          25.2578784
        ]
      }
    },
    {
      "type": "Feature",
      "properties": {
        "city": "newtaipei",
        "id": "SF252-0007",
        "name": "橫山國小",
        "address": "新北市三芝區大坑86號",
        "type": "避難所",
        "flood": "是",
        "earthquake": "是",
        "debris_flow": "是",
        "tsunami": "否",
        "relief_station": "是",
        "accessible": "是",
        "indoor": "62.0",
        "outdoor": "198.0",
        "service_village": "橫山里",
        "capacity": "260.0",
        "area": "246"
      },
      "geometry": {
        "type": "Point",
        "coordinates": [
          121.532908,
          25.243497
        ]
      }
    },
    {
      "type": "Feature",
      "properties": {
        "city": "newtaipei",
        "id": "SF252-0008",
        "name": "新北市三芝區八賢市民活動中心",
        "address": "新北市三芝區八連溪41號",
        "type": "避難所",
        "flood": "是",
        "earthquake": "是",
        "debris_flow": "是",
        "tsunami": "否",
        "relief_station": "否",
        "accessible": "是",
        "indoor": "45.0",
        "outdoor": "0.0",
        "service_village": "八賢里",
        "capacity": "45.0",
        "area": "180"
      },
      "geometry": {
        "type": "Point",
        "coordinates": [
          121.513282,
          25.237605
        ]
      }
    },
    {
      "type": "Feature",
      "properties": {
        "city": "newtaipei",
        "id": "SF252-0009",
        "name": "興華國小",
        "address": "新北市三芝區田心子5號",
        "type": "避難所",
        "flood": "是",
        "earthquake": "是",
        "debris_flow": "是",
        "tsunami": "否",
        "relief_station": "是",
        "accessible": "是",
        "indoor": "73.0",
        "outdoor": "206.0",
        "service_village": "興華里、店子里",
        "capacity": "279.0",
        "area": "290"
      },
      "geometry": {
        "type": "Point",
        "coordinates": [
          121.5010864,
          25.2578784
        ]
      }
    },
    {
      "type": "Feature",
      "properties": {
        "city": "newtaipei",
        "id": "SF252-0010",
        "name": "馬偕醫學院",
        "address": "新北市三芝區中正路三段46號",
        "type": "避難所",
        "flood": "是",
        "earthquake": "是",
        "debris_flow": "是",
        "tsunami": "是",
        "relief_station": "否",
        "accessible": "是",
        "indoor": "2191.0",
        "outdoor": "1466.0",
        "service_village": "埔頭里、八賢里、錫板里、後厝里、古庄里、新庄里、埔坪里、茂長里、橫山里、福德里、圓山里、店子里、與華里",
        "capacity": "3657.0",
        "area": "8764"
      },
      "geometry": {
        "type": "Point",
        "coordinates": [
          121.496695541542,
          25.252917085426
        ]
      }
    },
    {
      "type": "Feature",
      "properties": {
        "city": "newtaipei",
        "id": "SF253-0001",
        "name": "石門區公所",
        "address": "新北市石門區尖鹿里中山路66號",
        "type": "避難所",
        "flood": "是",
        "earthquake": "是",
        "debris_flow": "是",
        "tsunami": "否",
        "relief_station": "否",
        "accessible": "是",
        "indoor": "212.0",
        "outdoor": "100.0",
        "service_village": "石門里、尖鹿里、富基里、山溪里、草里里",
        "capacity": "312.0",
        "area": "848"
      },
      "geometry": {
        "type": "Point",
        "coordinates": [
          121.567861000806,
          25.291211696012
        ]
      }
    },
    {
      "type": "Feature",
      "properties": {
        "city": "newtaipei",
        "id": "SF253-0002",
        "name": "乾華國小",
        "address": "新北市石門區茂林里茂林社區74號",
        "type": "避難所",
        "flood": "是",
        "earthquake": "是",
        "debris_flow": "是",
        "tsunami": "是",
        "relief_station": "是",
        "accessible": "否",
        "indoor": "183.0",
        "outdoor": "475.0",
        "service_village": "乾華里、茂林里",
        "capacity": "658.0",
        "area": "735"
      },
      "geometry": {
        "type": "Point",
        "coordinates": [
          121.587121,
          25.278764
        ]
      }
    },
    {
      "type": "Feature",
      "properties": {
        "city": "newtaipei",
        "id": "SF253-0003",
        "name": "石門區體育館",
        "address": "新北市石門區石門里中央路1-9號",
        "type": "避難所",
        "flood": "是",
        "earthquake": "是",
        "debris_flow": "是",
        "tsunami": "否",
        "relief_station": "是",
        "accessible": "是",
        "indoor": "325.0",
        "outdoor": "0.0",
        "service_village": "德茂里、富基里、老梅里、石門里、尖鹿里、山溪里、乾華里、茂林里、草里里",
        "capacity": "325.0",
        "area": "1300"
      },
      "geometry": {
        "type": "Point",
        "coordinates": [
          121.564533636702,
          25.291219784548
        ]
      }
    },
    {
      "type": "Feature",
      "properties": {
        "city": "newtaipei",
        "id": "SF253-0004",
        "name": "石門實驗國民中學",
        "address": "新北市石門區石門里中央路1-9號",
        "type": "避難所",
        "flood": "否",
        "earthquake": "否",
        "debris_flow": "是",
        "tsunami": "否",
        "relief_station": "是",
        "accessible": "否",
        "indoor": "60.0",
        "outdoor": "225.0",
        "service_village": "石門里、尖鹿里",
        "capacity": "285.0",
        "area": "240"
      },
      "geometry": {
        "type": "Point",
        "coordinates": [
          121.564533636702,
          25.291219784548
        ]
      }
    },
    {
      "type": "Feature",
      "properties": {
        "city": "newtaipei",
        "id": "SF253-0005",
        "name": "老梅實驗小學",
        "address": "新北市石門區老梅里老梅路10號",
        "type": "避難所",
        "flood": "否",
        "earthquake": "是",
        "debris_flow": "是",
        "tsunami": "否",
        "relief_station": "是",
        "accessible": "否",
        "indoor": "111.0",
        "outdoor": "320.0",
        "service_village": "老梅里",
        "capacity": "431.0",
        "area": "444"
      },
      "geometry": {
        "type": "Point",
        "coordinates": [
          121.544876984109,
          25.289284989838
        ]
      }
    },
    {
      "type": "Feature",
      "properties": {
        "city": "newtaipei",
        "id": "SF253-0006",
        "name": "草里市民活動中心",
        "address": "新北市石門區草里里阿里老坑路33-1號",
        "type": "避難所",
        "flood": "是",
        "earthquake": "是",
        "debris_flow": "是",
        "tsunami": "否",
        "relief_station": "是",
        "accessible": "是",
        "indoor": "47.0",
        "outdoor": "31.0",
        "service_village": "草里里",
        "capacity": "78.0",
        "area": "189"
      },
      "geometry": {
        "type": "Point",
        "coordinates": [
          121.606886,
          25.280182
        ]
      }
    },
    {
      "type": "Feature",
      "properties": {
        "city": "newtaipei",
        "id": "SF253-0007",
        "name": "茂林市民活動中心",
        "address": "新北市石門區茂林里茂林社區1-1號",
        "type": "避難所",
        "flood": "是",
        "earthquake": "是",
        "debris_flow": "是",
        "tsunami": "是",
        "relief_station": "是",
        "accessible": "否",
        "indoor": "48.0",
        "outdoor": "62.0",
        "service_village": "茂林里、乾華里",
        "capacity": "110.0",
        "area": "192"
      },
      "geometry": {
        "type": "Point",
        "coordinates": [
          121.587121,
          25.278764
        ]
      }
    },
    {
      "type": "Feature",
      "properties": {
        "city": "newtaipei",
        "id": "SF253-0008",
        "name": "富基市民活動中心",
        "address": "新北市石門區富基里楓林37-6號",
        "type": "避難所",
        "flood": "是",
        "earthquake": "是",
        "debris_flow": "是",
        "tsunami": "是",
        "relief_station": "否",
        "accessible": "否",
        "indoor": "34.0",
        "outdoor": "35.0",
        "service_village": "富基里、德茂里",
        "capacity": "69.0",
        "area": "136"
      },
      "geometry": {
        "type": "Point",
        "coordinates": [
          121.542666,
          25.279119
        ]
      }
    },
    {
      "type": "Feature",
      "properties": {
        "city": "newtaipei",
        "id": "SF253-0009",
        "name": "尖鹿市民活動中心",
        "address": "新北市石門區尖鹿里中央路9-3號",
        "type": "避難所",
        "flood": "否",
        "earthquake": "否",
        "debris_flow": "是",
        "tsunami": "否",
        "relief_station": "否",
        "accessible": "否",
        "indoor": "25.0",
        "outdoor": "0.0",
        "service_village": "尖鹿里",
        "capacity": "25.0",
        "area": "100"
      },
      "geometry": {
        "type": "Point",
        "coordinates": [
          121.566841677561,
          25.292022016501
        ]
      }
    },
    {
      "type": "Feature",
      "properties": {
        "city": "newtaipei",
        "id": "SF253-0010",
        "name": "山溪市民活動中心",
        "address": "新北市石門區山溪里老崩山6-5號",
        "type": "避難所",
        "flood": "否",
        "earthquake": "否",
        "debris_flow": "是",
        "tsunami": "否",
        "relief_station": "是",
        "accessible": "是",
        "indoor": "55.0",
        "outdoor": "0.0",
        "service_village": "山溪里",
        "capacity": "55.0",
        "area": "220"
      },
      "geometry": {
        "type": "Point",
        "coordinates": [
          121.556546,
          25.282976
        ]
      }
    },
    {
      "type": "Feature",
      "properties": {
        "city": "newtaipei",
        "id": "SF253-0011",
        "name": "老梅市民活動中心",
        "address": "新北市石門區老梅里老梅路43號",
        "type": "避難所",
        "flood": "是",
        "earthquake": "否",
        "debris_flow": "是",
        "tsunami": "否",
        "relief_station": "是",
        "accessible": "是",
        "indoor": "162.0",
        "outdoor": "0.0",
        "service_village": "老梅里、德茂里",
        "capacity": "162.0",
        "area": "648"
      },
      "geometry": {
        "type": "Point",
        "coordinates": [
          121.545194993515,
          25.289433014248
        ]
      }
    },
    {
      "type": "Feature",
      "properties": {
        "city": "newtaipei",
        "id": "SF253-0012",
        "name": "石門國小",
        "address": "新北市石門區尖鹿里中央路9號",
        "type": "避難所",
        "flood": "是",
        "earthquake": "是",
        "debris_flow": "是",
        "tsunami": "否",
        "relief_station": "是",
        "accessible": "否",
        "indoor": "130.0",
        "outdoor": "375.0",
        "service_village": "尖鹿里",
        "capacity": "505.0",
        "area": "522"
      },
      "geometry": {
        "type": "Point",
        "coordinates": [
          121.567123728603,
          25.291946411734
        ]
      }
    },
    {
      "type": "Feature",
      "properties": {
        "city": "newtaipei",
        "id": "SF253-0013",
        "name": "石門市民活動中心",
        "address": "新北市石門區石門里中山路34號",
        "type": "避難所",
        "flood": "是",
        "earthquake": "是",
        "debris_flow": "是",
        "tsunami": "否",
        "relief_station": "否",
        "accessible": "是",
        "indoor": "34.0",
        "outdoor": "0.0",
        "service_village": "石門里",
        "capacity": "34.0",
        "area": "137"
      },
      "geometry": {
        "type": "Point",
        "coordinates": [
          121.566428701191,
          25.290162994196
        ]
      }
    },
    {
      "type": "Feature",
      "properties": {
        "city": "newtaipei",
        "id": "SF249-0001",
        "name": "龍米市民活動中心",
        "address": "新北市八里區龍米路1段223號",
        "type": "避難所",
        "flood": "是",
        "earthquake": "是",
        "debris_flow": "是",
        "tsunami": "否",
        "relief_station": "否",
        "accessible": "是",
        "indoor": "100.0",
        "outdoor": "25.0",
        "service_village": "龍源里、米倉里",
        "capacity": "125.0",
        "area": "400"
      },
      "geometry": {
        "type": "Point",
        "coordinates": [
          121.451074016025,
          25.131961989744
        ]
      }
    },
    {
      "type": "Feature",
      "properties": {
        "city": "newtaipei",
        "id": "SF249-0003",
        "name": "大崁老人活動中心",
        "address": "新北市八里區大崁里中山路1段21號",
        "type": "避難所",
        "flood": "是",
        "earthquake": "是",
        "debris_flow": "是",
        "tsunami": "否",
        "relief_station": "否",
        "accessible": "是",
        "indoor": "100.0",
        "outdoor": 0,
        "service_village": "大崁里、埤頭里、頂罟里",
        "capacity": "100.0",
        "area": "400"
      },
      "geometry": {
        "type": "Point",
        "coordinates": [
          121.422099034033,
          25.158924015779
        ]
      }
    },
    {
      "type": "Feature",
      "properties": {
        "city": "newtaipei",
        "id": "SF249-0004",
        "name": "大埤頂市民活動中心",
        "address": "新北市八里區中山路1段95號",
        "type": "避難所",
        "flood": "是",
        "earthquake": "是",
        "debris_flow": "是",
        "tsunami": "否",
        "relief_station": "是",
        "accessible": "是",
        "indoor": "70.0",
        "outdoor": 0,
        "service_village": "大崁里、埤頭里、頂罟里",
        "capacity": "70.0",
        "area": "280"
      },
      "geometry": {
        "type": "Point",
        "coordinates": [
          121.415234003875,
          25.159078997168
        ]
      }
    },
    {
      "type": "Feature",
      "properties": {
        "city": "newtaipei",
        "id": "SF249-0005",
        "name": "文化活動中心",
        "address": "新北市八里區中山路2段251號1樓",
        "type": "避難所",
        "flood": "是",
        "earthquake": "是",
        "debris_flow": "是",
        "tsunami": "否",
        "relief_station": "否",
        "accessible": "是",
        "indoor": "100.0",
        "outdoor": 0,
        "service_village": "舊城里、訊塘里、荖阡里",
        "capacity": "100.0",
        "area": "400"
      },
      "geometry": {
        "type": "Point",
        "coordinates": [
          121.402858962027,
          25.148699015914
        ]
      }
    },
    {
      "type": "Feature",
      "properties": {
        "city": "newtaipei",
        "id": "SF249-0006",
        "name": "長坑市民活動中心",
        "address": "新北市八里區中華路三段190號",
        "type": "避難所",
        "flood": "是",
        "earthquake": "是",
        "debris_flow": "是",
        "tsunami": "否",
        "relief_station": "否",
        "accessible": "是",
        "indoor": "100.0",
        "outdoor": 0,
        "service_village": "下罟里、長坑里",
        "capacity": "100.0",
        "area": "400"
      },
      "geometry": {
        "type": "Point",
        "coordinates": [
          121.390728897723,
          25.126999409275
        ]
      }
    },
    {
      "type": "Feature",
      "properties": {
        "city": "newtaipei",
        "id": "SF249-0008",
        "name": "八里國小",
        "address": "新北市八里區中山路二段338號",
        "type": "避難所",
        "flood": "是",
        "earthquake": "是",
        "debris_flow": "是",
        "tsunami": "否",
        "relief_station": "是",
        "accessible": "是",
        "indoor": "415.0",
        "outdoor": "735.0",
        "service_village": "舊城里、訊塘里",
        "capacity": "1150.0",
        "area": "1665"
      },
      "geometry": {
        "type": "Point",
        "coordinates": [
          121.40303095868,
          25.149514994188
        ]
      }
    },
    {
      "type": "Feature",
      "properties": {
        "city": "newtaipei",
        "id": "SF249-0009",
        "name": "大崁國小",
        "address": "新北市八里區忠八街2號",
        "type": "避難所",
        "flood": "是",
        "earthquake": "是",
        "debris_flow": "是",
        "tsunami": "是",
        "relief_station": "否",
        "accessible": "是",
        "indoor": "235.0",
        "outdoor": "721.0",
        "service_village": "大崁里",
        "capacity": "956.0",
        "area": "942"
      },
      "geometry": {
        "type": "Point",
        "coordinates": [
          121.419406263819,
          25.160305101965
        ]
      }
    },
    {
      "type": "Feature",
      "properties": {
        "city": "newtaipei",
        "id": "SF249-0010",
        "name": "米倉國小",
        "address": "新北市八里區龍米路2段129巷1號",
        "type": "避難所",
        "flood": "是",
        "earthquake": "是",
        "debris_flow": "是",
        "tsunami": "是",
        "relief_station": "否",
        "accessible": "否",
        "indoor": "205.0",
        "outdoor": "543.0",
        "service_village": "米倉里",
        "capacity": "748.0",
        "area": "822"
      },
      "geometry": {
        "type": "Point",
        "coordinates": [
          121.445395779538,
          25.146848585059
        ]
      }
    },
    {
      "type": "Feature",
      "properties": {
        "city": "newtaipei",
        "id": "SF249-0011",
        "name": "長坑國小",
        "address": "新北市八里區中華路三段236號",
        "type": "避難所",
        "flood": "是",
        "earthquake": "是",
        "debris_flow": "是",
        "tsunami": "是",
        "relief_station": "否",
        "accessible": "否",
        "indoor": "59.0",
        "outdoor": "187.0",
        "service_village": "長坑里、下罟里",
        "capacity": "246.0",
        "area": "238"
      },
      "geometry": {
        "type": "Point",
        "coordinates": [
          121.390474029533,
          25.125543505478
        ]
      }
    },
    {
      "type": "Feature",
      "properties": {
        "city": "newtaipei",
        "id": "SF249-0012",
        "name": "八里國中",
        "address": "新北市八里區荖阡坑路15號",
        "type": "避難所",
        "flood": "是",
        "earthquake": "是",
        "debris_flow": "是",
        "tsunami": "是",
        "relief_station": "是",
        "accessible": "是",
        "indoor": "215.0",
        "outdoor": "284.0",
        "service_village": "荖阡里、長坑里、下罟里",
        "capacity": "499.0",
        "area": "861.5"
      },
      "geometry": {
        "type": "Point",
        "coordinates": [
          121.401280398202,
          25.139901118884
        ]
      }
    },
    {
      "type": "Feature",
      "properties": {
        "city": "newtaipei",
        "id": "SF249-0013",
        "name": "聖心女中",
        "address": "新北市八里區龍米路一段263號",
        "type": "避難所",
        "flood": "是",
        "earthquake": "是",
        "debris_flow": "是",
        "tsunami": "是",
        "relief_station": "是",
        "accessible": "否",
        "indoor": "137.0",
        "outdoor": "775.0",
        "service_village": "龍源里、米倉里",
        "capacity": "912.0",
        "area": "550"
      },
      "geometry": {
        "type": "Point",
        "coordinates": [
          121.449506013398,
          25.134779985591
        ]
      }
    },
    {
      "type": "Feature",
      "properties": {
        "city": "newtaipei",
        "id": "SF249-0014",
        "name": "商港公園",
        "address": "新北市八里區商港一路和商港八路交叉口",
        "type": "避難所",
        "flood": "否",
        "earthquake": "是",
        "debris_flow": "是",
        "tsunami": "否",
        "relief_station": "否",
        "accessible": "是",
        "indoor": 0,
        "outdoor": "1324.0",
        "service_village": "訊塘里、舊城里、荖阡里",
        "capacity": "1324.0",
        "area": 0
      },
      "geometry": {
        "type": "Point",
        "coordinates": [
          121.400337098818,
          25.150328206434
        ]
      }
    },
    {
      "type": "Feature",
      "properties": {
        "city": "newtaipei",
        "id": "SF249-0015",
        "name": "八里區公所文康活動中心 ",
        "address": "新北市八里區八里大道22號",
        "type": "避難所",
        "flood": "是",
        "earthquake": "是",
        "debris_flow": "是",
        "tsunami": "否",
        "relief_station": "否",
        "accessible": "是",
        "indoor": "70.0",
        "outdoor": 0,
        "service_village": "埤頭里、頂罟里",
        "capacity": "70.0",
        "area": "280"
      },
      "geometry": {
        "type": "Point",
        "coordinates": [
          121.406322617356,
          25.153516803752
        ]
      }
    },
    {
      "type": "Feature",
      "properties": {
        "city": "newtaipei",
        "id": "SF249-0016",
        "name": "聖心國小",
        "address": "新北市八里區龍米路一段261號",
        "type": "避難所",
        "flood": "是",
        "earthquake": "是",
        "debris_flow": "是",
        "tsunami": "是",
        "relief_station": "否",
        "accessible": "是",
        "indoor": "87.0",
        "outdoor": "117.0",
        "service_village": "龍源里",
        "capacity": "204.0",
        "area": "348"
      },
      "geometry": {
        "type": "Point",
        "coordinates": [
          121.450367589225,
          25.134216889336
        ]
      }
    },
    {
      "type": "Feature",
      "properties": {
        "city": "newtaipei",
        "id": "SF226-0001",
        "name": "平溪市民活動中心",
        "address": "新北市平溪區石底里\r\n公園街17號",
        "type": "避難所",
        "flood": "是",
        "earthquake": "是",
        "debris_flow": "是",
        "tsunami": "否",
        "relief_station": "是",
        "accessible": "是",
        "indoor": "97.0",
        "outdoor": "6.0",
        "service_village": "石底里、平溪里、嶺腳里、東勢里",
        "capacity": "103.0",
        "area": "388"
      },
      "geometry": {
        "type": "Point",
        "coordinates": [
          121.737583778626,
          25.024924006356
        ]
      }
    },
    {
      "type": "Feature",
      "properties": {
        "city": "newtaipei",
        "id": "SF226-0002",
        "name": "平溪國中",
        "address": "新北市平溪區石底里\r\n靜安路2段295號",
        "type": "避難所",
        "flood": "是",
        "earthquake": "是",
        "debris_flow": "是",
        "tsunami": "否",
        "relief_station": "是",
        "accessible": "是",
        "indoor": "253.0",
        "outdoor": "393.0",
        "service_village": "石底里、平溪里、嶺腳里、東勢里",
        "capacity": "646.0",
        "area": "1013"
      },
      "geometry": {
        "type": "Point",
        "coordinates": [
          121.73362093127,
          25.023479920357
        ]
      }
    },
    {
      "type": "Feature",
      "properties": {
        "city": "newtaipei",
        "id": "SF226-0003",
        "name": "菁桐國小",
        "address": "新北市平溪區菁桐里\r\n菁桐街45號",
        "type": "避難所",
        "flood": "是",
        "earthquake": "是",
        "debris_flow": "是",
        "tsunami": "否",
        "relief_station": "是",
        "accessible": "否",
        "indoor": "122.0",
        "outdoor": "225.0",
        "service_village": "菁桐里、白石里",
        "capacity": "347.0",
        "area": "486"
      },
      "geometry": {
        "type": "Point",
        "coordinates": [
          121.723959188326,
          25.023880185619
        ]
      }
    },
    {
      "type": "Feature",
      "properties": {
        "city": "newtaipei",
        "id": "SF226-0004",
        "name": "平溪國小",
        "address": "新北市平溪區平溪里\r\n平溪街56號",
        "type": "避難所",
        "flood": "是",
        "earthquake": "是",
        "debris_flow": "是",
        "tsunami": "否",
        "relief_station": "是",
        "accessible": "是",
        "indoor": "111.0",
        "outdoor": "374.0",
        "service_village": "平溪里、石底里",
        "capacity": "485.0",
        "area": "445"
      },
      "geometry": {
        "type": "Point",
        "coordinates": [
          121.737915986096,
          25.027444015735
        ]
      }
    },
    {
      "type": "Feature",
      "properties": {
        "city": "newtaipei",
        "id": "SF226-0005",
        "name": "十分國小",
        "address": "新北市平溪區十分里\r\n十分街157號",
        "type": "避難所",
        "flood": "是",
        "earthquake": "是",
        "debris_flow": "是",
        "tsunami": "否",
        "relief_station": "是",
        "accessible": "是",
        "indoor": "106.0",
        "outdoor": "147.0",
        "service_village": "十分里、南山里、新寮里、望古里、平湖里",
        "capacity": "253.0",
        "area": "424"
      },
      "geometry": {
        "type": "Point",
        "coordinates": [
          121.777733965673,
          25.043399010339
        ]
      }
    },
    {
      "type": "Feature",
      "properties": {
        "city": "newtaipei",
        "id": "SF226-0006",
        "name": "菁桐市民活動中心",
        "address": "新北市平溪區菁桐里\r\n菁桐街65-1號",
        "type": "避難所",
        "flood": "是",
        "earthquake": "是",
        "debris_flow": "是",
        "tsunami": "否",
        "relief_station": "是",
        "accessible": "是",
        "indoor": "32.0",
        "outdoor": "0.0",
        "service_village": "菁桐里、薯榔里",
        "capacity": "32.0",
        "area": "127"
      },
      "geometry": {
        "type": "Point",
        "coordinates": [
          121.726176041051,
          25.023538006946
        ]
      }
    },
    {
      "type": "Feature",
      "properties": {
        "city": "newtaipei",
        "id": "SF226-0007",
        "name": "白石市民活動中心",
        "address": "新北市平溪區白石里\r\n靜安路2段241號",
        "type": "避難所",
        "flood": "是",
        "earthquake": "是",
        "debris_flow": "是",
        "tsunami": "否",
        "relief_station": "是",
        "accessible": "否",
        "indoor": "46.0",
        "outdoor": "0.0",
        "service_village": "白石里、薯榔里",
        "capacity": "46.0",
        "area": "184"
      },
      "geometry": {
        "type": "Point",
        "coordinates": [
          121.724749022035,
          25.022131020679
        ]
      }
    },
    {
      "type": "Feature",
      "properties": {
        "city": "newtaipei",
        "id": "SF226-0008",
        "name": "嶺腳市民活動中心",
        "address": "新北市平溪區嶺腳里\r\n嶺腳寮14號",
        "type": "避難所",
        "flood": "是",
        "earthquake": "是",
        "debris_flow": "是",
        "tsunami": "否",
        "relief_station": "是",
        "accessible": "是",
        "indoor": "30.0",
        "outdoor": "0.0",
        "service_village": "嶺腳里、東勢里、望古里",
        "capacity": "30.0",
        "area": "119"
      },
      "geometry": {
        "type": "Point",
        "coordinates": [
          121.75054,
          25.03215
        ]
      }
    },
    {
      "type": "Feature",
      "properties": {
        "city": "newtaipei",
        "id": "SF226-0009",
        "name": "平湖市民活動中心",
        "address": "新北市平溪區平湖里\r\n大湖10號",
        "type": "避難所",
        "flood": "是",
        "earthquake": "是",
        "debris_flow": "是",
        "tsunami": "否",
        "relief_station": "是",
        "accessible": "否",
        "indoor": "30.0",
        "outdoor": "0.0",
        "service_village": "平湖里、南山里、十分里、新寮里",
        "capacity": "30.0",
        "area": "121"
      },
      "geometry": {
        "type": "Point",
        "coordinates": [
          121.7381158,
          25.0266396
        ]
      }
    },
    {
      "type": "Feature",
      "properties": {
        "city": "newtaipei",
        "id": "SF226-0010",
        "name": "老人文康活動中心",
        "address": "新北市平溪區十分里\r\n十分街66巷1號",
        "type": "避難所",
        "flood": "是",
        "earthquake": "是",
        "debris_flow": "是",
        "tsunami": "否",
        "relief_station": "是",
        "accessible": "是",
        "indoor": "66.0",
        "outdoor": "0.0",
        "service_village": "十分里、望古里、南山里、平湖里、新寮里",
        "capacity": "66.0",
        "area": "263"
      },
      "geometry": {
        "type": "Point",
        "coordinates": [
          121.775806463219,
          25.041930500903
        ]
      }
    },
    {
      "type": "Feature",
      "properties": {
        "city": "newtaipei",
        "id": "SF226-0011",
        "name": "薯榔市民活動中心",
        "address": "新北市平溪區薯榔里\r\n靜安路二段63號",
        "type": "避難所",
        "flood": "是",
        "earthquake": "是",
        "debris_flow": "是",
        "tsunami": "否",
        "relief_station": "是",
        "accessible": "是",
        "indoor": "33.0",
        "outdoor": "0.0",
        "service_village": "薯榔里、菁桐里、白石里",
        "capacity": "33.0",
        "area": "132"
      },
      "geometry": {
        "type": "Point",
        "coordinates": [
          121.715389872769,
          25.020783210649
        ]
      }
    },
    {
      "type": "Feature",
      "properties": {
        "city": "newtaipei",
        "id": "SF227-001",
        "name": "雙溪高中",
        "address": "新北市雙溪區平林里梅竹蹊3號",
        "type": "避難所",
        "flood": "是",
        "earthquake": "是",
        "debris_flow": "是",
        "tsunami": "否",
        "relief_station": "是",
        "accessible": "是",
        "indoor": "431.0",
        "outdoor": "900.0",
        "service_village": "平林里、雙溪里、新基里、共和里、魚行里、三港里、三貂里、牡丹里、泰平里",
        "capacity": "1331.0",
        "area": "1724"
      },
      "geometry": {
        "type": "Point",
        "coordinates": [
          121.859767,
          25.036259
        ]
      }
    },
    {
      "type": "Feature",
      "properties": {
        "city": "newtaipei",
        "id": "SF227-002",
        "name": "雙溪國小",
        "address": "新北市雙溪區共和里東榮街54號1樓",
        "type": "避難所",
        "flood": "否",
        "earthquake": "是",
        "debris_flow": "是",
        "tsunami": "否",
        "relief_station": "是",
        "accessible": "是",
        "indoor": "296.0",
        "outdoor": "250.0",
        "service_village": "魚行里、共和里、雙溪里、新基里、泰平里",
        "capacity": "546.0",
        "area": "1187"
      },
      "geometry": {
        "type": "Point",
        "coordinates": [
          121.866973909487,
          25.033524918851
        ]
      }
    },
    {
      "type": "Feature",
      "properties": {
        "city": "newtaipei",
        "id": "SF227-003",
        "name": "共和市民活動中心",
        "address": "新北市雙溪區共和里中山路41巷6號1樓",
        "type": "避難所",
        "flood": "是",
        "earthquake": "是",
        "debris_flow": "是",
        "tsunami": "否",
        "relief_station": "是",
        "accessible": "是",
        "indoor": "38.0",
        "outdoor": "62.0",
        "service_village": "魚行里、共和里、雙溪里、新基里",
        "capacity": "100.0",
        "area": "153"
      },
      "geometry": {
        "type": "Point",
        "coordinates": [
          121.866114010041,
          25.032169020284
        ]
      }
    },
    {
      "type": "Feature",
      "properties": {
        "city": "newtaipei",
        "id": "SF227-005",
        "name": "中正市民活動中心",
        "address": "新北市雙溪區牡丹里中正路64號1樓",
        "type": "避難所",
        "flood": "是",
        "earthquake": "是",
        "debris_flow": "是",
        "tsunami": "否",
        "relief_station": "是",
        "accessible": "是",
        "indoor": "51.0",
        "outdoor": "25.0",
        "service_village": "牡丹里、三貂里、新基里",
        "capacity": "76.0",
        "area": "207.26"
      },
      "geometry": {
        "type": "Point",
        "coordinates": [
          121.86538604175,
          25.043822003083
        ]
      }
    },
    {
      "type": "Feature",
      "properties": {
        "city": "newtaipei",
        "id": "SF227-006",
        "name": "長源市民活動中心",
        "address": "新北市雙溪區長源里柑腳路19號2樓",
        "type": "避難所",
        "flood": "是",
        "earthquake": "是",
        "debris_flow": "是",
        "tsunami": "否",
        "relief_station": "是",
        "accessible": "是",
        "indoor": "47.0",
        "outdoor": "125.0",
        "service_village": "長源里、外柑里",
        "capacity": "172.0",
        "area": "188.52"
      },
      "geometry": {
        "type": "Point",
        "coordinates": [
          121.806412,
          25.014963
        ]
      }
    },
    {
      "type": "Feature",
      "properties": {
        "city": "newtaipei",
        "id": "SF227-007",
        "name": "三港集會所",
        "address": "新北市雙溪區三港里三港7號",
        "type": "避難所",
        "flood": "是",
        "earthquake": "是",
        "debris_flow": "是",
        "tsunami": "否",
        "relief_station": "是",
        "accessible": "否",
        "indoor": "51.0",
        "outdoor": "12.0",
        "service_village": "三港里",
        "capacity": "63.0",
        "area": "207"
      },
      "geometry": {
        "type": "Point",
        "coordinates": [
          121.8655773,
          25.033837
        ]
      }
    },
    {
      "type": "Feature",
      "properties": {
        "city": "newtaipei",
        "id": "SF227-008",
        "name": "泰平市民活動中心",
        "address": "新北市雙溪區泰平里溪尾寮46號",
        "type": "避難所",
        "flood": "是",
        "earthquake": "是",
        "debris_flow": "是",
        "tsunami": "否",
        "relief_station": "否",
        "accessible": "是",
        "indoor": "51.0",
        "outdoor": "50.0",
        "service_village": "泰平里",
        "capacity": "101.0",
        "area": "204"
      },
      "geometry": {
        "type": "Point",
        "coordinates": [
          121.8655773,
          25.033837
        ]
      }
    },
    {
      "type": "Feature",
      "properties": {
        "city": "newtaipei",
        "id": "SF227-009",
        "name": "上林國小",
        "address": "新北市雙溪區上林里內平林60號1樓",
        "type": "避難所",
        "flood": "是",
        "earthquake": "是",
        "debris_flow": "是",
        "tsunami": "否",
        "relief_station": "是",
        "accessible": "是",
        "indoor": "72.0",
        "outdoor": "1250.0",
        "service_village": "上林里、平林里、外柑里、長源里",
        "capacity": "1322.0",
        "area": "290"
      },
      "geometry": {
        "type": "Point",
        "coordinates": [
          121.828541,
          25.029914
        ]
      }
    },
    {
      "type": "Feature",
      "properties": {
        "city": "newtaipei",
        "id": "SF227-010",
        "name": "牡丹國小",
        "address": "新北市雙溪區三貂里政光路3號1樓",
        "type": "避難所",
        "flood": "是",
        "earthquake": "是",
        "debris_flow": "是",
        "tsunami": "否",
        "relief_station": "是",
        "accessible": "是",
        "indoor": "70.0",
        "outdoor": "484.0",
        "service_village": "三貂里、牡丹里",
        "capacity": "554.0",
        "area": "282"
      },
      "geometry": {
        "type": "Point",
        "coordinates": [
          121.8655773,
          25.033837
        ]
      }
    },
    {
      "type": "Feature",
      "properties": {
        "city": "newtaipei",
        "id": "SF227-011",
        "name": "平林市民活動中心",
        "address": "新北市雙溪區平林里外平林52號",
        "type": "避難所",
        "flood": "是",
        "earthquake": "是",
        "debris_flow": "是",
        "tsunami": "否",
        "relief_station": "否",
        "accessible": "是",
        "indoor": "44.0",
        "outdoor": "35.0",
        "service_village": "平林里、上林里、泰平里",
        "capacity": "79.0",
        "area": "176"
      },
      "geometry": {
        "type": "Point",
        "coordinates": [
          121.8655773,
          25.033837
        ]
      }
    },
    {
      "type": "Feature",
      "properties": {
        "city": "newtaipei",
        "id": "SF227-012",
        "name": "外柑市民活動中心",
        "address": "新北市雙溪區外柑里6鄰外柑腳49號",
        "type": "避難所",
        "flood": "是",
        "earthquake": "是",
        "debris_flow": "是",
        "tsunami": "否",
        "relief_station": "是",
        "accessible": "否",
        "indoor": "27.0",
        "outdoor": "45.0",
        "service_village": "外柑里、長源里、上林里",
        "capacity": "72.0",
        "area": "109"
      },
      "geometry": {
        "type": "Point",
        "coordinates": [
          121.810235,
          25.021029
        ]
      }
    },
    {
      "type": "Feature",
      "properties": {
        "city": "newtaipei",
        "id": "SF227-013",
        "name": "柑林國小",
        "address": "新北市雙溪區長源里9鄰柑腳3號",
        "type": "避難所",
        "flood": "是",
        "earthquake": "是",
        "debris_flow": "是",
        "tsunami": "否",
        "relief_station": "是",
        "accessible": "是",
        "indoor": "115.0",
        "outdoor": "66.0",
        "service_village": "長源里、外柑里",
        "capacity": "181.0",
        "area": "460"
      },
      "geometry": {
        "type": "Point",
        "coordinates": [
          121.806412,
          25.014963
        ]
      }
    },
    {
      "type": "Feature",
      "properties": {
        "city": "newtaipei",
        "id": "SF227-014",
        "name": "牡丹市民活動中心",
        "address": "新北市雙溪區牡丹里下坑路36號",
        "type": "避難所",
        "flood": "是",
        "earthquake": "是",
        "debris_flow": "是",
        "tsunami": "否",
        "relief_station": "是",
        "accessible": "是",
        "indoor": "71.0",
        "outdoor": "50.0",
        "service_village": "牡丹里、三貂里",
        "capacity": "121.0",
        "area": "287"
      },
      "geometry": {
        "type": "Point",
        "coordinates": [
          121.853034,
          25.059583
        ]
      }
    },
    {
      "type": "Feature",
      "properties": {
        "city": "newtaipei",
        "id": "SF228-0001",
        "name": "貢寮市民活動中心",
        "address": "新北貢寮區貢寮里長泰路18-2號",
        "type": "避難所",
        "flood": "是",
        "earthquake": "是",
        "debris_flow": "是",
        "tsunami": "是",
        "relief_station": "是",
        "accessible": "是",
        "indoor": "164.0",
        "outdoor": "12.0",
        "service_village": "貢寮里、雙玉里、\r\n龍崗里、吉林里",
        "capacity": "176.0",
        "area": "656"
      },
      "geometry": {
        "type": "Point",
        "coordinates": [
          121.90752295866,
          25.020618003337
        ]
      }
    },
    {
      "type": "Feature",
      "properties": {
        "city": "newtaipei",
        "id": "SF228-0002",
        "name": "福隆青少年活動中心",
        "address": "新北市貢寮區福隆里福隆街60號",
        "type": "避難所",
        "flood": "否",
        "earthquake": "是",
        "debris_flow": "是",
        "tsunami": "否",
        "relief_station": "是",
        "accessible": "否",
        "indoor": "152.0",
        "outdoor": "251.0",
        "service_village": "福隆里",
        "capacity": "403.0",
        "area": "609"
      },
      "geometry": {
        "type": "Point",
        "coordinates": [
          121.945729014438,
          25.018383010765
        ]
      }
    },
    {
      "type": "Feature",
      "properties": {
        "city": "newtaipei",
        "id": "SF228-0003",
        "name": "昭惠廟",
        "address": "新北市貢寮區龍門里龍門街74-1號",
        "type": "避難所",
        "flood": "是",
        "earthquake": "是",
        "debris_flow": "是",
        "tsunami": "否",
        "relief_station": "否",
        "accessible": "否",
        "indoor": "50.0",
        "outdoor": "0.0",
        "service_village": "龍門里",
        "capacity": "50.0",
        "area": "200"
      },
      "geometry": {
        "type": "Point",
        "coordinates": [
          121.931367964452,
          25.026620996663
        ]
      }
    },
    {
      "type": "Feature",
      "properties": {
        "city": "newtaipei",
        "id": "SF228-0004",
        "name": "澳底國小",
        "address": "新北市貢寮區真理里延平街10號",
        "type": "避難所",
        "flood": "是",
        "earthquake": "是",
        "debris_flow": "是",
        "tsunami": "是",
        "relief_station": "是",
        "accessible": "是",
        "indoor": "82.0",
        "outdoor": "475.0",
        "service_village": "真理里、仁里里",
        "capacity": "557.0",
        "area": "330"
      },
      "geometry": {
        "type": "Point",
        "coordinates": [
          121.92469203003,
          25.054852000929
        ]
      }
    },
    {
      "type": "Feature",
      "properties": {
        "city": "newtaipei",
        "id": "SF228-0005",
        "name": "靈鷲山無生道場",
        "address": "新北市貢寮區福連里香蘭街7-1號",
        "type": "避難所",
        "flood": "是",
        "earthquake": "是",
        "debris_flow": "是",
        "tsunami": "是",
        "relief_station": "是",
        "accessible": "否",
        "indoor": "100.0",
        "outdoor": "0.0",
        "service_village": "福連里、福隆里",
        "capacity": "100.0",
        "area": "400"
      },
      "geometry": {
        "type": "Point",
        "coordinates": [
          121.977160983708,
          25.023538006946
        ]
      }
    },
    {
      "type": "Feature",
      "properties": {
        "city": "newtaipei",
        "id": "SF228-0006",
        "name": "福安廟",
        "address": "新北市貢寮區美豐里雞母嶺街7號",
        "type": "避難所",
        "flood": "是",
        "earthquake": "是",
        "debris_flow": "是",
        "tsunami": "是",
        "relief_station": "否",
        "accessible": "否",
        "indoor": "40.0",
        "outdoor": "0.0",
        "service_village": "美豐里、真理里、\r\n仁里里",
        "capacity": "40.0",
        "area": "160"
      },
      "geometry": {
        "type": "Point",
        "coordinates": [
          121.901828964195,
          25.064214000043
        ]
      }
    },
    {
      "type": "Feature",
      "properties": {
        "city": "newtaipei",
        "id": "SF228-0007",
        "name": "和美國小\r\n",
        "address": "新北市貢寮區和美里龍洞街1-9號",
        "type": "避難所",
        "flood": "否",
        "earthquake": "是",
        "debris_flow": "是",
        "tsunami": "否",
        "relief_station": "是",
        "accessible": "是",
        "indoor": "31.0",
        "outdoor": "87.0",
        "service_village": "和美里",
        "capacity": "118.0",
        "area": "126"
      },
      "geometry": {
        "type": "Point",
        "coordinates": [
          121.919336329177,
          25.112325998541
        ]
      }
    },
    {
      "type": "Feature",
      "properties": {
        "city": "newtaipei",
        "id": "SF228-0008",
        "name": "福連國小",
        "address": "新北市貢寮區福連里福連街1號",
        "type": "避難所",
        "flood": "否",
        "earthquake": "是",
        "debris_flow": "是",
        "tsunami": "否",
        "relief_station": "是",
        "accessible": "否",
        "indoor": "40.0",
        "outdoor": "550.0",
        "service_village": "福連里",
        "capacity": "590.0",
        "area": "160"
      },
      "geometry": {
        "type": "Point",
        "coordinates": [
          121.988471104758,
          25.016814211857
        ]
      }
    },
    {
      "type": "Feature",
      "properties": {
        "city": "newtaipei",
        "id": "SF228-0009",
        "name": "福隆國小",
        "address": "新北市貢寮區福隆里東興街35號",
        "type": "避難所",
        "flood": "是",
        "earthquake": "是",
        "debris_flow": "是",
        "tsunami": "否",
        "relief_station": "是",
        "accessible": "是",
        "indoor": "91.0",
        "outdoor": "187.0",
        "service_village": "福隆里",
        "capacity": "278.0",
        "area": "364"
      },
      "geometry": {
        "type": "Point",
        "coordinates": [
          121.948824870376,
          25.017606804621
        ]
      }
    },
    {
      "type": "Feature",
      "properties": {
        "city": "newtaipei",
        "id": "SF228-0010",
        "name": "貢寮國小",
        "address": "新北市貢寮區貢寮里學苑街7號",
        "type": "避難所",
        "flood": "否",
        "earthquake": "是",
        "debris_flow": "是",
        "tsunami": "是",
        "relief_station": "是",
        "accessible": "是",
        "indoor": "74.0",
        "outdoor": "531.0",
        "service_village": "貢寮里、雙玉里、\r\n龍崗里、吉林里",
        "capacity": "605.0",
        "area": "299"
      },
      "geometry": {
        "type": "Point",
        "coordinates": [
          121.914701974911,
          25.021737993239
        ]
      }
    },
    {
      "type": "Feature",
      "properties": {
        "city": "newtaipei",
        "id": "SF228-0011",
        "name": "貢寮實驗中學",
        "address": "新北市貢寮區龍崗里嵩陽路42號",
        "type": "避難所",
        "flood": "是",
        "earthquake": "是",
        "debris_flow": "是",
        "tsunami": "是",
        "relief_station": "是",
        "accessible": "是",
        "indoor": "123.0",
        "outdoor": "425.0",
        "service_village": "貢寮里、雙玉里、\r\n龍崗里、吉林里",
        "capacity": "548.0",
        "area": "495"
      },
      "geometry": {
        "type": "Point",
        "coordinates": [
          121.907127965385,
          25.006810620044
        ]
      }
    },
    {
      "type": "Feature",
      "properties": {
        "city": "newtaipei",
        "id": "SF228-0012",
        "name": "虎子山",
        "address": "新北市貢寮區福隆里虎子山街",
        "type": "避難所",
        "flood": "否",
        "earthquake": "否",
        "debris_flow": "否",
        "tsunami": "是",
        "relief_station": "否",
        "accessible": "否",
        "indoor": "0.0",
        "outdoor": "50.0",
        "service_village": "福隆里",
        "capacity": "50.0",
        "area": "0"
      },
      "geometry": {
        "type": "Point",
        "coordinates": [
          121.940816738098,
          25.015443037305
        ]
      }
    },
    {
      "type": "Feature",
      "properties": {
        "city": "newtaipei",
        "id": "SF228-0013",
        "name": "佛祖廟\r\n(西靈岩寺)",
        "address": "新北市貢寮區和美里和美街49號",
        "type": "避難所",
        "flood": "否",
        "earthquake": "否",
        "debris_flow": "否",
        "tsunami": "是",
        "relief_station": "否",
        "accessible": "否",
        "indoor": "0.0",
        "outdoor": "62.0",
        "service_village": "和美里",
        "capacity": "62.0",
        "area": "0"
      },
      "geometry": {
        "type": "Point",
        "coordinates": [
          121.909478057282,
          25.079899231127
        ]
      }
    },
    {
      "type": "Feature",
      "properties": {
        "city": "newtaipei",
        "id": "SF228-0014",
        "name": "佛祖廟\r\n(西側高地)",
        "address": "新北市貢寮區和美里和美街49號",
        "type": "避難所",
        "flood": "否",
        "earthquake": "否",
        "debris_flow": "否",
        "tsunami": "是",
        "relief_station": "否",
        "accessible": "否",
        "indoor": "0.0",
        "outdoor": "62.0",
        "service_village": "和美里",
        "capacity": "62.0",
        "area": "0"
      },
      "geometry": {
        "type": "Point",
        "coordinates": [
          121.909478057282,
          25.079899231127
        ]
      }
    },
    {
      "type": "Feature",
      "properties": {
        "city": "newtaipei",
        "id": "SF228-0015",
        "name": "新北市立圖書館-貢寮分館",
        "address": "新北市貢寮區真理里仁愛路79號3樓",
        "type": "避難所",
        "flood": "否",
        "earthquake": "否",
        "debris_flow": "否",
        "tsunami": "是",
        "relief_station": "是",
        "accessible": "否",
        "indoor": "157.0",
        "outdoor": "0.0",
        "service_village": "真理里、仁里里",
        "capacity": "157.0",
        "area": "630"
      },
      "geometry": {
        "type": "Point",
        "coordinates": [
          121.926916503313,
          25.054775096967
        ]
      }
    },
    {
      "type": "Feature",
      "properties": {
        "city": "newtaipei",
        "id": "SF228-0016",
        "name": "仁和宮",
        "address": "新北市貢寮區仁里里仁和路11號",
        "type": "避難所",
        "flood": "否",
        "earthquake": "否",
        "debris_flow": "否",
        "tsunami": "是",
        "relief_station": "否",
        "accessible": "否",
        "indoor": "125.0",
        "outdoor": "0.0",
        "service_village": "真理里、仁里里",
        "capacity": "125.0",
        "area": "500"
      },
      "geometry": {
        "type": "Point",
        "coordinates": [
          121.922995185144,
          25.048891915965
        ]
      }
    },
    {
      "type": "Feature",
      "properties": {
        "city": "newtaipei",
        "id": "SF228-0017",
        "name": "慶安宮",
        "address": "新北市貢寮區真理里延平街13號",
        "type": "避難所",
        "flood": "否",
        "earthquake": "否",
        "debris_flow": "否",
        "tsunami": "是",
        "relief_station": "否",
        "accessible": "否",
        "indoor": "12.0",
        "outdoor": "0.0",
        "service_village": "真理里、仁里里",
        "capacity": "12.0",
        "area": "50"
      },
      "geometry": {
        "type": "Point",
        "coordinates": [
          121.923836992087,
          25.05487098594
        ]
      }
    },
    {
      "type": "Feature",
      "properties": {
        "city": "newtaipei",
        "id": "SF228-0018",
        "name": "豐珠中學",
        "address": "新北市貢寮區美豐里雞母嶺街6-6號",
        "type": "避難所",
        "flood": "是",
        "earthquake": "否",
        "debris_flow": "否",
        "tsunami": "是",
        "relief_station": "是",
        "accessible": "否",
        "indoor": "51.0",
        "outdoor": "250.0",
        "service_village": "美豐里、真理里、\r\n仁里里",
        "capacity": "301.0",
        "area": "205"
      },
      "geometry": {
        "type": "Point",
        "coordinates": [
          121.901516738302,
          25.065806394008
        ]
      }
    },
    {
      "type": "Feature",
      "properties": {
        "city": "newtaipei",
        "id": "SF228-0019",
        "name": "貢寮區公所",
        "address": "新北市貢寮區貢寮里長泰路20號",
        "type": "避難所",
        "flood": "是",
        "earthquake": "是",
        "debris_flow": "是",
        "tsunami": "是",
        "relief_station": "否",
        "accessible": "是",
        "indoor": "120.0",
        "outdoor": "250.0",
        "service_village": "貢寮里、雙玉里、\r\n龍崗里、吉林里",
        "capacity": "370.0",
        "area": "480"
      },
      "geometry": {
        "type": "Point",
        "coordinates": [
          121.905092039101,
          25.020483012786
        ]
      }
    },
    {
      "type": "Feature",
      "properties": {
        "city": "newtaipei",
        "id": "SF208-0001",
        "name": "運動休閒廣場",
        "address": "新北市金山區五湖里南勢53號",
        "type": "避難所",
        "flood": "是",
        "earthquake": "是",
        "debris_flow": "是",
        "tsunami": "是",
        "relief_station": "否",
        "accessible": "是",
        "indoor": "552.0",
        "outdoor": "150.0",
        "service_village": "五湖里、重和里、兩湖里、六股里、三界里",
        "capacity": "702.0",
        "area": "2210.47"
      },
      "geometry": {
        "type": "Point",
        "coordinates": [
          121.62338,
          25.217573
        ]
      }
    },
    {
      "type": "Feature",
      "properties": {
        "city": "newtaipei",
        "id": "SF208-0003",
        "name": "金美國小",
        "address": "新北市金山區金美里16鄰忠孝一路111號",
        "type": "避難所",
        "flood": "是",
        "earthquake": "是",
        "debris_flow": "是",
        "tsunami": "否",
        "relief_station": "否",
        "accessible": "否",
        "indoor": "370.0",
        "outdoor": "375.0",
        "service_village": "金美里",
        "capacity": "745.0",
        "area": "1483"
      },
      "geometry": {
        "type": "Point",
        "coordinates": [
          121.635474125685,
          25.221039115089
        ]
      }
    },
    {
      "type": "Feature",
      "properties": {
        "city": "newtaipei",
        "id": "SF208-0004",
        "name": "金山高中 ",
        "address": "新北市金山區美田里15鄰文化二路2號",
        "type": "避難所",
        "flood": "是",
        "earthquake": "是",
        "debris_flow": "是",
        "tsunami": "否",
        "relief_station": "否",
        "accessible": "否",
        "indoor": "295.0",
        "outdoor": "225.0",
        "service_village": "美田里、和平里、大同里、磺港里",
        "capacity": "520.0",
        "area": "1182"
      },
      "geometry": {
        "type": "Point",
        "coordinates": [
          121.636391022073,
          25.224675980967
        ]
      }
    },
    {
      "type": "Feature",
      "properties": {
        "city": "newtaipei",
        "id": "SF208-0005",
        "name": "金山國小",
        "address": "新北市金山區美田里2鄰中山路234號",
        "type": "避難所",
        "flood": "是",
        "earthquake": "是",
        "debris_flow": "是",
        "tsunami": "否",
        "relief_station": "否",
        "accessible": "否",
        "indoor": "209.0",
        "outdoor": "82.0",
        "service_village": "美田里、和平里、大同里",
        "capacity": "291.0",
        "area": "839.2"
      },
      "geometry": {
        "type": "Point",
        "coordinates": [
          121.636519265192,
          25.222962594229
        ]
      }
    },
    {
      "type": "Feature",
      "properties": {
        "city": "newtaipei",
        "id": "SF208-0006",
        "name": "三和國小",
        "address": "新北市金山區重和里11鄰六股林口38號",
        "type": "避難所",
        "flood": "是",
        "earthquake": "否",
        "debris_flow": "是",
        "tsunami": "是",
        "relief_station": "否",
        "accessible": "否",
        "indoor": "82.0",
        "outdoor": "74.0",
        "service_village": "重和里",
        "capacity": "156.0",
        "area": "331.79"
      },
      "geometry": {
        "type": "Point",
        "coordinates": [
          121.597708,
          25.21846
        ]
      }
    },
    {
      "type": "Feature",
      "properties": {
        "city": "newtaipei",
        "id": "SF208-0007",
        "name": "中角國小",
        "address": "新北市金山區重和里2鄰海興路49號",
        "type": "避難所",
        "flood": "是",
        "earthquake": "是",
        "debris_flow": "是",
        "tsunami": "是",
        "relief_station": "否",
        "accessible": "否",
        "indoor": "93.0",
        "outdoor": "125.0",
        "service_village": "萬壽里、西湖里、永興里",
        "capacity": "218.0",
        "area": "375"
      },
      "geometry": {
        "type": "Point",
        "coordinates": [
          121.630584207191,
          25.239754605684
        ]
      }
    },
    {
      "type": "Feature",
      "properties": {
        "city": "newtaipei",
        "id": "SF208-0010",
        "name": "獅頭山公園",
        "address": "新北市金山區磺港里磺港路171-2號",
        "type": "避難所",
        "flood": "是",
        "earthquake": "是",
        "debris_flow": "是",
        "tsunami": "是",
        "relief_station": "否",
        "accessible": "否",
        "indoor": "0.0",
        "outdoor": "500.0",
        "service_village": "豐漁里、磺港里",
        "capacity": "500.0",
        "area": "0"
      },
      "geometry": {
        "type": "Point",
        "coordinates": [
          121.644530185333,
          25.223219290014
        ]
      }
    },
    {
      "type": "Feature",
      "properties": {
        "city": "newtaipei",
        "id": "SF208-0011",
        "name": "公館崙公園",
        "address": "新北市金山區五湖里龜子山路",
        "type": "避難所",
        "flood": "是",
        "earthquake": "是",
        "debris_flow": "是",
        "tsunami": "是",
        "relief_station": "否",
        "accessible": "否",
        "indoor": "0.0",
        "outdoor": "81.0",
        "service_village": "五湖里",
        "capacity": "81.0",
        "area": "0"
      },
      "geometry": {
        "type": "Point",
        "coordinates": [
          121.639124754814,
          25.218862065362
        ]
      }
    },
    {
      "type": "Feature",
      "properties": {
        "city": "newtaipei",
        "id": "SF208-0012",
        "name": "朝天宮",
        "address": "新北市金山區重和里11鄰六股林口38-3號",
        "type": "避難所",
        "flood": "是",
        "earthquake": "是",
        "debris_flow": "是",
        "tsunami": "是",
        "relief_station": "否",
        "accessible": "否",
        "indoor": "75.0",
        "outdoor": "0.0",
        "service_village": "重和里",
        "capacity": "75.0",
        "area": "300"
      },
      "geometry": {
        "type": "Point",
        "coordinates": [
          121.597708,
          25.21846
        ]
      }
    },
    {
      "type": "Feature",
      "properties": {
        "city": "newtaipei",
        "id": "SF208-0013",
        "name": "聖德宮",
        "address": "新北市金山三界里區5鄰三界壇路72號",
        "type": "避難所",
        "flood": "是",
        "earthquake": "否",
        "debris_flow": "是",
        "tsunami": "是",
        "relief_station": "否",
        "accessible": "否",
        "indoor": "187.0",
        "outdoor": "0.0",
        "service_village": "三界里、兩湖里、六股里",
        "capacity": "187.0",
        "area": "750"
      },
      "geometry": {
        "type": "Point",
        "coordinates": [
          121.619908009479,
          25.23110599035
        ]
      }
    },
    {
      "type": "Feature",
      "properties": {
        "city": "newtaipei",
        "id": "SF208-0014",
        "name": "六三市民活動中心",
        "address": "新北市金山區三界里3鄰三界壇路101-1號",
        "type": "避難所",
        "flood": "是",
        "earthquake": "是",
        "debris_flow": "是",
        "tsunami": "是",
        "relief_station": "否",
        "accessible": "否",
        "indoor": "45.0",
        "outdoor": "0.0",
        "service_village": "三界里、六股里、兩湖里、清泉里、萬壽里、西湖里、永興里",
        "capacity": "45.0",
        "area": "183.62"
      },
      "geometry": {
        "type": "Point",
        "coordinates": [
          121.620708984146,
          25.230092995442
        ]
      }
    },
    {
      "type": "Feature",
      "properties": {
        "city": "newtaipei",
        "id": "SF208-0015",
        "name": "萬壽市民活動中心",
        "address": "新北市金山區萬壽里海興路116號",
        "type": "避難所",
        "flood": "是",
        "earthquake": "是",
        "debris_flow": "是",
        "tsunami": "是",
        "relief_station": "否",
        "accessible": "否",
        "indoor": "73.0",
        "outdoor": "0.0",
        "service_village": "萬壽里、西湖里、永興里、清泉里",
        "capacity": "73.0",
        "area": "295.68"
      },
      "geometry": {
        "type": "Point",
        "coordinates": [
          121.631936040536,
          25.238242007437
        ]
      }
    },
    {
      "type": "Feature",
      "properties": {
        "city": "newtaipei",
        "id": "SF208-0016",
        "name": "金山區公所",
        "address": "新北市金山區金美里中正路11號",
        "type": "避難所",
        "flood": "是",
        "earthquake": "是",
        "debris_flow": "是",
        "tsunami": "是",
        "relief_station": "否",
        "accessible": "是",
        "indoor": "99.0",
        "outdoor": "0.0",
        "service_village": "金美里",
        "capacity": "99.0",
        "area": "397.08"
      },
      "geometry": {
        "type": "Point",
        "coordinates": [
          121.636607023718,
          25.222323013107
        ]
      }
    },
    {
      "type": "Feature",
      "properties": {
        "city": "newtaipei",
        "id": "SF208-0017",
        "name": "清泉市民活動中心",
        "address": "新北市金山區清泉里清水路49號",
        "type": "避難所",
        "flood": "是",
        "earthquake": "是",
        "debris_flow": "是",
        "tsunami": "是",
        "relief_station": "否",
        "accessible": "否",
        "indoor": "50.0",
        "outdoor": "0.0",
        "service_village": "清泉里、萬壽里、西湖里、永興里",
        "capacity": "50.0",
        "area": "202.46"
      },
      "geometry": {
        "type": "Point",
        "coordinates": [
          121.629360030233,
          25.233917993137
        ]
      }
    },
    {
      "type": "Feature",
      "properties": {
        "city": "newtaipei",
        "id": "SF208-0019",
        "name": "法鼓文理學院",
        "address": "新北市金山區西湖里法鼓路670號",
        "type": "避難所",
        "flood": "是",
        "earthquake": "是",
        "debris_flow": "是",
        "tsunami": "是",
        "relief_station": "否",
        "accessible": "否",
        "indoor": "150.0",
        "outdoor": "0.0",
        "service_village": "西湖里",
        "capacity": "150.0",
        "area": "1504"
      },
      "geometry": {
        "type": "Point",
        "coordinates": [
          121.614999442888,
          25.242537851871
        ]
      }
    },
    {
      "type": "Feature",
      "properties": {
        "city": "newtaipei",
        "id": "SF208-0020",
        "name": "美田市民活動中心",
        "address": "新北市金山區美田里中山路236號2樓",
        "type": "避難所",
        "flood": "是",
        "earthquake": "否",
        "debris_flow": "是",
        "tsunami": "是",
        "relief_station": "否",
        "accessible": "是",
        "indoor": "24.0",
        "outdoor": "0.0",
        "service_village": "金美里、美田里",
        "capacity": "24.0",
        "area": "99.165"
      },
      "geometry": {
        "type": "Point",
        "coordinates": [
          121.636150964366,
          25.223393004957
        ]
      }
    },
    {
      "type": "Feature",
      "properties": {
        "city": "newtaipei",
        "id": "SF207-0001",
        "name": "萬里國小",
        "address": "新北市萬里區萬里里瑪鋉路18號",
        "type": "避難所",
        "flood": "是",
        "earthquake": "是",
        "debris_flow": "是",
        "tsunami": "否",
        "relief_station": "是",
        "accessible": "是",
        "indoor": "273.0",
        "outdoor": "624.0",
        "service_village": "雙興里、溪底里、崁脚里、中幅里、萬里里、北基里",
        "capacity": "897.0",
        "area": "1095"
      },
      "geometry": {
        "type": "Point",
        "coordinates": [
          121.688189004403,
          25.176173595328
        ]
      }
    },
    {
      "type": "Feature",
      "properties": {
        "city": "newtaipei",
        "id": "SF207-0002",
        "name": "萬里區行政大樓",
        "address": "新北市萬里區萬里里瑪鋉路123號",
        "type": "避難所",
        "flood": "是",
        "earthquake": "是",
        "debris_flow": "是",
        "tsunami": "否",
        "relief_station": "否",
        "accessible": "是",
        "indoor": "214.0",
        "outdoor": "0.0",
        "service_village": "萬里里、北基里、龜吼里、野柳里、中幅里",
        "capacity": "214.0",
        "area": "856"
      },
      "geometry": {
        "type": "Point",
        "coordinates": [
          121.689187205252,
          25.178247990635
        ]
      }
    },
    {
      "type": "Feature",
      "properties": {
        "city": "newtaipei",
        "id": "SF207-0003",
        "name": "野柳活動中心",
        "address": "新北市萬里區野柳里港東新邨1-6號",
        "type": "避難所",
        "flood": "是",
        "earthquake": "是",
        "debris_flow": "是",
        "tsunami": "否",
        "relief_station": "否",
        "accessible": "是",
        "indoor": "216.0",
        "outdoor": "0.0",
        "service_village": "野柳里、磺潭里、大鵬里",
        "capacity": "216.0",
        "area": "866"
      },
      "geometry": {
        "type": "Point",
        "coordinates": [
          121.6894295,
          25.1780809
        ]
      }
    },
    {
      "type": "Feature",
      "properties": {
        "city": "newtaipei",
        "id": "SF207-0004",
        "name": "崁腳活動中心",
        "address": "新北市萬里區崁脚里崁脚路55-1號",
        "type": "避難所",
        "flood": "否",
        "earthquake": "是",
        "debris_flow": "是",
        "tsunami": "是",
        "relief_station": "否",
        "accessible": "否",
        "indoor": "30.0",
        "outdoor": "0.0",
        "service_village": "崁脚里、溪底里、雙興里、中幅里",
        "capacity": "30.0",
        "area": "120"
      },
      "geometry": {
        "type": "Point",
        "coordinates": [
          121.649451,
          25.159078
        ]
      }
    },
    {
      "type": "Feature",
      "properties": {
        "city": "newtaipei",
        "id": "SF207-0005",
        "name": "仁愛之家",
        "address": "新北市萬里區龜吼里玉田路61號",
        "type": "避難所",
        "flood": "否",
        "earthquake": "是",
        "debris_flow": "否",
        "tsunami": "是",
        "relief_station": "否",
        "accessible": "是",
        "indoor": "203.0",
        "outdoor": "66.0",
        "service_village": "大鵬里、磺潭里、野柳里、龜吼里",
        "capacity": "269.0",
        "area": "812"
      },
      "geometry": {
        "type": "Point",
        "coordinates": [
          121.685296661074,
          25.203821009586
        ]
      }
    },
    {
      "type": "Feature",
      "properties": {
        "city": "newtaipei",
        "id": "SF207-0006",
        "name": "崁腳國小",
        "address": "新北市萬里區崁脚里崁脚路59號",
        "type": "避難所",
        "flood": "否",
        "earthquake": "是",
        "debris_flow": "是",
        "tsunami": "是",
        "relief_station": "否",
        "accessible": "否",
        "indoor": "99.0",
        "outdoor": "62.0",
        "service_village": "崁脚里、溪底里、雙興里、中幅里",
        "capacity": "161.0",
        "area": "398"
      },
      "geometry": {
        "type": "Point",
        "coordinates": [
          121.649451,
          25.159078
        ]
      }
    },
    {
      "type": "Feature",
      "properties": {
        "city": "newtaipei",
        "id": "SF207-0007",
        "name": "大坪國小",
        "address": "新北市萬里區雙興里大坪路1號",
        "type": "避難所",
        "flood": "否",
        "earthquake": "是",
        "debris_flow": "是",
        "tsunami": "是",
        "relief_station": "否",
        "accessible": "否",
        "indoor": "68.0",
        "outdoor": "172.0",
        "service_village": "萬里里、北基里、龜吼里、崁脚里、溪底里、雙興里",
        "capacity": "240.0",
        "area": "274"
      },
      "geometry": {
        "type": "Point",
        "coordinates": [
          121.634827,
          25.169083
        ]
      }
    },
    {
      "type": "Feature",
      "properties": {
        "city": "newtaipei",
        "id": "SF207-0008",
        "name": "中華商業海事職業學校",
        "address": "新北市萬里區北基里瑪鋉路15號",
        "type": "避難所",
        "flood": "否",
        "earthquake": "是",
        "debris_flow": "是",
        "tsunami": "是",
        "relief_station": "否",
        "accessible": "否",
        "indoor": "0.0",
        "outdoor": "775.0",
        "service_village": "北基里、萬里里、中幅里",
        "capacity": "775.0",
        "area": "0"
      },
      "geometry": {
        "type": "Point",
        "coordinates": [
          121.689701937926,
          25.179128090469
        ]
      }
    },
    {
      "type": "Feature",
      "properties": {
        "city": "newtaipei",
        "id": "SF207-0009",
        "name": "獅頭路瑪鋉公園",
        "address": "中萬里加投瑪鋉港口小段269-20地號",
        "type": "避難所",
        "flood": "是",
        "earthquake": "是",
        "debris_flow": "是",
        "tsunami": "否",
        "relief_station": "否",
        "accessible": "否",
        "indoor": "0.0",
        "outdoor": "225.0",
        "service_village": "萬里里",
        "capacity": "225.0",
        "area": "0"
      },
      "geometry": {
        "type": "Point",
        "coordinates": [
          0.0,
          0.0
        ]
      }
    },
    {
      "type": "Feature",
      "properties": {
        "city": "newtaipei",
        "id": "SF207-0010",
        "name": "磺潭社區親水公園",
        "address": "新北市萬里區磺潭里員潭路",
        "type": "避難所",
        "flood": "是",
        "earthquake": "是",
        "debris_flow": "是",
        "tsunami": "是",
        "relief_station": "否",
        "accessible": "否",
        "indoor": "0.0",
        "outdoor": "225.0",
        "service_village": "大鵬里、磺潭里",
        "capacity": "225.0",
        "area": "0"
      },
      "geometry": {
        "type": "Point",
        "coordinates": [
          121.6894295,
          25.1780809
        ]
      }
    },
    {
      "type": "Feature",
      "properties": {
        "city": "newtaipei",
        "id": "SF207-0011",
        "name": "鎮北宮",
        "address": "新北市萬里區龜吼里玉田路4-2號",
        "type": "避難所",
        "flood": "是",
        "earthquake": "是",
        "debris_flow": "是",
        "tsunami": "是",
        "relief_station": "否",
        "accessible": "否",
        "indoor": "0.0",
        "outdoor": "175.0",
        "service_village": "龜吼里美崙",
        "capacity": "175.0",
        "area": "0"
      },
      "geometry": {
        "type": "Point",
        "coordinates": [
          121.681727786335,
          25.199513987453
        ]
      }
    },
    {
      "type": "Feature",
      "properties": {
        "city": "newtaipei",
        "id": "SF207-0012",
        "name": "基督教芥菜種營地",
        "address": "新北市萬里區龜吼里玉田路25號",
        "type": "避難所",
        "flood": "是",
        "earthquake": "是",
        "debris_flow": "是",
        "tsunami": "是",
        "relief_station": "否",
        "accessible": "否",
        "indoor": "0.0",
        "outdoor": "200.0",
        "service_village": "龜吼里玉田",
        "capacity": "200.0",
        "area": "0"
      },
      "geometry": {
        "type": "Point",
        "coordinates": [
          121.673162680037,
          25.201142476127
        ]
      }
    },
    {
      "type": "Feature",
      "properties": {
        "city": "newtaipei",
        "id": "SF207-0013",
        "name": "大鵬國小",
        "address": "新北市萬里區大鵬里萬里加投14號",
        "type": "避難所",
        "flood": "否",
        "earthquake": "是",
        "debris_flow": "是",
        "tsunami": "否",
        "relief_station": "否",
        "accessible": "否",
        "indoor": "66.0",
        "outdoor": "625.0",
        "service_village": "大鵬里、野柳里、龜吼里、磺潭里",
        "capacity": "691.0",
        "area": "264"
      },
      "geometry": {
        "type": "Point",
        "coordinates": [
          121.647953,
          25.214554
        ]
      }
    },
    {
      "type": "Feature",
      "properties": {
        "city": "newtaipei",
        "id": "SF207-0014",
        "name": "野柳國小",
        "address": "新北市萬里區野柳里港東路167號",
        "type": "避難所",
        "flood": "是",
        "earthquake": "是",
        "debris_flow": "是",
        "tsunami": "否",
        "relief_station": "是",
        "accessible": "否",
        "indoor": "471.0",
        "outdoor": "187.0",
        "service_village": "大鵬里、野柳里、龜吼里",
        "capacity": "658.0",
        "area": "1884.07"
      },
      "geometry": {
        "type": "Point",
        "coordinates": [
          121.689486774471,
          25.205606899786
        ]
      }
    },
    {
      "type": "Feature",
      "properties": {
        "city": "newtaipei",
        "id": "SF207-0015",
        "name": "萬里國中",
        "address": "新北市萬里區萬里里獅頭路24號",
        "type": "避難所",
        "flood": "是",
        "earthquake": "是",
        "debris_flow": "是",
        "tsunami": "是",
        "relief_station": "否",
        "accessible": "否",
        "indoor": "105.0",
        "outdoor": "1250.0",
        "service_village": "萬里里、北基里、雙興里、中幅里",
        "capacity": "1355.0",
        "area": "420"
      },
      "geometry": {
        "type": "Point",
        "coordinates": [
          121.694458543175,
          25.177979131424
        ]
      }
    },
    {
      "type": "Feature",
      "properties": {
        "city": "newtaipei",
        "id": "SF207-0016",
        "name": "頂寮活動中心",
        "address": "新北市萬里區大鵬里頂社路18-6號",
        "type": "避難所",
        "flood": "是",
        "earthquake": "是",
        "debris_flow": "是",
        "tsunami": "否",
        "relief_station": "否",
        "accessible": "是",
        "indoor": "69.0",
        "outdoor": "0.0",
        "service_village": "大鵬里、磺潭里",
        "capacity": "69.0",
        "area": "277"
      },
      "geometry": {
        "type": "Point",
        "coordinates": [
          121.658547707489,
          25.208398773926
        ]
      }
    },
    {
      "type": "Feature",
      "properties": {
        "city": "newtaipei",
        "id": "SF233-0001",
        "name": "忠治活動中心",
        "address": "新北市烏來區忠治12號",
        "type": "避難所",
        "flood": "是",
        "earthquake": "是",
        "debris_flow": "是",
        "tsunami": "否",
        "relief_station": "是",
        "accessible": "是",
        "indoor": "30.0",
        "outdoor": "0.0",
        "service_village": "忠治里、烏來里、孝義里",
        "capacity": "30.0",
        "area": "120"
      },
      "geometry": {
        "type": "Point",
        "coordinates": [
          121.548059,
          24.8717079
        ]
      }
    },
    {
      "type": "Feature",
      "properties": {
        "city": "newtaipei",
        "id": "SF233-0002",
        "name": "綜合活動中心",
        "address": "新北市烏來區烏來街34號",
        "type": "避難所",
        "flood": "是",
        "earthquake": "是",
        "debris_flow": "是",
        "tsunami": "否",
        "relief_station": "是",
        "accessible": "是",
        "indoor": "30.0",
        "outdoor": "0.0",
        "service_village": "忠治里、烏來里、孝義里、信賢里、福山里",
        "capacity": "30.0",
        "area": "120"
      },
      "geometry": {
        "type": "Point",
        "coordinates": [
          121.551198196388,
          24.863484895259
        ]
      }
    },
    {
      "type": "Feature",
      "properties": {
        "city": "newtaipei",
        "id": "SF233-0004",
        "name": "信賢活動中心",
        "address": "新北市烏來區信福路48號",
        "type": "避難所",
        "flood": "是",
        "earthquake": "是",
        "debris_flow": "是",
        "tsunami": "否",
        "relief_station": "是",
        "accessible": "是",
        "indoor": "30.0",
        "outdoor": "0.0",
        "service_village": "信賢里、福山里",
        "capacity": "30.0",
        "area": "120"
      },
      "geometry": {
        "type": "Point",
        "coordinates": [
          121.525314963202,
          24.835429994778
        ]
      }
    },
    {
      "type": "Feature",
      "properties": {
        "city": "newtaipei",
        "id": "SF233-0005",
        "name": "福山活動中心",
        "address": "新北市烏來區李茂岸55號",
        "type": "避難所",
        "flood": "是",
        "earthquake": "是",
        "debris_flow": "是",
        "tsunami": "否",
        "relief_station": "是",
        "accessible": "是",
        "indoor": "50.0",
        "outdoor": "0.0",
        "service_village": "福山里",
        "capacity": "50.0",
        "area": "200"
      },
      "geometry": {
        "type": "Point",
        "coordinates": [
          121.548059,
          24.8717079
        ]
      }
    },
    {
      "type": "Feature",
      "properties": {
        "city": "newtaipei",
        "id": "SF233-0006",
        "name": "德拉楠實驗國民小學",
        "address": "新北市烏來區李茂岸55號",
        "type": "避難所",
        "flood": "是",
        "earthquake": "是",
        "debris_flow": "是",
        "tsunami": "否",
        "relief_station": "是",
        "accessible": "是",
        "indoor": "56.0",
        "outdoor": "0.0",
        "service_village": "福山里",
        "capacity": "56.0",
        "area": "225"
      },
      "geometry": {
        "type": "Point",
        "coordinates": [
          121.548059,
          24.8717079
        ]
      }
    },
    {
      "type": "Feature",
      "properties": {
        "city": "newtaipei",
        "id": "SF233-0007",
        "name": "烏來國民中小學",
        "address": "新北市烏來區啦卡踏5號",
        "type": "避難所",
        "flood": "是",
        "earthquake": "是",
        "debris_flow": "是",
        "tsunami": "否",
        "relief_station": "是",
        "accessible": "是",
        "indoor": "50.0",
        "outdoor": "0.0",
        "service_village": "烏來里、孝義里、信賢里、福山里",
        "capacity": "50.0",
        "area": "225"
      },
      "geometry": {
        "type": "Point",
        "coordinates": [
          121.548059,
          24.8717079
        ]
      }
    },
    {
      "type": "Feature",
      "properties": {
        "city": "newtaipei",
        "id": "SF233-0008",
        "name": "烏來區立圖書館",
        "address": "新北市烏來區環山路82巷98號",
        "type": "避難所",
        "flood": "是",
        "earthquake": "是",
        "debris_flow": "是",
        "tsunami": "否",
        "relief_station": "是",
        "accessible": "是",
        "indoor": "50.0",
        "outdoor": "0.0",
        "service_village": "忠治里、烏來里、孝義里、信賢里",
        "capacity": "50.0",
        "area": "200"
      },
      "geometry": {
        "type": "Point",
        "coordinates": [
          121.547249984717,
          24.863789996534
        ]
      }
    },
    {
      "type": "Feature",
      "properties": {
        "city": "newtaipei",
        "id": 0,
        "name": 0,
        "address": 0,
        "type": "避難所",
        "flood": 0,
        "earthquake": 0,
        "debris_flow": 0,
        "tsunami": 0,
        "relief_station": 0,
        "accessible": 0,
        "indoor": "148226.75",
        "outdoor": "221188.085",
        "service_village": 0,
        "capacity": "369414.835",
        "area": "596357.1785283018"
      },
      "geometry": {
        "type": "Point",
        "coordinates": [
          100.773934968,
          18.776095736
        ]
      }
    },
    {
      "type": "Feature",
      "properties": {
        "城市": "newtaipei",
        "學校名稱": "新北市立八里國民中學",
        "汽車數": 15,
        "機車數": 0.0,
        "type": "停車場"
      },
      "geometry": {
        "type": "Point",
        "coordinates": [
          121.4658836,
          25.0117099
        ]
      }
    },
    {
      "type": "Feature",
      "properties": {
        "城市": "newtaipei",
        "學校名稱": "新北市八里區八里國民小學",
        "汽車數": 50,
        "機車數": 0.0,
        "type": "停車場"
      },
      "geometry": {
        "type": "Point",
        "coordinates": [
          121.4013922,
          25.1494122
        ]
      }
    },
    {
      "type": "Feature",
      "properties": {
        "城市": "newtaipei",
        "學校名稱": "新北市八里區長坑國民小學",
        "汽車數": 20,
        "機車數": 0.0,
        "type": "停車場"
      },
      "geometry": {
        "type": "Point",
        "coordinates": [
          121.4013922,
          25.1494122
        ]
      }
    },
    {
      "type": "Feature",
      "properties": {
        "城市": "newtaipei",
        "學校名稱": "新北市八里區米倉國民小學",
        "汽車數": 38,
        "機車數": 0.0,
        "type": "停車場"
      },
      "geometry": {
        "type": "Point",
        "coordinates": [
          121.44208,
          25.14934
        ]
      }
    },
    {
      "type": "Feature",
      "properties": {
        "城市": "newtaipei",
        "學校名稱": "新北市三芝區三芝國民小學",
        "汽車數": 26,
        "機車數": 0.0,
        "type": "停車場"
      },
      "geometry": {
        "type": "Point",
        "coordinates": [
          121.5010864,
          25.2578784
        ]
      }
    },
    {
      "type": "Feature",
      "properties": {
        "城市": "newtaipei",
        "學校名稱": "新北市三芝區橫山國民小學",
        "汽車數": 13,
        "機車數": 0.0,
        "type": "停車場"
      },
      "geometry": {
        "type": "Point",
        "coordinates": [
          121.5010864,
          25.2578784
        ]
      }
    },
    {
      "type": "Feature",
      "properties": {
        "城市": "newtaipei",
        "學校名稱": "新北市三芝區興華國民小學",
        "汽車數": 10,
        "機車數": 0.0,
        "type": "停車場"
      },
      "geometry": {
        "type": "Point",
        "coordinates": [
          121.5010864,
          25.2578784
        ]
      }
    },
    {
      "type": "Feature",
      "properties": {
        "城市": "newtaipei",
        "學校名稱": "新北市金陵女子高級中學",
        "汽車數": 110,
        "機車數": 0.0,
        "type": "停車場"
      },
      "geometry": {
        "type": "Point",
        "coordinates": [
          121.4658836,
          25.0117099
        ]
      }
    },
    {
      "type": "Feature",
      "properties": {
        "城市": "newtaipei",
        "學校名稱": "新北市立新北高級中學",
        "汽車數": 106,
        "機車數": 0.0,
        "type": "停車場"
      },
      "geometry": {
        "type": "Point",
        "coordinates": [
          121.4658836,
          25.0117099
        ]
      }
    },
    {
      "type": "Feature",
      "properties": {
        "城市": "newtaipei",
        "學校名稱": "新北市立光榮國民中學",
        "汽車數": 30,
        "機車數": 0.0,
        "type": "停車場"
      },
      "geometry": {
        "type": "Point",
        "coordinates": [
          121.4658836,
          25.0117099
        ]
      }
    },
    {
      "type": "Feature",
      "properties": {
        "城市": "newtaipei",
        "學校名稱": "新北市立明志國民中學",
        "汽車數": 12,
        "機車數": 0.0,
        "type": "停車場"
      },
      "geometry": {
        "type": "Point",
        "coordinates": [
          121.4658836,
          25.0117099
        ]
      }
    },
    {
      "type": "Feature",
      "properties": {
        "城市": "newtaipei",
        "學校名稱": "新北市立碧華國民中學",
        "汽車數": 15,
        "機車數": 0.0,
        "type": "停車場"
      },
      "geometry": {
        "type": "Point",
        "coordinates": [
          121.4658836,
          25.0117099
        ]
      }
    },
    {
      "type": "Feature",
      "properties": {
        "城市": "newtaipei",
        "學校名稱": "新北市立三和國民中學",
        "汽車數": 17,
        "機車數": 0.0,
        "type": "停車場"
      },
      "geometry": {
        "type": "Point",
        "coordinates": [
          121.4658836,
          25.0117099
        ]
      }
    },
    {
      "type": "Feature",
      "properties": {
        "城市": "newtaipei",
        "學校名稱": "新北市立二重國民中學",
        "汽車數": 20,
        "機車數": 0.0,
        "type": "停車場"
      },
      "geometry": {
        "type": "Point",
        "coordinates": [
          121.4658836,
          25.0117099
        ]
      }
    },
    {
      "type": "Feature",
      "properties": {
        "城市": "newtaipei",
        "學校名稱": "新北市三重區三重國民小學",
        "汽車數": 8,
        "機車數": 0.0,
        "type": "停車場"
      },
      "geometry": {
        "type": "Point",
        "coordinates": [
          121.4885336,
          25.061008
        ]
      }
    },
    {
      "type": "Feature",
      "properties": {
        "城市": "newtaipei",
        "學校名稱": "新北市三重區永福國民小學",
        "汽車數": 8,
        "機車數": 0.0,
        "type": "停車場"
      },
      "geometry": {
        "type": "Point",
        "coordinates": [
          121.4885336,
          25.061008
        ]
      }
    },
    {
      "type": "Feature",
      "properties": {
        "城市": "newtaipei",
        "學校名稱": "新北市三重區厚德國民小學",
        "汽車數": 50,
        "機車數": 0.0,
        "type": "停車場"
      },
      "geometry": {
        "type": "Point",
        "coordinates": [
          121.4885336,
          25.061008
        ]
      }
    },
    {
      "type": "Feature",
      "properties": {
        "城市": "newtaipei",
        "學校名稱": "新北市三重區三光國民小學",
        "汽車數": 10,
        "機車數": 0.0,
        "type": "停車場"
      },
      "geometry": {
        "type": "Point",
        "coordinates": [
          121.4885336,
          25.061008
        ]
      }
    },
    {
      "type": "Feature",
      "properties": {
        "城市": "newtaipei",
        "學校名稱": "新北市三重區光興國民小學",
        "汽車數": 5,
        "機車數": 0.0,
        "type": "停車場"
      },
      "geometry": {
        "type": "Point",
        "coordinates": [
          121.4885336,
          25.061008
        ]
      }
    },
    {
      "type": "Feature",
      "properties": {
        "城市": "newtaipei",
        "學校名稱": "新北市三重區修德國民小學",
        "汽車數": 10,
        "機車數": 0.0,
        "type": "停車場"
      },
      "geometry": {
        "type": "Point",
        "coordinates": [
          121.4885336,
          25.061008
        ]
      }
    },
    {
      "type": "Feature",
      "properties": {
        "城市": "newtaipei",
        "學校名稱": "新北市三重區二重國民小學",
        "汽車數": 6,
        "機車數": 0.0,
        "type": "停車場"
      },
      "geometry": {
        "type": "Point",
        "coordinates": [
          121.4885336,
          25.061008
        ]
      }
    },
    {
      "type": "Feature",
      "properties": {
        "城市": "newtaipei",
        "學校名稱": "新北市三重區興穀國民小學",
        "汽車數": 10,
        "機車數": 0.0,
        "type": "停車場"
      },
      "geometry": {
        "type": "Point",
        "coordinates": [
          121.4885336,
          25.061008
        ]
      }
    },
    {
      "type": "Feature",
      "properties": {
        "城市": "newtaipei",
        "學校名稱": "新北市三重區重陽國民小學",
        "汽車數": 8,
        "機車數": 0.0,
        "type": "停車場"
      },
      "geometry": {
        "type": "Point",
        "coordinates": [
          121.4885336,
          25.061008
        ]
      }
    },
    {
      "type": "Feature",
      "properties": {
        "城市": "newtaipei",
        "學校名稱": "新北市三重區五華國民小學",
        "汽車數": 25,
        "機車數": 0.0,
        "type": "停車場"
      },
      "geometry": {
        "type": "Point",
        "coordinates": [
          121.4885336,
          25.061008
        ]
      }
    },
    {
      "type": "Feature",
      "properties": {
        "城市": "newtaipei",
        "學校名稱": "新北市三重區集美國民小學",
        "汽車數": 20,
        "機車數": 0.0,
        "type": "停車場"
      },
      "geometry": {
        "type": "Point",
        "coordinates": [
          121.4885336,
          25.061008
        ]
      }
    },
    {
      "type": "Feature",
      "properties": {
        "城市": "newtaipei",
        "學校名稱": "新北市私立辭修高級中學",
        "汽車數": 100,
        "機車數": 0.0,
        "type": "停車場"
      },
      "geometry": {
        "type": "Point",
        "coordinates": [
          121.4658836,
          25.0117099
        ]
      }
    },
    {
      "type": "Feature",
      "properties": {
        "城市": "newtaipei",
        "學校名稱": "新北市三峽區北大國民小學",
        "汽車數": 10,
        "機車數": 0.0,
        "type": "停車場"
      },
      "geometry": {
        "type": "Point",
        "coordinates": [
          121.3688816,
          24.9341956
        ]
      }
    },
    {
      "type": "Feature",
      "properties": {
        "城市": "newtaipei",
        "學校名稱": "新北市立北大高級中學",
        "汽車數": 8,
        "機車數": 0.0,
        "type": "停車場"
      },
      "geometry": {
        "type": "Point",
        "coordinates": [
          121.3761057,
          24.948608
        ]
      }
    },
    {
      "type": "Feature",
      "properties": {
        "城市": "newtaipei",
        "學校名稱": "新北市立安溪國民中學",
        "汽車數": 20,
        "機車數": 0.0,
        "type": "停車場"
      },
      "geometry": {
        "type": "Point",
        "coordinates": [
          121.4658836,
          25.0117099
        ]
      }
    },
    {
      "type": "Feature",
      "properties": {
        "城市": "newtaipei",
        "學校名稱": "新北市三峽區三峽國民小學",
        "汽車數": 10,
        "機車數": 0.0,
        "type": "停車場"
      },
      "geometry": {
        "type": "Point",
        "coordinates": [
          121.3701728,
          24.9341016
        ]
      }
    },
    {
      "type": "Feature",
      "properties": {
        "城市": "newtaipei",
        "學校名稱": "新北市三峽區大埔國民小學",
        "汽車數": 23,
        "機車數": 0.0,
        "type": "停車場"
      },
      "geometry": {
        "type": "Point",
        "coordinates": [
          121.3688816,
          24.9341956
        ]
      }
    },
    {
      "type": "Feature",
      "properties": {
        "城市": "newtaipei",
        "學校名稱": "新北市三峽區建安國民小學",
        "汽車數": 8,
        "機車數": 0.0,
        "type": "停車場"
      },
      "geometry": {
        "type": "Point",
        "coordinates": [
          121.4449999,
          24.9272494
        ]
      }
    },
    {
      "type": "Feature",
      "properties": {
        "城市": "newtaipei",
        "學校名稱": "新北市立插角森林實驗小學",
        "汽車數": 25,
        "機車數": 0.0,
        "type": "停車場"
      },
      "geometry": {
        "type": "Point",
        "coordinates": [
          121.405466,
          24.869603
        ]
      }
    },
    {
      "type": "Feature",
      "properties": {
        "城市": "newtaipei",
        "學校名稱": "新北市三峽區有木國民小學",
        "汽車數": 10,
        "機車數": 0.0,
        "type": "停車場"
      },
      "geometry": {
        "type": "Point",
        "coordinates": [
          121.434789,
          24.862905
        ]
      }
    },
    {
      "type": "Feature",
      "properties": {
        "城市": "newtaipei",
        "學校名稱": "新北市三峽區安溪國民小學",
        "汽車數": 25,
        "機車數": 0.0,
        "type": "停車場"
      },
      "geometry": {
        "type": "Point",
        "coordinates": [
          121.3688816,
          24.9341956
        ]
      }
    },
    {
      "type": "Feature",
      "properties": {
        "城市": "newtaipei",
        "學校名稱": "新北市三峽區介壽國民小學",
        "汽車數": 30,
        "機車數": 0.0,
        "type": "停車場"
      },
      "geometry": {
        "type": "Point",
        "coordinates": [
          121.3688816,
          24.9341956
        ]
      }
    },
    {
      "type": "Feature",
      "properties": {
        "城市": "newtaipei",
        "學校名稱": "新北市三峽區中園國民小學",
        "汽車數": 40,
        "機車數": 0.0,
        "type": "停車場"
      },
      "geometry": {
        "type": "Point",
        "coordinates": [
          121.3688816,
          24.9341956
        ]
      }
    },
    {
      "type": "Feature",
      "properties": {
        "城市": "newtaipei",
        "學校名稱": "新北市裕德高級中等學校",
        "汽車數": 64,
        "機車數": 0.0,
        "type": "停車場"
      },
      "geometry": {
        "type": "Point",
        "coordinates": [
          121.4658836,
          25.0117099
        ]
      }
    },
    {
      "type": "Feature",
      "properties": {
        "城市": "newtaipei",
        "學校名稱": "新北市立新北高級工業職業學校",
        "汽車數": 100,
        "機車數": 0.0,
        "type": "停車場"
      },
      "geometry": {
        "type": "Point",
        "coordinates": [
          121.4658836,
          25.0117099
        ]
      }
    },
    {
      "type": "Feature",
      "properties": {
        "城市": "newtaipei",
        "學校名稱": "新北市立清水高級中學",
        "汽車數": 20,
        "機車數": 0.0,
        "type": "停車場"
      },
      "geometry": {
        "type": "Point",
        "coordinates": [
          121.459735,
          24.984076
        ]
      }
    },
    {
      "type": "Feature",
      "properties": {
        "城市": "newtaipei",
        "學校名稱": "新北市立土城國民中學",
        "汽車數": 70,
        "機車數": 0.0,
        "type": "停車場"
      },
      "geometry": {
        "type": "Point",
        "coordinates": [
          121.488885,
          24.95083
        ]
      }
    },
    {
      "type": "Feature",
      "properties": {
        "城市": "newtaipei",
        "學校名稱": "新北市立中正國民中學",
        "汽車數": 90,
        "機車數": 0.0,
        "type": "停車場"
      },
      "geometry": {
        "type": "Point",
        "coordinates": [
          121.4658836,
          25.0117099
        ]
      }
    },
    {
      "type": "Feature",
      "properties": {
        "城市": "newtaipei",
        "學校名稱": "新北市土城區土城國民小學",
        "汽車數": 20,
        "機車數": 0.0,
        "type": "停車場"
      },
      "geometry": {
        "type": "Point",
        "coordinates": [
          121.4429286,
          24.9725985
        ]
      }
    },
    {
      "type": "Feature",
      "properties": {
        "城市": "newtaipei",
        "學校名稱": "新北市土城區清水國民小學",
        "汽車數": 8,
        "機車數": 0.0,
        "type": "停車場"
      },
      "geometry": {
        "type": "Point",
        "coordinates": [
          121.459735,
          24.984076
        ]
      }
    },
    {
      "type": "Feature",
      "properties": {
        "城市": "newtaipei",
        "學校名稱": "新北市土城區頂埔國民小學",
        "汽車數": 6,
        "機車數": 0.0,
        "type": "停車場"
      },
      "geometry": {
        "type": "Point",
        "coordinates": [
          121.415299,
          24.955287
        ]
      }
    },
    {
      "type": "Feature",
      "properties": {
        "城市": "newtaipei",
        "學校名稱": "新北市土城區廣福國民小學",
        "汽車數": 20,
        "機車數": 0.0,
        "type": "停車場"
      },
      "geometry": {
        "type": "Point",
        "coordinates": [
          121.4429286,
          24.9725985
        ]
      }
    },
    {
      "type": "Feature",
      "properties": {
        "城市": "newtaipei",
        "學校名稱": "新北市土城區樂利國民小學",
        "汽車數": 6,
        "機車數": 0.0,
        "type": "停車場"
      },
      "geometry": {
        "type": "Point",
        "coordinates": [
          121.4429286,
          24.9725985
        ]
      }
    },
    {
      "type": "Feature",
      "properties": {
        "城市": "newtaipei",
        "學校名稱": "新北市土城區安和國民小學",
        "汽車數": 10,
        "機車數": 0.0,
        "type": "停車場"
      },
      "geometry": {
        "type": "Point",
        "coordinates": [
          121.4429286,
          24.9725985
        ]
      }
    },
    {
      "type": "Feature",
      "properties": {
        "城市": "newtaipei",
        "學校名稱": "新北市私立竹林高級中學",
        "汽車數": 20,
        "機車數": 0.0,
        "type": "停車場"
      },
      "geometry": {
        "type": "Point",
        "coordinates": [
          121.431859,
          25.095152
        ]
      }
    },
    {
      "type": "Feature",
      "properties": {
        "城市": "newtaipei",
        "學校名稱": "新北市立中和高級中學",
        "汽車數": 70,
        "機車數": 0.0,
        "type": "停車場"
      },
      "geometry": {
        "type": "Point",
        "coordinates": [
          121.387868,
          24.972871
        ]
      }
    },
    {
      "type": "Feature",
      "properties": {
        "城市": "newtaipei",
        "學校名稱": "新北市立錦和高級中學",
        "汽車數": 40,
        "機車數": 0.0,
        "type": "停車場"
      },
      "geometry": {
        "type": "Point",
        "coordinates": [
          121.4658836,
          25.0117099
        ]
      }
    },
    {
      "type": "Feature",
      "properties": {
        "城市": "newtaipei",
        "學校名稱": "新北市立中和國民中學",
        "汽車數": 17,
        "機車數": 0.0,
        "type": "停車場"
      },
      "geometry": {
        "type": "Point",
        "coordinates": [
          121.387868,
          24.972871
        ]
      }
    },
    {
      "type": "Feature",
      "properties": {
        "城市": "newtaipei",
        "學校名稱": "新北市立積穗國民中學",
        "汽車數": 10,
        "機車數": 0.0,
        "type": "停車場"
      },
      "geometry": {
        "type": "Point",
        "coordinates": [
          121.4658836,
          25.0117099
        ]
      }
    },
    {
      "type": "Feature",
      "properties": {
        "城市": "newtaipei",
        "學校名稱": "新北市立漳和國民中學",
        "汽車數": 10,
        "機車數": 0.0,
        "type": "停車場"
      },
      "geometry": {
        "type": "Point",
        "coordinates": [
          121.4658836,
          25.0117099
        ]
      }
    },
    {
      "type": "Feature",
      "properties": {
        "城市": "newtaipei",
        "學校名稱": "新北市立自強國民中學",
        "汽車數": 10,
        "機車數": 0.0,
        "type": "停車場"
      },
      "geometry": {
        "type": "Point",
        "coordinates": [
          121.4658836,
          25.0117099
        ]
      }
    },
    {
      "type": "Feature",
      "properties": {
        "城市": "newtaipei",
        "學校名稱": "新北市中和區中和國民小學",
        "汽車數": 15,
        "機車數": 0.0,
        "type": "停車場"
      },
      "geometry": {
        "type": "Point",
        "coordinates": [
          121.501279,
          25.000538
        ]
      }
    },
    {
      "type": "Feature",
      "properties": {
        "城市": "newtaipei",
        "學校名稱": "新北市中和區興南國民小學",
        "汽車數": 8,
        "機車數": 0.0,
        "type": "停車場"
      },
      "geometry": {
        "type": "Point",
        "coordinates": [
          121.5008581,
          24.998512
        ]
      }
    },
    {
      "type": "Feature",
      "properties": {
        "城市": "newtaipei",
        "學校名稱": "新北市中和區秀山國民小學",
        "汽車數": 20,
        "機車數": 0.0,
        "type": "停車場"
      },
      "geometry": {
        "type": "Point",
        "coordinates": [
          121.5008581,
          24.998512
        ]
      }
    },
    {
      "type": "Feature",
      "properties": {
        "城市": "newtaipei",
        "學校名稱": "新北市中和區錦和國民小學",
        "汽車數": 5,
        "機車數": 0.0,
        "type": "停車場"
      },
      "geometry": {
        "type": "Point",
        "coordinates": [
          121.5008581,
          24.998512
        ]
      }
    },
    {
      "type": "Feature",
      "properties": {
        "城市": "newtaipei",
        "學校名稱": "新北市中和區景新國民小學",
        "汽車數": 7,
        "機車數": 0.0,
        "type": "停車場"
      },
      "geometry": {
        "type": "Point",
        "coordinates": [
          121.5008581,
          24.998512
        ]
      }
    },
    {
      "type": "Feature",
      "properties": {
        "城市": "newtaipei",
        "學校名稱": "新北市五股區更寮國民小學",
        "汽車數": 15,
        "機車數": 0.0,
        "type": "停車場"
      },
      "geometry": {
        "type": "Point",
        "coordinates": [
          121.438063,
          25.0830431
        ]
      }
    },
    {
      "type": "Feature",
      "properties": {
        "城市": "newtaipei",
        "學校名稱": "新北市立平溪國民中學",
        "汽車數": 30,
        "機車數": 0.0,
        "type": "停車場"
      },
      "geometry": {
        "type": "Point",
        "coordinates": [
          121.4658836,
          25.0117099
        ]
      }
    },
    {
      "type": "Feature",
      "properties": {
        "城市": "newtaipei",
        "學校名稱": "新北市平溪區平溪國民小學",
        "汽車數": 4,
        "機車數": 0.0,
        "type": "停車場"
      },
      "geometry": {
        "type": "Point",
        "coordinates": [
          121.738627,
          25.026236
        ]
      }
    },
    {
      "type": "Feature",
      "properties": {
        "城市": "newtaipei",
        "學校名稱": "新北市平溪區十分國民小學",
        "汽車數": 3,
        "機車數": 0.0,
        "type": "停車場"
      },
      "geometry": {
        "type": "Point",
        "coordinates": [
          121.7381158,
          25.0266396
        ]
      }
    },
    {
      "type": "Feature",
      "properties": {
        "城市": "newtaipei",
        "學校名稱": "新北市立永和國民中學",
        "汽車數": 2,
        "機車數": 0.0,
        "type": "停車場"
      },
      "geometry": {
        "type": "Point",
        "coordinates": [
          121.4658836,
          25.0117099
        ]
      }
    },
    {
      "type": "Feature",
      "properties": {
        "城市": "newtaipei",
        "學校名稱": "新北市立福和國民中學",
        "汽車數": 10,
        "機車數": 0.0,
        "type": "停車場"
      },
      "geometry": {
        "type": "Point",
        "coordinates": [
          121.4658836,
          25.0117099
        ]
      }
    },
    {
      "type": "Feature",
      "properties": {
        "城市": "newtaipei",
        "學校名稱": "新北市永和區永和國民小學",
        "汽車數": 5,
        "機車數": 0.0,
        "type": "停車場"
      },
      "geometry": {
        "type": "Point",
        "coordinates": [
          121.5202721,
          25.0091739
        ]
      }
    },
    {
      "type": "Feature",
      "properties": {
        "城市": "newtaipei",
        "學校名稱": "新北市永和區秀朗國民小學",
        "汽車數": 12,
        "機車數": 0.0,
        "type": "停車場"
      },
      "geometry": {
        "type": "Point",
        "coordinates": [
          121.5202721,
          25.0091739
        ]
      }
    },
    {
      "type": "Feature",
      "properties": {
        "城市": "newtaipei",
        "學校名稱": "新北市永和區頂溪國民小學",
        "汽車數": 11,
        "機車數": 0.0,
        "type": "停車場"
      },
      "geometry": {
        "type": "Point",
        "coordinates": [
          121.515768,
          25.015446
        ]
      }
    },
    {
      "type": "Feature",
      "properties": {
        "城市": "newtaipei",
        "學校名稱": "新北市永和區永平國民小學",
        "汽車數": 5,
        "機車數": 0.0,
        "type": "停車場"
      },
      "geometry": {
        "type": "Point",
        "coordinates": [
          121.5202721,
          25.0091739
        ]
      }
    },
    {
      "type": "Feature",
      "properties": {
        "城市": "newtaipei",
        "學校名稱": "新北市石門區乾華國民小學",
        "汽車數": 8,
        "機車數": 0.0,
        "type": "停車場"
      },
      "geometry": {
        "type": "Point",
        "coordinates": [
          121.593063,
          25.2692029
        ]
      }
    },
    {
      "type": "Feature",
      "properties": {
        "城市": "newtaipei",
        "學校名稱": "新北市立石碇高級中學",
        "汽車數": 42,
        "機車數": 0.0,
        "type": "停車場"
      },
      "geometry": {
        "type": "Point",
        "coordinates": [
          121.4658836,
          25.0117099
        ]
      }
    },
    {
      "type": "Feature",
      "properties": {
        "城市": "newtaipei",
        "學校名稱": "新北市石碇區石碇國民小學",
        "汽車數": 20,
        "機車數": 0.0,
        "type": "停車場"
      },
      "geometry": {
        "type": "Point",
        "coordinates": [
          121.657961,
          24.9915339
        ]
      }
    },
    {
      "type": "Feature",
      "properties": {
        "城市": "newtaipei",
        "學校名稱": "新北市石碇區和平國民小學",
        "汽車數": 10,
        "機車數": 0.0,
        "type": "停車場"
      },
      "geometry": {
        "type": "Point",
        "coordinates": [
          121.657961,
          24.9915339
        ]
      }
    },
    {
      "type": "Feature",
      "properties": {
        "城市": "newtaipei",
        "學校名稱": "新北市石碇區永定國民小學",
        "汽車數": 17,
        "機車數": 0.0,
        "type": "停車場"
      },
      "geometry": {
        "type": "Point",
        "coordinates": [
          121.657961,
          24.9915339
        ]
      }
    },
    {
      "type": "Feature",
      "properties": {
        "城市": "newtaipei",
        "學校名稱": "新北市立汐止國民中學",
        "汽車數": 40,
        "機車數": 0.0,
        "type": "停車場"
      },
      "geometry": {
        "type": "Point",
        "coordinates": [
          121.4658836,
          25.0117099
        ]
      }
    },
    {
      "type": "Feature",
      "properties": {
        "城市": "newtaipei",
        "學校名稱": "新北市汐止區保長國民小學",
        "汽車數": 12,
        "機車數": 0.0,
        "type": "停車場"
      },
      "geometry": {
        "type": "Point",
        "coordinates": [
          121.6587593,
          25.0637969
        ]
      }
    },
    {
      "type": "Feature",
      "properties": {
        "城市": "newtaipei",
        "學校名稱": "新北市汐止區北港國民小學",
        "汽車數": 20,
        "機車數": 0.0,
        "type": "停車場"
      },
      "geometry": {
        "type": "Point",
        "coordinates": [
          121.6587593,
          25.0637969
        ]
      }
    },
    {
      "type": "Feature",
      "properties": {
        "城市": "newtaipei",
        "學校名稱": "新北市汐止區北峰國民小學",
        "汽車數": 13,
        "機車數": 0.0,
        "type": "停車場"
      },
      "geometry": {
        "type": "Point",
        "coordinates": [
          121.6587593,
          25.0637969
        ]
      }
    },
    {
      "type": "Feature",
      "properties": {
        "城市": "newtaipei",
        "學校名稱": "新北市汐止區秀峰國民小學",
        "汽車數": 10,
        "機車數": 0.0,
        "type": "停車場"
      },
      "geometry": {
        "type": "Point",
        "coordinates": [
          121.6587593,
          25.0637969
        ]
      }
    },
    {
      "type": "Feature",
      "properties": {
        "城市": "newtaipei",
        "學校名稱": "新北市汐止區金龍國民小學",
        "汽車數": 20,
        "機車數": 0.0,
        "type": "停車場"
      },
      "geometry": {
        "type": "Point",
        "coordinates": [
          121.6587593,
          25.0637969
        ]
      }
    },
    {
      "type": "Feature",
      "properties": {
        "城市": "newtaipei",
        "學校名稱": "新北市立坪林實驗國民中學",
        "汽車數": 20,
        "機車數": 0.0,
        "type": "停車場"
      },
      "geometry": {
        "type": "Point",
        "coordinates": [
          121.409884,
          24.933312
        ]
      }
    },
    {
      "type": "Feature",
      "properties": {
        "城市": "newtaipei",
        "學校名稱": "新北市立板橋高級中學",
        "汽車數": 10,
        "機車數": 0.0,
        "type": "停車場"
      },
      "geometry": {
        "type": "Point",
        "coordinates": [
          121.4658836,
          25.0117099
        ]
      }
    },
    {
      "type": "Feature",
      "properties": {
        "城市": "newtaipei",
        "學校名稱": "新北市立光復高級中學",
        "汽車數": 5,
        "機車數": 0.0,
        "type": "停車場"
      },
      "geometry": {
        "type": "Point",
        "coordinates": [
          121.4658836,
          25.0117099
        ]
      }
    },
    {
      "type": "Feature",
      "properties": {
        "城市": "newtaipei",
        "學校名稱": "新北市立重慶國民中學",
        "汽車數": 25,
        "機車數": 0.0,
        "type": "停車場"
      },
      "geometry": {
        "type": "Point",
        "coordinates": [
          121.4658836,
          25.0117099
        ]
      }
    },
    {
      "type": "Feature",
      "properties": {
        "城市": "newtaipei",
        "學校名稱": "新北市立江翠國民中學",
        "汽車數": 40,
        "機車數": 0.0,
        "type": "停車場"
      },
      "geometry": {
        "type": "Point",
        "coordinates": [
          121.4658836,
          25.0117099
        ]
      }
    },
    {
      "type": "Feature",
      "properties": {
        "城市": "newtaipei",
        "學校名稱": "新北市立中山國民中學",
        "汽車數": 5,
        "機車數": 0.0,
        "type": "停車場"
      },
      "geometry": {
        "type": "Point",
        "coordinates": [
          121.4658836,
          25.0117099
        ]
      }
    },
    {
      "type": "Feature",
      "properties": {
        "城市": "newtaipei",
        "學校名稱": "新北市立新埔國民中學",
        "汽車數": 20,
        "機車數": 0.0,
        "type": "停車場"
      },
      "geometry": {
        "type": "Point",
        "coordinates": [
          121.4658836,
          25.0117099
        ]
      }
    },
    {
      "type": "Feature",
      "properties": {
        "城市": "newtaipei",
        "學校名稱": "新北市立溪崑國民中學",
        "汽車數": 50,
        "機車數": 0.0,
        "type": "停車場"
      },
      "geometry": {
        "type": "Point",
        "coordinates": [
          121.4658836,
          25.0117099
        ]
      }
    },
    {
      "type": "Feature",
      "properties": {
        "城市": "newtaipei",
        "學校名稱": "新北市立大觀國民中學",
        "汽車數": 30,
        "機車數": 0.0,
        "type": "停車場"
      },
      "geometry": {
        "type": "Point",
        "coordinates": [
          121.4658836,
          25.0117099
        ]
      }
    },
    {
      "type": "Feature",
      "properties": {
        "城市": "newtaipei",
        "學校名稱": "新北市立忠孝國民中學",
        "汽車數": 3,
        "機車數": 0.0,
        "type": "停車場"
      },
      "geometry": {
        "type": "Point",
        "coordinates": [
          121.4658836,
          25.0117099
        ]
      }
    },
    {
      "type": "Feature",
      "properties": {
        "城市": "newtaipei",
        "學校名稱": "新北市板橋區板橋國民小學",
        "汽車數": 10,
        "機車數": 0.0,
        "type": "停車場"
      },
      "geometry": {
        "type": "Point",
        "coordinates": [
          121.4590205,
          25.0097766
        ]
      }
    },
    {
      "type": "Feature",
      "properties": {
        "城市": "newtaipei",
        "學校名稱": "新北市板橋區新埔國民小學",
        "汽車數": 12,
        "機車數": 0.0,
        "type": "停車場"
      },
      "geometry": {
        "type": "Point",
        "coordinates": [
          121.4590205,
          25.0097766
        ]
      }
    },
    {
      "type": "Feature",
      "properties": {
        "城市": "newtaipei",
        "學校名稱": "新北市板橋區埔墘國民小學",
        "汽車數": 15,
        "機車數": 0.0,
        "type": "停車場"
      },
      "geometry": {
        "type": "Point",
        "coordinates": [
          121.4590205,
          25.0097766
        ]
      }
    },
    {
      "type": "Feature",
      "properties": {
        "城市": "newtaipei",
        "學校名稱": "新北市板橋區江翠國民小學",
        "汽車數": 5,
        "機車數": 0.0,
        "type": "停車場"
      },
      "geometry": {
        "type": "Point",
        "coordinates": [
          121.4590205,
          25.0097766
        ]
      }
    },
    {
      "type": "Feature",
      "properties": {
        "城市": "newtaipei",
        "學校名稱": "新北市板橋區文聖國民小學",
        "汽車數": 30,
        "機車數": 0.0,
        "type": "停車場"
      },
      "geometry": {
        "type": "Point",
        "coordinates": [
          121.4590205,
          25.0097766
        ]
      }
    },
    {
      "type": "Feature",
      "properties": {
        "城市": "newtaipei",
        "學校名稱": "新北市板橋區沙崙國民小學",
        "汽車數": 10,
        "機車數": 0.0,
        "type": "停車場"
      },
      "geometry": {
        "type": "Point",
        "coordinates": [
          121.4590205,
          25.0097766
        ]
      }
    },
    {
      "type": "Feature",
      "properties": {
        "城市": "newtaipei",
        "學校名稱": "新北市板橋區文德國民小學",
        "汽車數": 30,
        "機車數": 0.0,
        "type": "停車場"
      },
      "geometry": {
        "type": "Point",
        "coordinates": [
          121.4590205,
          25.0097766
        ]
      }
    },
    {
      "type": "Feature",
      "properties": {
        "城市": "newtaipei",
        "學校名稱": "新北市板橋區中山國民小學",
        "汽車數": 16,
        "機車數": 0.0,
        "type": "停車場"
      },
      "geometry": {
        "type": "Point",
        "coordinates": [
          121.4590205,
          25.0097766
        ]
      }
    },
    {
      "type": "Feature",
      "properties": {
        "城市": "newtaipei",
        "學校名稱": "新北市板橋區重慶國民小學",
        "汽車數": 10,
        "機車數": 0.0,
        "type": "停車場"
      },
      "geometry": {
        "type": "Point",
        "coordinates": [
          121.4590205,
          25.0097766
        ]
      }
    },
    {
      "type": "Feature",
      "properties": {
        "城市": "newtaipei",
        "學校名稱": "新北市私立醒吾高級中學",
        "汽車數": 60,
        "機車數": 0.0,
        "type": "停車場"
      },
      "geometry": {
        "type": "Point",
        "coordinates": [
          121.4658836,
          25.0117099
        ]
      }
    },
    {
      "type": "Feature",
      "properties": {
        "城市": "newtaipei",
        "學校名稱": "新北市立林口高級中學",
        "汽車數": 20,
        "機車數": 0.0,
        "type": "停車場"
      },
      "geometry": {
        "type": "Point",
        "coordinates": [
          121.600308,
          25.214402
        ]
      }
    },
    {
      "type": "Feature",
      "properties": {
        "城市": "newtaipei",
        "學校名稱": "新北市林口區東湖國民小學",
        "汽車數": 18,
        "機車數": 0.0,
        "type": "停車場"
      },
      "geometry": {
        "type": "Point",
        "coordinates": [
          121.3888989,
          25.0770583
        ]
      }
    },
    {
      "type": "Feature",
      "properties": {
        "城市": "newtaipei",
        "學校名稱": "新北市立新北特殊教育學校",
        "汽車數": 100,
        "機車數": 0.0,
        "type": "停車場"
      },
      "geometry": {
        "type": "Point",
        "coordinates": [
          121.366506,
          25.079305
        ]
      }
    },
    {
      "type": "Feature",
      "properties": {
        "城市": "newtaipei",
        "學校名稱": "新北市立崇林國民中學",
        "汽車數": 5,
        "機車數": 0.0,
        "type": "停車場"
      },
      "geometry": {
        "type": "Point",
        "coordinates": [
          121.4658836,
          25.0117099
        ]
      }
    },
    {
      "type": "Feature",
      "properties": {
        "城市": "newtaipei",
        "學校名稱": "新北市立佳林國民中學",
        "汽車數": 3,
        "機車數": 0.0,
        "type": "停車場"
      },
      "geometry": {
        "type": "Point",
        "coordinates": [
          121.303119,
          25.111639
        ]
      }
    },
    {
      "type": "Feature",
      "properties": {
        "城市": "newtaipei",
        "學校名稱": "新北市林口區林口國民小學",
        "汽車數": 20,
        "機車數": 0.0,
        "type": "停車場"
      },
      "geometry": {
        "type": "Point",
        "coordinates": [
          121.3888989,
          25.0770583
        ]
      }
    },
    {
      "type": "Feature",
      "properties": {
        "城市": "newtaipei",
        "學校名稱": "新北市林口區嘉寶國民小學",
        "汽車數": 20,
        "機車數": 0.0,
        "type": "停車場"
      },
      "geometry": {
        "type": "Point",
        "coordinates": [
          121.3888989,
          25.0770583
        ]
      }
    },
    {
      "type": "Feature",
      "properties": {
        "城市": "newtaipei",
        "學校名稱": "新北市林口區瑞平國民小學",
        "汽車數": 20,
        "機車數": 0.0,
        "type": "停車場"
      },
      "geometry": {
        "type": "Point",
        "coordinates": [
          121.3888989,
          25.0770583
        ]
      }
    },
    {
      "type": "Feature",
      "properties": {
        "城市": "newtaipei",
        "學校名稱": "新北市林口區興福國民小學",
        "汽車數": 20,
        "機車數": 0.0,
        "type": "停車場"
      },
      "geometry": {
        "type": "Point",
        "coordinates": [
          121.3888989,
          25.0770583
        ]
      }
    },
    {
      "type": "Feature",
      "properties": {
        "城市": "newtaipei",
        "學校名稱": "新北市林口區頭湖國民小學",
        "汽車數": 15,
        "機車數": 0.0,
        "type": "停車場"
      },
      "geometry": {
        "type": "Point",
        "coordinates": [
          121.3766477,
          25.0843812
        ]
      }
    },
    {
      "type": "Feature",
      "properties": {
        "城市": "newtaipei",
        "學校名稱": "新北市立金山高級中學",
        "汽車數": 45,
        "機車數": 0.0,
        "type": "停車場"
      },
      "geometry": {
        "type": "Point",
        "coordinates": [
          121.4658836,
          25.0117099
        ]
      }
    },
    {
      "type": "Feature",
      "properties": {
        "城市": "newtaipei",
        "學校名稱": "新北市金山區中角國民小學",
        "汽車數": 10,
        "機車數": 0.0,
        "type": "停車場"
      },
      "geometry": {
        "type": "Point",
        "coordinates": [
          121.63113,
          25.241591
        ]
      }
    },
    {
      "type": "Feature",
      "properties": {
        "城市": "newtaipei",
        "學校名稱": "新北市金山區金美國民小學",
        "汽車數": 8,
        "機車數": 0.0,
        "type": "停車場"
      },
      "geometry": {
        "type": "Point",
        "coordinates": [
          121.6364639,
          25.2222701
        ]
      }
    },
    {
      "type": "Feature",
      "properties": {
        "城市": "newtaipei",
        "學校名稱": "新北市立泰山高級中學",
        "汽車數": 40,
        "機車數": 0.0,
        "type": "停車場"
      },
      "geometry": {
        "type": "Point",
        "coordinates": [
          121.4658836,
          25.0117099
        ]
      }
    },
    {
      "type": "Feature",
      "properties": {
        "城市": "newtaipei",
        "學校名稱": "新北市立義學國民中學",
        "汽車數": 10,
        "機車數": 0.0,
        "type": "停車場"
      },
      "geometry": {
        "type": "Point",
        "coordinates": [
          121.4658836,
          25.0117099
        ]
      }
    },
    {
      "type": "Feature",
      "properties": {
        "城市": "newtaipei",
        "學校名稱": "新北市泰山區泰山國民小學",
        "汽車數": 10,
        "機車數": 0.0,
        "type": "停車場"
      },
      "geometry": {
        "type": "Point",
        "coordinates": [
          121.431372,
          25.0593538
        ]
      }
    },
    {
      "type": "Feature",
      "properties": {
        "城市": "newtaipei",
        "學校名稱": "新北市泰山區明志國民小學",
        "汽車數": 10,
        "機車數": 0.0,
        "type": "停車場"
      },
      "geometry": {
        "type": "Point",
        "coordinates": [
          121.431372,
          25.0593538
        ]
      }
    },
    {
      "type": "Feature",
      "properties": {
        "城市": "newtaipei",
        "學校名稱": "新北市泰山區同榮國民小學",
        "汽車數": 20,
        "機車數": 0.0,
        "type": "停車場"
      },
      "geometry": {
        "type": "Point",
        "coordinates": [
          121.431372,
          25.0593538
        ]
      }
    },
    {
      "type": "Feature",
      "properties": {
        "城市": "newtaipei",
        "學校名稱": "新北市泰山區義學國民小學",
        "汽車數": 10,
        "機車數": 0.0,
        "type": "停車場"
      },
      "geometry": {
        "type": "Point",
        "coordinates": [
          121.431372,
          25.0593538
        ]
      }
    },
    {
      "type": "Feature",
      "properties": {
        "城市": "newtaipei",
        "學校名稱": "新北市貢寮區福隆國民小學",
        "汽車數": 10,
        "機車數": 0.0,
        "type": "停車場"
      },
      "geometry": {
        "type": "Point",
        "coordinates": [
          121.945269,
          25.016983
        ]
      }
    },
    {
      "type": "Feature",
      "properties": {
        "城市": "newtaipei",
        "學校名稱": "新北市貢寮區澳底國民小學",
        "汽車數": 12,
        "機車數": 0.0,
        "type": "停車場"
      },
      "geometry": {
        "type": "Point",
        "coordinates": [
          121.925897,
          25.056048
        ]
      }
    },
    {
      "type": "Feature",
      "properties": {
        "城市": "newtaipei",
        "學校名稱": "新北市貢寮區和美國民小學",
        "汽車數": 20,
        "機車數": 0.0,
        "type": "停車場"
      },
      "geometry": {
        "type": "Point",
        "coordinates": [
          121.913521,
          25.083046
        ]
      }
    },
    {
      "type": "Feature",
      "properties": {
        "城市": "newtaipei",
        "學校名稱": "新北市貢寮區福連國民小學",
        "汽車數": 5,
        "機車數": 0.0,
        "type": "停車場"
      },
      "geometry": {
        "type": "Point",
        "coordinates": [
          121.9102641,
          25.0218924
        ]
      }
    },
    {
      "type": "Feature",
      "properties": {
        "城市": "newtaipei",
        "學校名稱": "新北市立淡水高級商工職業學校",
        "汽車數": 250,
        "機車數": 0.0,
        "type": "停車場"
      },
      "geometry": {
        "type": "Point",
        "coordinates": [
          121.4658836,
          25.0117099
        ]
      }
    },
    {
      "type": "Feature",
      "properties": {
        "城市": "newtaipei",
        "學校名稱": "新北市立竹圍高級中學",
        "汽車數": 72,
        "機車數": 0.0,
        "type": "停車場"
      },
      "geometry": {
        "type": "Point",
        "coordinates": [
          121.463299,
          25.138483
        ]
      }
    },
    {
      "type": "Feature",
      "properties": {
        "城市": "newtaipei",
        "學校名稱": "新北市立正德國民中學",
        "汽車數": 10,
        "機車數": 0.0,
        "type": "停車場"
      },
      "geometry": {
        "type": "Point",
        "coordinates": [
          121.4658836,
          25.0117099
        ]
      }
    },
    {
      "type": "Feature",
      "properties": {
        "城市": "newtaipei",
        "學校名稱": "新北市淡水區育英國民小學",
        "汽車數": 7,
        "機車數": 0.0,
        "type": "停車場"
      },
      "geometry": {
        "type": "Point",
        "coordinates": [
          121.4404435,
          25.1694686
        ]
      }
    },
    {
      "type": "Feature",
      "properties": {
        "城市": "newtaipei",
        "學校名稱": "新北市淡水區天生國民小學",
        "汽車數": 20,
        "機車數": 0.0,
        "type": "停車場"
      },
      "geometry": {
        "type": "Point",
        "coordinates": [
          121.4404435,
          25.1694686
        ]
      }
    },
    {
      "type": "Feature",
      "properties": {
        "城市": "newtaipei",
        "學校名稱": "新北市淡水區水源國民小學",
        "汽車數": 10,
        "機車數": 0.0,
        "type": "停車場"
      },
      "geometry": {
        "type": "Point",
        "coordinates": [
          121.4404435,
          25.1694686
        ]
      }
    },
    {
      "type": "Feature",
      "properties": {
        "城市": "newtaipei",
        "學校名稱": "新北市淡水區興仁國民小學",
        "汽車數": 5,
        "機車數": 0.0,
        "type": "停車場"
      },
      "geometry": {
        "type": "Point",
        "coordinates": [
          121.4404435,
          25.1694686
        ]
      }
    },
    {
      "type": "Feature",
      "properties": {
        "城市": "newtaipei",
        "學校名稱": "新北市立忠山實驗小學",
        "汽車數": 7,
        "機車數": 0.0,
        "type": "停車場"
      },
      "geometry": {
        "type": "Point",
        "coordinates": [
          121.4658836,
          25.0117099
        ]
      }
    },
    {
      "type": "Feature",
      "properties": {
        "城市": "newtaipei",
        "學校名稱": "新北市淡水區中泰國民小學",
        "汽車數": 15,
        "機車數": 0.0,
        "type": "停車場"
      },
      "geometry": {
        "type": "Point",
        "coordinates": [
          121.4404435,
          25.1694686
        ]
      }
    },
    {
      "type": "Feature",
      "properties": {
        "城市": "newtaipei",
        "學校名稱": "新北市淡水區坪頂國民小學",
        "汽車數": 10,
        "機車數": 0.0,
        "type": "停車場"
      },
      "geometry": {
        "type": "Point",
        "coordinates": [
          121.4404435,
          25.1694686
        ]
      }
    },
    {
      "type": "Feature",
      "properties": {
        "城市": "newtaipei",
        "學校名稱": "新北市淡水區竹圍國民小學",
        "汽車數": 10,
        "機車數": 0.0,
        "type": "停車場"
      },
      "geometry": {
        "type": "Point",
        "coordinates": [
          121.463299,
          25.138483
        ]
      }
    },
    {
      "type": "Feature",
      "properties": {
        "城市": "newtaipei",
        "學校名稱": "新北市淡水區鄧公國民小學",
        "汽車數": 50,
        "機車數": 0.0,
        "type": "停車場"
      },
      "geometry": {
        "type": "Point",
        "coordinates": [
          121.4404435,
          25.1694686
        ]
      }
    },
    {
      "type": "Feature",
      "properties": {
        "城市": "newtaipei",
        "學校名稱": "新北市淡水區新興國民小學",
        "汽車數": 38,
        "機車數": 0.0,
        "type": "停車場"
      },
      "geometry": {
        "type": "Point",
        "coordinates": [
          121.4404435,
          25.1694686
        ]
      }
    },
    {
      "type": "Feature",
      "properties": {
        "城市": "newtaipei",
        "學校名稱": "新北市淡水區新市國民小學",
        "汽車數": 3,
        "機車數": 0.0,
        "type": "停車場"
      },
      "geometry": {
        "type": "Point",
        "coordinates": [
          121.4404435,
          25.1694686
        ]
      }
    },
    {
      "type": "Feature",
      "properties": {
        "城市": "newtaipei",
        "學校名稱": "新北市私立康橋高級中學",
        "汽車數": 30,
        "機車數": 0.0,
        "type": "停車場"
      },
      "geometry": {
        "type": "Point",
        "coordinates": [
          121.4658836,
          25.0117099
        ]
      }
    },
    {
      "type": "Feature",
      "properties": {
        "城市": "newtaipei",
        "學校名稱": "新北市私立南強工商",
        "汽車數": 20,
        "機車數": 0.0,
        "type": "停車場"
      },
      "geometry": {
        "type": "Point",
        "coordinates": [
          121.544908,
          24.980828
        ]
      }
    },
    {
      "type": "Feature",
      "properties": {
        "城市": "newtaipei",
        "學校名稱": "新北市立文山國民中學",
        "汽車數": 30,
        "機車數": 0.0,
        "type": "停車場"
      },
      "geometry": {
        "type": "Point",
        "coordinates": [
          121.4658836,
          25.0117099
        ]
      }
    },
    {
      "type": "Feature",
      "properties": {
        "城市": "newtaipei",
        "學校名稱": "新北市立五峰國民中學",
        "汽車數": 7,
        "機車數": 0.0,
        "type": "停車場"
      },
      "geometry": {
        "type": "Point",
        "coordinates": [
          121.4658836,
          25.0117099
        ]
      }
    },
    {
      "type": "Feature",
      "properties": {
        "城市": "newtaipei",
        "學校名稱": "新北市立達觀國民中小學",
        "汽車數": 6,
        "機車數": 0.0,
        "type": "停車場"
      },
      "geometry": {
        "type": "Point",
        "coordinates": [
          121.4658836,
          25.0117099
        ]
      }
    },
    {
      "type": "Feature",
      "properties": {
        "城市": "newtaipei",
        "學校名稱": "新北市新店區新店國民小學",
        "汽車數": 5,
        "機車數": 0.0,
        "type": "停車場"
      },
      "geometry": {
        "type": "Point",
        "coordinates": [
          121.5416094,
          24.9673073
        ]
      }
    },
    {
      "type": "Feature",
      "properties": {
        "城市": "newtaipei",
        "學校名稱": "新北市新店區直潭國民小學",
        "汽車數": 5,
        "機車數": 0.0,
        "type": "停車場"
      },
      "geometry": {
        "type": "Point",
        "coordinates": [
          121.5416094,
          24.9673073
        ]
      }
    },
    {
      "type": "Feature",
      "properties": {
        "城市": "newtaipei",
        "學校名稱": "新北市新店區青潭國民小學",
        "汽車數": 10,
        "機車數": 0.0,
        "type": "停車場"
      },
      "geometry": {
        "type": "Point",
        "coordinates": [
          121.548759,
          24.954441
        ]
      }
    },
    {
      "type": "Feature",
      "properties": {
        "城市": "newtaipei",
        "學校名稱": "新北市新店區雙峰國民小學",
        "汽車數": 22,
        "機車數": 0.0,
        "type": "停車場"
      },
      "geometry": {
        "type": "Point",
        "coordinates": [
          121.5416094,
          24.9673073
        ]
      }
    },
    {
      "type": "Feature",
      "properties": {
        "城市": "newtaipei",
        "學校名稱": "新北市新店區雙城國民小學",
        "汽車數": 10,
        "機車數": 0.0,
        "type": "停車場"
      },
      "geometry": {
        "type": "Point",
        "coordinates": [
          121.5416094,
          24.9673073
        ]
      }
    },
    {
      "type": "Feature",
      "properties": {
        "城市": "newtaipei",
        "學校名稱": "新北市新店區新和國民小學",
        "汽車數": 10,
        "機車數": 0.0,
        "type": "停車場"
      },
      "geometry": {
        "type": "Point",
        "coordinates": [
          121.5416094,
          24.9673073
        ]
      }
    },
    {
      "type": "Feature",
      "properties": {
        "城市": "newtaipei",
        "學校名稱": "新北市新店區北新國民小學",
        "汽車數": 20,
        "機車數": 0.0,
        "type": "停車場"
      },
      "geometry": {
        "type": "Point",
        "coordinates": [
          121.5416094,
          24.9673073
        ]
      }
    },
    {
      "type": "Feature",
      "properties": {
        "城市": "newtaipei",
        "學校名稱": "新北市立丹鳳高級中學",
        "汽車數": 10,
        "機車數": 0.0,
        "type": "停車場"
      },
      "geometry": {
        "type": "Point",
        "coordinates": [
          121.419333,
          25.030145
        ]
      }
    },
    {
      "type": "Feature",
      "properties": {
        "城市": "newtaipei",
        "學校名稱": "新北市立新莊國民中學",
        "汽車數": 6,
        "機車數": 0.0,
        "type": "停車場"
      },
      "geometry": {
        "type": "Point",
        "coordinates": [
          121.4658836,
          25.0117099
        ]
      }
    },
    {
      "type": "Feature",
      "properties": {
        "城市": "newtaipei",
        "學校名稱": "新北市立新泰國民中學",
        "汽車數": 10,
        "機車數": 0.0,
        "type": "停車場"
      },
      "geometry": {
        "type": "Point",
        "coordinates": [
          121.4658836,
          25.0117099
        ]
      }
    },
    {
      "type": "Feature",
      "properties": {
        "城市": "newtaipei",
        "學校名稱": "新北市立頭前國民中學",
        "汽車數": 20,
        "機車數": 0.0,
        "type": "停車場"
      },
      "geometry": {
        "type": "Point",
        "coordinates": [
          121.4658836,
          25.0117099
        ]
      }
    },
    {
      "type": "Feature",
      "properties": {
        "城市": "newtaipei",
        "學校名稱": "新北市立中平國民中學",
        "汽車數": 10,
        "機車數": 0.0,
        "type": "停車場"
      },
      "geometry": {
        "type": "Point",
        "coordinates": [
          121.4658836,
          25.0117099
        ]
      }
    },
    {
      "type": "Feature",
      "properties": {
        "城市": "newtaipei",
        "學校名稱": "新北市新莊區新莊國民小學",
        "汽車數": 5,
        "機車數": 0.0,
        "type": "停車場"
      },
      "geometry": {
        "type": "Point",
        "coordinates": [
          121.451513,
          25.035749
        ]
      }
    },
    {
      "type": "Feature",
      "properties": {
        "城市": "newtaipei",
        "學校名稱": "新北市新莊區中港國民小學",
        "汽車數": 10,
        "機車數": 0.0,
        "type": "停車場"
      },
      "geometry": {
        "type": "Point",
        "coordinates": [
          121.450502,
          25.0358987
        ]
      }
    },
    {
      "type": "Feature",
      "properties": {
        "城市": "newtaipei",
        "學校名稱": "新北市新莊區思賢國民小學",
        "汽車數": 6,
        "機車數": 0.0,
        "type": "停車場"
      },
      "geometry": {
        "type": "Point",
        "coordinates": [
          121.450502,
          25.0358987
        ]
      }
    },
    {
      "type": "Feature",
      "properties": {
        "城市": "newtaipei",
        "學校名稱": "新北市新莊區頭前國民小學",
        "汽車數": 15,
        "機車數": 0.0,
        "type": "停車場"
      },
      "geometry": {
        "type": "Point",
        "coordinates": [
          121.462606,
          25.040527
        ]
      }
    },
    {
      "type": "Feature",
      "properties": {
        "城市": "newtaipei",
        "學校名稱": "新北市新莊區光華國民小學",
        "汽車數": 6,
        "機車數": 0.0,
        "type": "停車場"
      },
      "geometry": {
        "type": "Point",
        "coordinates": [
          121.450502,
          25.0358987
        ]
      }
    },
    {
      "type": "Feature",
      "properties": {
        "城市": "newtaipei",
        "學校名稱": "新北市新莊區昌隆國民小學",
        "汽車數": 30,
        "機車數": 0.0,
        "type": "停車場"
      },
      "geometry": {
        "type": "Point",
        "coordinates": [
          121.450502,
          25.0358987
        ]
      }
    },
    {
      "type": "Feature",
      "properties": {
        "城市": "newtaipei",
        "學校名稱": "新北市新莊區榮富國民小學",
        "汽車數": 6,
        "機車數": 0.0,
        "type": "停車場"
      },
      "geometry": {
        "type": "Point",
        "coordinates": [
          121.450502,
          25.0358987
        ]
      }
    },
    {
      "type": "Feature",
      "properties": {
        "城市": "newtaipei",
        "學校名稱": "新北市新莊區裕民國民小學",
        "汽車數": 5,
        "機車數": 0.0,
        "type": "停車場"
      },
      "geometry": {
        "type": "Point",
        "coordinates": [
          121.450502,
          25.0358987
        ]
      }
    },
    {
      "type": "Feature",
      "properties": {
        "城市": "newtaipei",
        "學校名稱": "新北市新莊區新泰國民小學",
        "汽車數": 8,
        "機車數": 0.0,
        "type": "停車場"
      },
      "geometry": {
        "type": "Point",
        "coordinates": [
          121.450502,
          25.0358987
        ]
      }
    },
    {
      "type": "Feature",
      "properties": {
        "城市": "newtaipei",
        "學校名稱": "新北市新莊區中信國民小學",
        "汽車數": 10,
        "機車數": 0.0,
        "type": "停車場"
      },
      "geometry": {
        "type": "Point",
        "coordinates": [
          121.450502,
          25.0358987
        ]
      }
    },
    {
      "type": "Feature",
      "properties": {
        "城市": "newtaipei",
        "學校名稱": "新北市新莊區昌平國民小學",
        "汽車數": 16,
        "機車數": 0.0,
        "type": "停車場"
      },
      "geometry": {
        "type": "Point",
        "coordinates": [
          121.450502,
          25.0358987
        ]
      }
    },
    {
      "type": "Feature",
      "properties": {
        "城市": "newtaipei",
        "學校名稱": "新北市立瑞芳高級工業職業學校",
        "汽車數": 46,
        "機車數": 0.0,
        "type": "停車場"
      },
      "geometry": {
        "type": "Point",
        "coordinates": [
          121.4658836,
          25.0117099
        ]
      }
    },
    {
      "type": "Feature",
      "properties": {
        "城市": "newtaipei",
        "學校名稱": "新北市立瑞芳國民中學",
        "汽車數": 28,
        "機車數": 0.0,
        "type": "停車場"
      },
      "geometry": {
        "type": "Point",
        "coordinates": [
          121.4658836,
          25.0117099
        ]
      }
    },
    {
      "type": "Feature",
      "properties": {
        "城市": "newtaipei",
        "學校名稱": "新北市瑞芳區義方國民小學",
        "汽車數": 30,
        "機車數": 0.0,
        "type": "停車場"
      },
      "geometry": {
        "type": "Point",
        "coordinates": [
          121.8098925,
          25.1088197
        ]
      }
    },
    {
      "type": "Feature",
      "properties": {
        "城市": "newtaipei",
        "學校名稱": "新北市瑞芳區瑞柑國民小學",
        "汽車數": 15,
        "機車數": 0.0,
        "type": "停車場"
      },
      "geometry": {
        "type": "Point",
        "coordinates": [
          121.8098925,
          25.1088197
        ]
      }
    },
    {
      "type": "Feature",
      "properties": {
        "城市": "newtaipei",
        "學校名稱": "新北市瑞芳區瑞濱國民小學",
        "汽車數": 7,
        "機車數": 0.0,
        "type": "停車場"
      },
      "geometry": {
        "type": "Point",
        "coordinates": [
          121.8098925,
          25.1088197
        ]
      }
    },
    {
      "type": "Feature",
      "properties": {
        "城市": "newtaipei",
        "學校名稱": "新北市瑞芳區瓜山國民小學",
        "汽車數": 13,
        "機車數": 0.0,
        "type": "停車場"
      },
      "geometry": {
        "type": "Point",
        "coordinates": [
          121.8098925,
          25.1088197
        ]
      }
    },
    {
      "type": "Feature",
      "properties": {
        "城市": "newtaipei",
        "學校名稱": "新北市瑞芳區濂洞國民小學",
        "汽車數": 8,
        "機車數": 0.0,
        "type": "停車場"
      },
      "geometry": {
        "type": "Point",
        "coordinates": [
          121.860197,
          25.123483
        ]
      }
    },
    {
      "type": "Feature",
      "properties": {
        "城市": "newtaipei",
        "學校名稱": "新北市立猴硐-蒙特梭利實驗小學",
        "汽車數": 10,
        "機車數": 0.0,
        "type": "停車場"
      },
      "geometry": {
        "type": "Point",
        "coordinates": [
          121.4658836,
          25.0117099
        ]
      }
    },
    {
      "type": "Feature",
      "properties": {
        "城市": "newtaipei",
        "學校名稱": "新北市瑞芳區瑞亭國民小學",
        "汽車數": 15,
        "機車數": 0.0,
        "type": "停車場"
      },
      "geometry": {
        "type": "Point",
        "coordinates": [
          121.8098925,
          25.1088197
        ]
      }
    },
    {
      "type": "Feature",
      "properties": {
        "城市": "newtaipei",
        "學校名稱": "新北市私立中華商海",
        "汽車數": 35,
        "機車數": 0.0,
        "type": "停車場"
      },
      "geometry": {
        "type": "Point",
        "coordinates": [
          121.684841,
          25.177525
        ]
      }
    },
    {
      "type": "Feature",
      "properties": {
        "城市": "newtaipei",
        "學校名稱": "新北市萬里區萬里國民小學",
        "汽車數": 32,
        "機車數": 0.0,
        "type": "停車場"
      },
      "geometry": {
        "type": "Point",
        "coordinates": [
          121.6894295,
          25.1780809
        ]
      }
    },
    {
      "type": "Feature",
      "properties": {
        "城市": "newtaipei",
        "學校名稱": "新北市萬里區野柳國民小學",
        "汽車數": 12,
        "機車數": 0.0,
        "type": "停車場"
      },
      "geometry": {
        "type": "Point",
        "coordinates": [
          121.6894295,
          25.1780809
        ]
      }
    },
    {
      "type": "Feature",
      "properties": {
        "城市": "newtaipei",
        "學校名稱": "新北市萬里區大坪國民小學",
        "汽車數": 8,
        "機車數": 0.0,
        "type": "停車場"
      },
      "geometry": {
        "type": "Point",
        "coordinates": [
          121.634827,
          25.169083
        ]
      }
    },
    {
      "type": "Feature",
      "properties": {
        "城市": "newtaipei",
        "學校名稱": "新北市萬里區崁腳國民小學",
        "汽車數": 14,
        "機車數": 0.0,
        "type": "停車場"
      },
      "geometry": {
        "type": "Point",
        "coordinates": [
          121.649451,
          25.159078
        ]
      }
    },
    {
      "type": "Feature",
      "properties": {
        "城市": "newtaipei",
        "學校名稱": "新北市立樹林高級中學",
        "汽車數": 30,
        "機車數": 0.0,
        "type": "停車場"
      },
      "geometry": {
        "type": "Point",
        "coordinates": [
          121.4658836,
          25.0117099
        ]
      }
    },
    {
      "type": "Feature",
      "properties": {
        "城市": "newtaipei",
        "學校名稱": "新北市立柑園國民中學",
        "汽車數": 12,
        "機車數": 0.0,
        "type": "停車場"
      },
      "geometry": {
        "type": "Point",
        "coordinates": [
          121.391837,
          24.955198
        ]
      }
    },
    {
      "type": "Feature",
      "properties": {
        "城市": "newtaipei",
        "學校名稱": "新北市立育林國民中學",
        "汽車數": 5,
        "機車數": 0.0,
        "type": "停車場"
      },
      "geometry": {
        "type": "Point",
        "coordinates": [
          121.4658836,
          25.0117099
        ]
      }
    },
    {
      "type": "Feature",
      "properties": {
        "城市": "newtaipei",
        "學校名稱": "新北市立三多國民中學",
        "汽車數": 10,
        "機車數": 0.0,
        "type": "停車場"
      },
      "geometry": {
        "type": "Point",
        "coordinates": [
          121.4658836,
          25.0117099
        ]
      }
    },
    {
      "type": "Feature",
      "properties": {
        "城市": "newtaipei",
        "學校名稱": "新北市樹林區樹林國民小學",
        "汽車數": 6,
        "機車數": 0.0,
        "type": "停車場"
      },
      "geometry": {
        "type": "Point",
        "coordinates": [
          121.424658,
          24.989851
        ]
      }
    },
    {
      "type": "Feature",
      "properties": {
        "城市": "newtaipei",
        "學校名稱": "新北市樹林區文林國民小學",
        "汽車數": 10,
        "機車數": 0.0,
        "type": "停車場"
      },
      "geometry": {
        "type": "Point",
        "coordinates": [
          121.424658,
          24.989851
        ]
      }
    },
    {
      "type": "Feature",
      "properties": {
        "城市": "newtaipei",
        "學校名稱": "新北市樹林區武林國民小學",
        "汽車數": 18,
        "機車數": 0.0,
        "type": "停車場"
      },
      "geometry": {
        "type": "Point",
        "coordinates": [
          121.424658,
          24.989851
        ]
      }
    },
    {
      "type": "Feature",
      "properties": {
        "城市": "newtaipei",
        "學校名稱": "新北市樹林區山佳國民小學",
        "汽車數": 17,
        "機車數": 0.0,
        "type": "停車場"
      },
      "geometry": {
        "type": "Point",
        "coordinates": [
          121.395108,
          24.971869
        ]
      }
    },
    {
      "type": "Feature",
      "properties": {
        "城市": "newtaipei",
        "學校名稱": "新北市樹林區柑園國民小學",
        "汽車數": 20,
        "機車數": 0.0,
        "type": "停車場"
      },
      "geometry": {
        "type": "Point",
        "coordinates": [
          121.424658,
          24.989851
        ]
      }
    },
    {
      "type": "Feature",
      "properties": {
        "城市": "newtaipei",
        "學校名稱": "新北市樹林區三多國民小學",
        "汽車數": 20,
        "機車數": 0.0,
        "type": "停車場"
      },
      "geometry": {
        "type": "Point",
        "coordinates": [
          121.424658,
          24.989851
        ]
      }
    },
    {
      "type": "Feature",
      "properties": {
        "城市": "newtaipei",
        "學校名稱": "新北市樹林區彭福國民小學",
        "汽車數": 10,
        "機車數": 0.0,
        "type": "停車場"
      },
      "geometry": {
        "type": "Point",
        "coordinates": [
          121.424658,
          24.989851
        ]
      }
    },
    {
      "type": "Feature",
      "properties": {
        "城市": "newtaipei",
        "學校名稱": "新北市雙溪區上林國民小學",
        "汽車數": 11,
        "機車數": 0.0,
        "type": "停車場"
      },
      "geometry": {
        "type": "Point",
        "coordinates": [
          121.8655773,
          25.033837
        ]
      }
    },
    {
      "type": "Feature",
      "properties": {
        "城市": "newtaipei",
        "學校名稱": "新北市雙溪區牡丹國民小學",
        "汽車數": 6,
        "機車數": 0.0,
        "type": "停車場"
      },
      "geometry": {
        "type": "Point",
        "coordinates": [
          121.853034,
          25.059583
        ]
      }
    },
    {
      "type": "Feature",
      "properties": {
        "城市": "newtaipei",
        "學校名稱": "新北市立三民高級中學",
        "汽車數": 50,
        "機車數": 0.0,
        "type": "停車場"
      },
      "geometry": {
        "type": "Point",
        "coordinates": [
          121.4658836,
          25.0117099
        ]
      }
    },
    {
      "type": "Feature",
      "properties": {
        "城市": "newtaipei",
        "學校名稱": "新北市立鷺江國民中學",
        "汽車數": 30,
        "機車數": 0.0,
        "type": "停車場"
      },
      "geometry": {
        "type": "Point",
        "coordinates": [
          121.4658836,
          25.0117099
        ]
      }
    },
    {
      "type": "Feature",
      "properties": {
        "城市": "newtaipei",
        "學校名稱": "新北市蘆洲區鷺江國民小學",
        "汽車數": 10,
        "機車數": 0.0,
        "type": "停車場"
      },
      "geometry": {
        "type": "Point",
        "coordinates": [
          121.4737323,
          25.0846694
        ]
      }
    },
    {
      "type": "Feature",
      "properties": {
        "城市": "newtaipei",
        "學校名稱": "新北市蘆洲區成功國民小學",
        "汽車數": 6,
        "機車數": 0.0,
        "type": "停車場"
      },
      "geometry": {
        "type": "Point",
        "coordinates": [
          121.4737323,
          25.0846694
        ]
      }
    },
    {
      "type": "Feature",
      "properties": {
        "城市": "newtaipei",
        "學校名稱": "新北市蘆洲區仁愛國民小學",
        "汽車數": 19,
        "機車數": 0.0,
        "type": "停車場"
      },
      "geometry": {
        "type": "Point",
        "coordinates": [
          121.4737323,
          25.0846694
        ]
      }
    },
    {
      "type": "Feature",
      "properties": {
        "城市": "newtaipei",
        "學校名稱": "新北市蘆洲區忠義國民小學",
        "汽車數": 10,
        "機車數": 0.0,
        "type": "停車場"
      },
      "geometry": {
        "type": "Point",
        "coordinates": [
          121.4737323,
          25.0846694
        ]
      }
    },
    {
      "type": "Feature",
      "properties": {
        "城市": "newtaipei",
        "學校名稱": "新北市立鶯歌高級工商職業學校",
        "汽車數": 23,
        "機車數": 0.0,
        "type": "停車場"
      },
      "geometry": {
        "type": "Point",
        "coordinates": [
          121.4658836,
          25.0117099
        ]
      }
    },
    {
      "type": "Feature",
      "properties": {
        "城市": "newtaipei",
        "學校名稱": "新北市立鶯歌國民中學",
        "汽車數": 48,
        "機車數": 0.0,
        "type": "停車場"
      },
      "geometry": {
        "type": "Point",
        "coordinates": [
          121.4658836,
          25.0117099
        ]
      }
    },
    {
      "type": "Feature",
      "properties": {
        "城市": "newtaipei",
        "學校名稱": "新北市鶯歌區鶯歌國民小學",
        "汽車數": 30,
        "機車數": 0.0,
        "type": "停車場"
      },
      "geometry": {
        "type": "Point",
        "coordinates": [
          121.3543715,
          24.956076
        ]
      }
    },
    {
      "type": "Feature",
      "properties": {
        "城市": "newtaipei",
        "學校名稱": "新北市鶯歌區二橋國民小學",
        "汽車數": 40,
        "機車數": 0.0,
        "type": "停車場"
      },
      "geometry": {
        "type": "Point",
        "coordinates": [
          121.338751,
          24.94093
        ]
      }
    },
    {
      "type": "Feature",
      "properties": {
        "城市": "newtaipei",
        "學校名稱": "新北市鶯歌區鳳鳴國民小學",
        "汽車數": 50,
        "機車數": 0.0,
        "type": "停車場"
      },
      "geometry": {
        "type": "Point",
        "coordinates": [
          121.3543715,
          24.956076
        ]
      }
    },
    {
      "type": "Feature",
      "properties": {
        "城市": "newtaipei",
        "學校名稱": "新北市鶯歌區建國國民小學",
        "汽車數": 35,
        "機車數": 0.0,
        "type": "停車場"
      },
      "geometry": {
        "type": "Point",
        "coordinates": [
          121.3543715,
          24.956076
        ]
      }
    },
    {
      "type": "Feature",
      "properties": {
        "城市": "newtaipei",
        "學校名稱": "新北市鶯歌區永吉國民小學",
        "汽車數": 10,
        "機車數": 0.0,
        "type": "停車場"
      },
      "geometry": {
        "type": "Point",
        "coordinates": [
          121.3543715,
          24.956076
        ]
      }
    },
    {
      "type": "Feature",
      "properties": {
        "城市": "newtaipei",
        "學校名稱": "新北市鶯歌區昌福國民小學",
        "汽車數": 30,
        "機車數": 0.0,
        "type": "停車場"
      },
      "geometry": {
        "type": "Point",
        "coordinates": [
          121.3543715,
          24.956076
        ]
      }
    },
    {
      "type": "Feature",
      "properties": {
        "城市": "taipei",
        "學校名稱": "臺北市立西松高級中學",
        "汽車數": 58,
        "機車數": 46.0,
        "type": "停車場"
      },
      "geometry": {
        "type": "Point",
        "coordinates": [
          121.5661857,
          25.0383099
        ]
      }
    },
    {
      "type": "Feature",
      "properties": {
        "城市": "taipei",
        "學校名稱": "臺北市立中崙高級中學",
        "汽車數": 30,
        "機車數": 15.0,
        "type": "停車場"
      },
      "geometry": {
        "type": "Point",
        "coordinates": [
          121.5661857,
          25.0383099
        ]
      }
    },
    {
      "type": "Feature",
      "properties": {
        "城市": "taipei",
        "學校名稱": "臺北市立民生國民中學",
        "汽車數": 27,
        "機車數": 28.0,
        "type": "停車場"
      },
      "geometry": {
        "type": "Point",
        "coordinates": [
          121.5661857,
          25.0383099
        ]
      }
    },
    {
      "type": "Feature",
      "properties": {
        "城市": "taipei",
        "學校名稱": "臺北市立中山國民中學",
        "汽車數": 0,
        "機車數": 40.0,
        "type": "停車場"
      },
      "geometry": {
        "type": "Point",
        "coordinates": [
          121.5661857,
          25.0383099
        ]
      }
    },
    {
      "type": "Feature",
      "properties": {
        "城市": "taipei",
        "學校名稱": "臺北市立敦化國民中學",
        "汽車數": 15,
        "機車數": 30.0,
        "type": "停車場"
      },
      "geometry": {
        "type": "Point",
        "coordinates": [
          121.5661857,
          25.0383099
        ]
      }
    },
    {
      "type": "Feature",
      "properties": {
        "城市": "taipei",
        "學校名稱": "臺北市松山區民生國民小學",
        "汽車數": 25,
        "機車數": 30.0,
        "type": "停車場"
      },
      "geometry": {
        "type": "Point",
        "coordinates": [
          121.5768018,
          25.0497252
        ]
      }
    },
    {
      "type": "Feature",
      "properties": {
        "城市": "taipei",
        "學校名稱": "臺北市立永春高級中學",
        "汽車數": 10,
        "機車數": 20.0,
        "type": "停車場"
      },
      "geometry": {
        "type": "Point",
        "coordinates": [
          121.5661857,
          25.0383099
        ]
      }
    },
    {
      "type": "Feature",
      "properties": {
        "城市": "taipei",
        "學校名稱": "臺北市立松山高級商業家事職業學校",
        "汽車數": 27,
        "機車數": 52.0,
        "type": "停車場"
      },
      "geometry": {
        "type": "Point",
        "coordinates": [
          121.5661857,
          25.0383099
        ]
      }
    },
    {
      "type": "Feature",
      "properties": {
        "城市": "taipei",
        "學校名稱": "臺北市立松山高級工農職業學校",
        "汽車數": 42,
        "機車數": 5.0,
        "type": "停車場"
      },
      "geometry": {
        "type": "Point",
        "coordinates": [
          121.5661857,
          25.0383099
        ]
      }
    },
    {
      "type": "Feature",
      "properties": {
        "城市": "taipei",
        "學校名稱": "臺北市立永吉國民中學",
        "汽車數": 23,
        "機車數": 30.0,
        "type": "停車場"
      },
      "geometry": {
        "type": "Point",
        "coordinates": [
          121.5661857,
          25.0383099
        ]
      }
    },
    {
      "type": "Feature",
      "properties": {
        "城市": "taipei",
        "學校名稱": "臺北市立瑠公國民中學",
        "汽車數": 30,
        "機車數": 30.0,
        "type": "停車場"
      },
      "geometry": {
        "type": "Point",
        "coordinates": [
          121.5661857,
          25.0383099
        ]
      }
    },
    {
      "type": "Feature",
      "properties": {
        "城市": "taipei",
        "學校名稱": "臺北市立信義國民中學",
        "汽車數": 32,
        "機車數": 69.0,
        "type": "停車場"
      },
      "geometry": {
        "type": "Point",
        "coordinates": [
          121.5661857,
          25.0383099
        ]
      }
    },
    {
      "type": "Feature",
      "properties": {
        "城市": "taipei",
        "學校名稱": "臺北市信義區永春國民小學",
        "汽車數": 14,
        "機車數": 20.0,
        "type": "停車場"
      },
      "geometry": {
        "type": "Point",
        "coordinates": [
          121.5677202,
          25.0331314
        ]
      }
    },
    {
      "type": "Feature",
      "properties": {
        "城市": "taipei",
        "學校名稱": "臺北市信義區光復國民小學",
        "汽車數": 20,
        "機車數": 30.0,
        "type": "停車場"
      },
      "geometry": {
        "type": "Point",
        "coordinates": [
          121.5677202,
          25.0331314
        ]
      }
    },
    {
      "type": "Feature",
      "properties": {
        "城市": "taipei",
        "學校名稱": "臺北市信義區三興國民小學",
        "汽車數": 14,
        "機車數": 20.0,
        "type": "停車場"
      },
      "geometry": {
        "type": "Point",
        "coordinates": [
          121.5677202,
          25.0331314
        ]
      }
    },
    {
      "type": "Feature",
      "properties": {
        "城市": "taipei",
        "學校名稱": "臺北市立大安高級工業職業學校",
        "汽車數": 124,
        "機車數": 72.0,
        "type": "停車場"
      },
      "geometry": {
        "type": "Point",
        "coordinates": [
          121.5661857,
          25.0383099
        ]
      }
    },
    {
      "type": "Feature",
      "properties": {
        "城市": "taipei",
        "學校名稱": "臺北市立大安國民中學",
        "汽車數": 35,
        "機車數": 26.0,
        "type": "停車場"
      },
      "geometry": {
        "type": "Point",
        "coordinates": [
          121.5661857,
          25.0383099
        ]
      }
    },
    {
      "type": "Feature",
      "properties": {
        "城市": "taipei",
        "學校名稱": "臺北市芳和實驗國民中學",
        "汽車數": 36,
        "機車數": 65.0,
        "type": "停車場"
      },
      "geometry": {
        "type": "Point",
        "coordinates": [
          121.5661857,
          25.0383099
        ]
      }
    },
    {
      "type": "Feature",
      "properties": {
        "城市": "taipei",
        "學校名稱": "臺北市立金華國民中學",
        "汽車數": 55,
        "機車數": 70.0,
        "type": "停車場"
      },
      "geometry": {
        "type": "Point",
        "coordinates": [
          121.5661857,
          25.0383099
        ]
      }
    },
    {
      "type": "Feature",
      "properties": {
        "城市": "taipei",
        "學校名稱": "臺北市民族實驗國民中學",
        "汽車數": 16,
        "機車數": 23.0,
        "type": "停車場"
      },
      "geometry": {
        "type": "Point",
        "coordinates": [
          121.5661857,
          25.0383099
        ]
      }
    },
    {
      "type": "Feature",
      "properties": {
        "城市": "taipei",
        "學校名稱": "臺北市大安區龍安國民小學",
        "汽車數": 18,
        "機車數": 10.0,
        "type": "停車場"
      },
      "geometry": {
        "type": "Point",
        "coordinates": [
          121.5345625,
          25.0264562
        ]
      }
    },
    {
      "type": "Feature",
      "properties": {
        "城市": "taipei",
        "學校名稱": "臺北市大安區幸安國民小學",
        "汽車數": 19,
        "機車數": 20.0,
        "type": "停車場"
      },
      "geometry": {
        "type": "Point",
        "coordinates": [
          121.5345625,
          25.0264562
        ]
      }
    },
    {
      "type": "Feature",
      "properties": {
        "城市": "taipei",
        "學校名稱": "臺北市大安區建安國民小學",
        "汽車數": 30,
        "機車數": 0.0,
        "type": "停車場"
      },
      "geometry": {
        "type": "Point",
        "coordinates": [
          121.5345625,
          25.0264562
        ]
      }
    },
    {
      "type": "Feature",
      "properties": {
        "城市": "taipei",
        "學校名稱": "臺北市大安區仁愛國民小學",
        "汽車數": 20,
        "機車數": 20.0,
        "type": "停車場"
      },
      "geometry": {
        "type": "Point",
        "coordinates": [
          121.5345625,
          25.0264562
        ]
      }
    },
    {
      "type": "Feature",
      "properties": {
        "城市": "taipei",
        "學校名稱": "臺北市大安區古亭國民小學",
        "汽車數": 29,
        "機車數": 19.0,
        "type": "停車場"
      },
      "geometry": {
        "type": "Point",
        "coordinates": [
          121.5345625,
          25.0264562
        ]
      }
    },
    {
      "type": "Feature",
      "properties": {
        "城市": "taipei",
        "學校名稱": "臺北市立中山女子高級中學",
        "汽車數": 15,
        "機車數": 10.0,
        "type": "停車場"
      },
      "geometry": {
        "type": "Point",
        "coordinates": [
          121.5661857,
          25.0383099
        ]
      }
    },
    {
      "type": "Feature",
      "properties": {
        "城市": "taipei",
        "學校名稱": "臺北市立大同高級中學",
        "汽車數": 63,
        "機車數": 50.0,
        "type": "停車場"
      },
      "geometry": {
        "type": "Point",
        "coordinates": [
          121.5661857,
          25.0383099
        ]
      }
    },
    {
      "type": "Feature",
      "properties": {
        "城市": "taipei",
        "學校名稱": "臺北市立北安國民中學",
        "汽車數": 49,
        "機車數": 38.0,
        "type": "停車場"
      },
      "geometry": {
        "type": "Point",
        "coordinates": [
          121.5661857,
          25.0383099
        ]
      }
    },
    {
      "type": "Feature",
      "properties": {
        "城市": "taipei",
        "學校名稱": "臺北市立新興國民中學",
        "汽車數": 22,
        "機車數": 12.0,
        "type": "停車場"
      },
      "geometry": {
        "type": "Point",
        "coordinates": [
          121.589941,
          24.98675
        ]
      }
    },
    {
      "type": "Feature",
      "properties": {
        "城市": "taipei",
        "學校名稱": "臺北市中山區中正國民小學",
        "汽車數": 22,
        "機車數": 10.0,
        "type": "停車場"
      },
      "geometry": {
        "type": "Point",
        "coordinates": [
          121.5336277,
          25.0642508
        ]
      }
    },
    {
      "type": "Feature",
      "properties": {
        "城市": "taipei",
        "學校名稱": "臺北市立建國高級中學",
        "汽車數": 30,
        "機車數": 30.0,
        "type": "停車場"
      },
      "geometry": {
        "type": "Point",
        "coordinates": [
          121.5661857,
          25.0383099
        ]
      }
    },
    {
      "type": "Feature",
      "properties": {
        "城市": "taipei",
        "學校名稱": "臺北市立螢橋國民中學",
        "汽車數": 32,
        "機車數": 15.0,
        "type": "停車場"
      },
      "geometry": {
        "type": "Point",
        "coordinates": [
          121.5661857,
          25.0383099
        ]
      }
    },
    {
      "type": "Feature",
      "properties": {
        "城市": "taipei",
        "學校名稱": "臺北市立南門國民中學",
        "汽車數": 20,
        "機車數": 50.0,
        "type": "停車場"
      },
      "geometry": {
        "type": "Point",
        "coordinates": [
          121.5661857,
          25.0383099
        ]
      }
    },
    {
      "type": "Feature",
      "properties": {
        "城市": "taipei",
        "學校名稱": "臺北市立弘道國民中學",
        "汽車數": 26,
        "機車數": 40.0,
        "type": "停車場"
      },
      "geometry": {
        "type": "Point",
        "coordinates": [
          121.5661857,
          25.0383099
        ]
      }
    },
    {
      "type": "Feature",
      "properties": {
        "城市": "taipei",
        "學校名稱": "臺北市中正區螢橋國民小學",
        "汽車數": 28,
        "機車數": 30.0,
        "type": "停車場"
      },
      "geometry": {
        "type": "Point",
        "coordinates": [
          121.5182346,
          25.0324135
        ]
      }
    },
    {
      "type": "Feature",
      "properties": {
        "城市": "taipei",
        "學校名稱": "臺北市中正區東門國民小學",
        "汽車數": 43,
        "機車數": 30.0,
        "type": "停車場"
      },
      "geometry": {
        "type": "Point",
        "coordinates": [
          121.5182346,
          25.0324135
        ]
      }
    },
    {
      "type": "Feature",
      "properties": {
        "城市": "taipei",
        "學校名稱": "臺北市立明倫高級中學",
        "汽車數": 2,
        "機車數": 0.0,
        "type": "停車場"
      },
      "geometry": {
        "type": "Point",
        "coordinates": [
          121.5661857,
          25.0383099
        ]
      }
    },
    {
      "type": "Feature",
      "properties": {
        "城市": "taipei",
        "學校名稱": "臺北市立成淵高級中學",
        "汽車數": 6,
        "機車數": 46.0,
        "type": "停車場"
      },
      "geometry": {
        "type": "Point",
        "coordinates": [
          121.5661857,
          25.0383099
        ]
      }
    },
    {
      "type": "Feature",
      "properties": {
        "城市": "taipei",
        "學校名稱": "臺北市立忠孝國民中學",
        "汽車數": 22,
        "機車數": 33.0,
        "type": "停車場"
      },
      "geometry": {
        "type": "Point",
        "coordinates": [
          121.5661857,
          25.0383099
        ]
      }
    },
    {
      "type": "Feature",
      "properties": {
        "城市": "taipei",
        "學校名稱": "臺北市立民權國民中學",
        "汽車數": 20,
        "機車數": 25.0,
        "type": "停車場"
      },
      "geometry": {
        "type": "Point",
        "coordinates": [
          121.5661857,
          25.0383099
        ]
      }
    },
    {
      "type": "Feature",
      "properties": {
        "城市": "taipei",
        "學校名稱": "臺北市立蘭州國民中學",
        "汽車數": 18,
        "機車數": 0.0,
        "type": "停車場"
      },
      "geometry": {
        "type": "Point",
        "coordinates": [
          121.5661857,
          25.0383099
        ]
      }
    },
    {
      "type": "Feature",
      "properties": {
        "城市": "taipei",
        "學校名稱": "臺北市立重慶國民中學",
        "汽車數": 25,
        "機車數": 45.0,
        "type": "停車場"
      },
      "geometry": {
        "type": "Point",
        "coordinates": [
          121.5661857,
          25.0383099
        ]
      }
    },
    {
      "type": "Feature",
      "properties": {
        "城市": "taipei",
        "學校名稱": "臺北市大同區太平國民小學",
        "汽車數": 8,
        "機車數": 18.0,
        "type": "停車場"
      },
      "geometry": {
        "type": "Point",
        "coordinates": [
          121.5153661,
          25.0660564
        ]
      }
    },
    {
      "type": "Feature",
      "properties": {
        "城市": "taipei",
        "學校名稱": "臺北市大同區大同國民小學",
        "汽車數": 23,
        "機車數": 15.0,
        "type": "停車場"
      },
      "geometry": {
        "type": "Point",
        "coordinates": [
          121.5153661,
          25.0660564
        ]
      }
    },
    {
      "type": "Feature",
      "properties": {
        "城市": "taipei",
        "學校名稱": "臺北市大同區大橋國民小學",
        "汽車數": 24,
        "機車數": 18.0,
        "type": "停車場"
      },
      "geometry": {
        "type": "Point",
        "coordinates": [
          121.5153661,
          25.0660564
        ]
      }
    },
    {
      "type": "Feature",
      "properties": {
        "城市": "taipei",
        "學校名稱": "臺北市立華江高級中學",
        "汽車數": 64,
        "機車數": 30.0,
        "type": "停車場"
      },
      "geometry": {
        "type": "Point",
        "coordinates": [
          121.5661857,
          25.0383099
        ]
      }
    },
    {
      "type": "Feature",
      "properties": {
        "城市": "taipei",
        "學校名稱": "臺北市立大理高級中學",
        "汽車數": 38,
        "機車數": 50.0,
        "type": "停車場"
      },
      "geometry": {
        "type": "Point",
        "coordinates": [
          121.5661857,
          25.0383099
        ]
      }
    },
    {
      "type": "Feature",
      "properties": {
        "城市": "taipei",
        "學校名稱": "臺北市立龍山國民中學",
        "汽車數": 24,
        "機車數": 35.0,
        "type": "停車場"
      },
      "geometry": {
        "type": "Point",
        "coordinates": [
          121.5661857,
          25.0383099
        ]
      }
    },
    {
      "type": "Feature",
      "properties": {
        "城市": "taipei",
        "學校名稱": "臺北市萬華區西門國民小學",
        "汽車數": 30,
        "機車數": 20.0,
        "type": "停車場"
      },
      "geometry": {
        "type": "Point",
        "coordinates": [
          121.4998912,
          25.0348867
        ]
      }
    },
    {
      "type": "Feature",
      "properties": {
        "城市": "taipei",
        "學校名稱": "臺北市萬華區龍山國民小學",
        "汽車數": 30,
        "機車數": 22.0,
        "type": "停車場"
      },
      "geometry": {
        "type": "Point",
        "coordinates": [
          121.4998912,
          25.0348867
        ]
      }
    },
    {
      "type": "Feature",
      "properties": {
        "城市": "taipei",
        "學校名稱": "臺北市立萬芳高級中學",
        "汽車數": 72,
        "機車數": 91.0,
        "type": "停車場"
      },
      "geometry": {
        "type": "Point",
        "coordinates": [
          121.5661857,
          25.0383099
        ]
      }
    },
    {
      "type": "Feature",
      "properties": {
        "城市": "taipei",
        "學校名稱": "臺北市立木柵高級工業職業學校",
        "汽車數": 80,
        "機車數": 0.0,
        "type": "停車場"
      },
      "geometry": {
        "type": "Point",
        "coordinates": [
          121.5661857,
          25.0383099
        ]
      }
    },
    {
      "type": "Feature",
      "properties": {
        "城市": "taipei",
        "學校名稱": "臺北市立木柵國民中學",
        "汽車數": 30,
        "機車數": 30.0,
        "type": "停車場"
      },
      "geometry": {
        "type": "Point",
        "coordinates": [
          121.5661857,
          25.0383099
        ]
      }
    },
    {
      "type": "Feature",
      "properties": {
        "城市": "taipei",
        "學校名稱": "臺北市立北政國民中學",
        "汽車數": 20,
        "機車數": 10.0,
        "type": "停車場"
      },
      "geometry": {
        "type": "Point",
        "coordinates": [
          121.5661857,
          25.0383099
        ]
      }
    },
    {
      "type": "Feature",
      "properties": {
        "城市": "taipei",
        "學校名稱": "臺北市立興福國民中學",
        "汽車數": 27,
        "機車數": 60.0,
        "type": "停車場"
      },
      "geometry": {
        "type": "Point",
        "coordinates": [
          121.5661857,
          25.0383099
        ]
      }
    },
    {
      "type": "Feature",
      "properties": {
        "城市": "taipei",
        "學校名稱": "臺北市文山區興華國民小學",
        "汽車數": 14,
        "機車數": 10.0,
        "type": "停車場"
      },
      "geometry": {
        "type": "Point",
        "coordinates": [
          121.5702959,
          24.9894668
        ]
      }
    },
    {
      "type": "Feature",
      "properties": {
        "城市": "taipei",
        "學校名稱": "臺北市立南港高級工業職業學校",
        "汽車數": 156,
        "機車數": 87.0,
        "type": "停車場"
      },
      "geometry": {
        "type": "Point",
        "coordinates": [
          121.5661857,
          25.0383099
        ]
      }
    },
    {
      "type": "Feature",
      "properties": {
        "城市": "taipei",
        "學校名稱": "臺北市立成德國民中學",
        "汽車數": 41,
        "機車數": 60.0,
        "type": "停車場"
      },
      "geometry": {
        "type": "Point",
        "coordinates": [
          121.5661857,
          25.0383099
        ]
      }
    },
    {
      "type": "Feature",
      "properties": {
        "城市": "taipei",
        "學校名稱": "臺北市立麗山高級中學",
        "汽車數": 80,
        "機車數": 60.0,
        "type": "停車場"
      },
      "geometry": {
        "type": "Point",
        "coordinates": [
          121.5661857,
          25.0383099
        ]
      }
    },
    {
      "type": "Feature",
      "properties": {
        "城市": "taipei",
        "學校名稱": "臺北市立內湖高級工業職業學校",
        "汽車數": 44,
        "機車數": 60.0,
        "type": "停車場"
      },
      "geometry": {
        "type": "Point",
        "coordinates": [
          121.5661857,
          25.0383099
        ]
      }
    },
    {
      "type": "Feature",
      "properties": {
        "城市": "taipei",
        "學校名稱": "臺北市立內湖國民中學",
        "汽車數": 65,
        "機車數": 30.0,
        "type": "停車場"
      },
      "geometry": {
        "type": "Point",
        "coordinates": [
          121.5661857,
          25.0383099
        ]
      }
    },
    {
      "type": "Feature",
      "properties": {
        "城市": "taipei",
        "學校名稱": "臺北市立麗山國民中學",
        "汽車數": 50,
        "機車數": 52.0,
        "type": "停車場"
      },
      "geometry": {
        "type": "Point",
        "coordinates": [
          121.5661857,
          25.0383099
        ]
      }
    },
    {
      "type": "Feature",
      "properties": {
        "城市": "taipei",
        "學校名稱": "臺北市立三民國民中學",
        "汽車數": 60,
        "機車數": 40.0,
        "type": "停車場"
      },
      "geometry": {
        "type": "Point",
        "coordinates": [
          121.5661857,
          25.0383099
        ]
      }
    },
    {
      "type": "Feature",
      "properties": {
        "城市": "taipei",
        "學校名稱": "臺北市立西湖國民中學",
        "汽車數": 28,
        "機車數": 35.0,
        "type": "停車場"
      },
      "geometry": {
        "type": "Point",
        "coordinates": [
          121.5665993,
          25.0826407
        ]
      }
    },
    {
      "type": "Feature",
      "properties": {
        "城市": "taipei",
        "學校名稱": "臺北市內湖區碧湖國民小學",
        "汽車數": 33,
        "機車數": 30.0,
        "type": "停車場"
      },
      "geometry": {
        "type": "Point",
        "coordinates": [
          121.5888703,
          25.0695059
        ]
      }
    },
    {
      "type": "Feature",
      "properties": {
        "城市": "taipei",
        "學校名稱": "臺北市內湖區康寧國民小學",
        "汽車數": 15,
        "機車數": 20.0,
        "type": "停車場"
      },
      "geometry": {
        "type": "Point",
        "coordinates": [
          121.5888703,
          25.0695059
        ]
      }
    },
    {
      "type": "Feature",
      "properties": {
        "城市": "taipei",
        "學校名稱": "臺北市立陽明高級中學",
        "汽車數": 55,
        "機車數": 60.0,
        "type": "停車場"
      },
      "geometry": {
        "type": "Point",
        "coordinates": [
          121.5661857,
          25.0383099
        ]
      }
    },
    {
      "type": "Feature",
      "properties": {
        "城市": "taipei",
        "學校名稱": "臺北市立士林高級商業職業學校",
        "汽車數": 49,
        "機車數": 96.0,
        "type": "停車場"
      },
      "geometry": {
        "type": "Point",
        "coordinates": [
          121.5256971,
          25.0950356
        ]
      }
    },
    {
      "type": "Feature",
      "properties": {
        "城市": "taipei",
        "學校名稱": "臺北市立士林國民中學",
        "汽車數": 17,
        "機車數": 10.0,
        "type": "停車場"
      },
      "geometry": {
        "type": "Point",
        "coordinates": [
          121.5256971,
          25.0950356
        ]
      }
    },
    {
      "type": "Feature",
      "properties": {
        "城市": "taipei",
        "學校名稱": "臺北市立蘭雅國民中學",
        "汽車數": 30,
        "機車數": 35.0,
        "type": "停車場"
      },
      "geometry": {
        "type": "Point",
        "coordinates": [
          121.5661857,
          25.0383099
        ]
      }
    },
    {
      "type": "Feature",
      "properties": {
        "城市": "taipei",
        "學校名稱": "臺北市立至善國民中學",
        "汽車數": 22,
        "機車數": 20.0,
        "type": "停車場"
      },
      "geometry": {
        "type": "Point",
        "coordinates": [
          121.5661857,
          25.0383099
        ]
      }
    },
    {
      "type": "Feature",
      "properties": {
        "城市": "taipei",
        "學校名稱": "臺北市立格致國民中學",
        "汽車數": 19,
        "機車數": 10.0,
        "type": "停車場"
      },
      "geometry": {
        "type": "Point",
        "coordinates": [
          121.5661857,
          25.0383099
        ]
      }
    },
    {
      "type": "Feature",
      "properties": {
        "城市": "taipei",
        "學校名稱": "臺北市立天母國民中學",
        "汽車數": 43,
        "機車數": 0.0,
        "type": "停車場"
      },
      "geometry": {
        "type": "Point",
        "coordinates": [
          121.526571,
          25.118723
        ]
      }
    },
    {
      "type": "Feature",
      "properties": {
        "城市": "taipei",
        "學校名稱": "臺北市士林區社子國民小學",
        "汽車數": 35,
        "機車數": 30.0,
        "type": "停車場"
      },
      "geometry": {
        "type": "Point",
        "coordinates": [
          121.507192,
          25.090625
        ]
      }
    },
    {
      "type": "Feature",
      "properties": {
        "城市": "taipei",
        "學校名稱": "臺北市士林區富安國民小學",
        "汽車數": 12,
        "機車數": 12.0,
        "type": "停車場"
      },
      "geometry": {
        "type": "Point",
        "coordinates": [
          121.5198273,
          25.0928568
        ]
      }
    },
    {
      "type": "Feature",
      "properties": {
        "城市": "taipei",
        "學校名稱": "臺北市立中正高級中學",
        "汽車數": 80,
        "機車數": 72.0,
        "type": "停車場"
      },
      "geometry": {
        "type": "Point",
        "coordinates": [
          121.5661857,
          25.0383099
        ]
      }
    },
    {
      "type": "Feature",
      "properties": {
        "城市": "taipei",
        "學校名稱": "臺北市立新民國民中學",
        "汽車數": 30,
        "機車數": 50.0,
        "type": "停車場"
      },
      "geometry": {
        "type": "Point",
        "coordinates": [
          121.5661857,
          25.0383099
        ]
      }
    },
    {
      "type": "Feature",
      "properties": {
        "城市": "taipei",
        "學校名稱": "臺北市立明德國民中學",
        "汽車數": 4,
        "機車數": 5.0,
        "type": "停車場"
      },
      "geometry": {
        "type": "Point",
        "coordinates": [
          121.5661857,
          25.0383099
        ]
      }
    },
    {
      "type": "Feature",
      "properties": {
        "城市": "taipei",
        "學校名稱": "臺北市立桃源國民中學",
        "汽車數": 43,
        "機車數": 15.0,
        "type": "停車場"
      },
      "geometry": {
        "type": "Point",
        "coordinates": [
          121.5661857,
          25.0383099
        ]
      }
    },
    {
      "type": "Feature",
      "properties": {
        "城市": "taipei",
        "學校名稱": "臺北市立石牌國民中學",
        "汽車數": 41,
        "機車數": 40.0,
        "type": "停車場"
      },
      "geometry": {
        "type": "Point",
        "coordinates": [
          121.50648,
          25.117751
        ]
      }
    },
    {
      "type": "Feature",
      "properties": {
        "城市": "taipei",
        "學校名稱": "臺北市北投區石牌國民小學",
        "汽車數": 23,
        "機車數": 30.0,
        "type": "停車場"
      },
      "geometry": {
        "type": "Point",
        "coordinates": [
          121.50648,
          25.117751
        ]
      }
    },
    {
      "type": "Feature",
      "properties": {
        "城市": "taipei",
        "學校名稱": "臺北市北投區桃源國民小學",
        "汽車數": 18,
        "機車數": 19.0,
        "type": "停車場"
      },
      "geometry": {
        "type": "Point",
        "coordinates": [
          121.5026806,
          25.1323027
        ]
      }
    }
  ]
}